PassengerId,HomePlanet,CryoSleep,Cabin,Destination,Age,VIP,RoomService,FoodCourt,ShoppingMall,Spa,VRDeck,Name,Transported
0001_01,Europa,True,F/71/P,TRAPPIST-1e,33.0,False,0,0,0,0,0,Jordan Benson,True
0001_02,Mars,True,D/9/P,TRAPPIST-1e,26.6,False,0,0,0,0,0,Priya Kaur,True
0002_01,Mars,True,F/180/S,TRAPPIST-1e,34.5,False,0,0,0,0,0,Kai Vega,False
0002_02,Earth,False,B/179/S,TRAPPIST-1e,43.2,False,121,466,1238,330,1482,Remy Vivaldi,False
0003_01,Earth,True,D/25/S,TRAPPIST-1e,30.8,False,0,0,0,0,0,Mila Benson,True
0003_02,Mars,True,D/21/S,PSO J318.5-22,38.1,False,0,0,0,0,0,Nova Stark,True
0004_01,Europa,True,F/59/S,TRAPPIST-1e,22.2,False,0,0,0,0,0,Jordan Benson,True
0004_02,Mars,False,C/42/S,TRAPPIST-1e,22.7,False,276,1184,459,1337,21,Kai Vega,False
0005_01,Europa,False,E/163/P,55 Cancri e,3.6,False,1499,699,975,189,957,Lara Xel'Naga,False
0005_02,Earth,False,F/177/P,PSO J318.5-22,34.0,False,686,957,562,1267,831,Mila Benson,True
0006_01,Earth,False,D/69/P,TRAPPIST-1e,39.3,False,646,20,840,166,1297,Hiro Tanaka,False
0006_02,Earth,True,D/102/S,TRAPPIST-1e,27.0,False,0,0,0,0,0,Remy Vivaldi,True
0007_01,Mars,True,E/110/S,TRAPPIST-1e,22.0,False,0,0,0,0,0,Lara Xel'Naga,True
0007_02,Earth,False,G/29/P,PSO J318.5-22,37.5,False,564,897,1363,91,1390,Aria Lin,False
0008_01,Earth,False,E/120/S,55 Cancri e,37.5,False,775,34,205,1104,1411,Mila Benson,False
0008_02,Earth,False,E/193/S,PSO J318.5-22,43.8,False,1025,1021,1413,565,1129,Jordan Benson,True
0009_01,Earth,False,F/185/S,55 Cancri e,23.4,False,401,729,161,201,995,Priya Kaur,False
0009_02,Europa,True,F/130/P,TRAPPIST-1e,28.7,False,0,0,0,0,0,Lara Xel'Naga,True
0010_01,Europa,False,A/154/S,55 Cancri e,35.4,True,455,1485,1275,1016,295,Nova Stark,False
0010_02,Earth,True,B/146/P,TRAPPIST-1e,29.7,False,0,0,0,0,0,Jordan Benson,False
0011_01,Mars,False,B/169/S,55 Cancri e,32.7,False,878,1076,791,216,763,Priya Kaur,False
0011_02,Mars,False,E/194/P,PSO J318.5-22,34.6,False,187,379,492,1064,1180,Aria Lin,False
0012_01,Mars,False,D/31/P,TRAPPIST-1e,33.8,False,418,288,378,230,1017,Mila Benson,False
0012_02,Earth,False,A/19/P,TRAPPIST-1e,36.9,False,40,1051,134,200,779,Mila Benson,False
0013_01,Earth,False,C/172/S,TRAPPIST-1e,23.2,False,406,804,98,683,725,Ethan Zhao,False
0013_02,Europa,False,B/122/S,TRAPPIST-1e,26.1,False,960,612,1485,642,1028,Aria Lin,False
0014_01,Mars,False,G/187/P,PSO J318.5-22,43.0,False,870,794,392,206,1038,Aria Lin,True
0014_02,Mars,False,G/28/P,TRAPPIST-1e,31.4,False,891,1484,863,742,1264,Ilya Komarov,True
0015_01,Earth,True,B/20/S,55 Cancri e,28.9,False,0,0,0,0,0,Aria Lin,False
0015_02,Earth,False,G/61/P,55 Cancri e,8.1,False,484,1430,230,748,1194,Remy Vivaldi,False
0016_01,Earth,True,A/100/S,55 Cancri e,44.2,False,0,0,0,0,0,Ethan Zhao,False
0016_02,Mars,False,D/40/P,TRAPPIST-1e,36.2,False,577,681,556,1012,645,Mila Benson,False
0017_01,Mars,True,C/15/P,55 Cancri e,13.2,False,0,0,0,0,0,Priya Kaur,True
0017_02,Mars,True,B/18/P,PSO J318.5-22,25.7,False,0,0,0,0,0,Leo Stark,True
0018_01,Mars,True,E/11/P,55 Cancri e,37.6,False,0,0,0,0,0,Hiro Tanaka,True
0018_02,Earth,True,F/81/P,TRAPPIST-1e,25.9,False,0,0,0,0,0,Aria Lin,True
0019_01,Mars,False,G/19/P,55 Cancri e,20.3,False,1496,1254,189,1248,1408,Hiro Tanaka,False
0019_02,Earth,False,E/68/P,TRAPPIST-1e,24.4,False,1400,1306,632,627,972,Remy Vivaldi,False
0020_01,Earth,False,E/181/S,PSO J318.5-22,1.4,False,1248,1257,683,663,1397,Aria Lin,False
0020_02,Europa,False,C/170/P,TRAPPIST-1e,31.5,False,1495,1256,1136,441,563,Jordan Benson,False
0021_01,Earth,True,E/54/S,TRAPPIST-1e,36.2,False,0,0,0,0,0,Kai Vega,True
0021_02,Earth,False,G/14/P,PSO J318.5-22,17.5,False,1410,1136,951,1104,698,Kai Vega,True
0022_01,Earth,False,F/68/P,PSO J318.5-22,28.6,False,854,1248,384,1426,1153,Ethan Zhao,False
0022_02,Earth,True,F/39/P,TRAPPIST-1e,52.6,False,0,0,0,0,0,Lara Xel'Naga,True
0023_01,Earth,False,G/11/S,TRAPPIST-1e,3.0,False,1439,246,835,1462,202,Aria Lin,True
0023_02,Europa,False,G/105/P,TRAPPIST-1e,42.8,False,1207,122,400,766,293,Lara Xel'Naga,False
0024_01,Earth,True,C/106/P,TRAPPIST-1e,42.0,False,0,0,0,0,0,Ethan Zhao,True
0024_02,Earth,False,B/52/S,TRAPPIST-1e,14.0,False,197,981,751,143,608,Remy Vivaldi,True
0025_01,Europa,True,C/72/P,PSO J318.5-22,28.3,False,0,0,0,0,0,Aria Lin,True
0025_02,Europa,False,E/85/P,TRAPPIST-1e,16.0,False,463,1372,659,763,954,Kai Vega,True
0026_01,Earth,True,E/112/S,PSO J318.5-22,35.2,False,0,0,0,0,0,Leo Stark,True
0026_02,Mars,True,E/49/S,TRAPPIST-1e,18.5,False,0,0,0,0,0,Mila Benson,True
0027_01,Mars,False,F/189/P,TRAPPIST-1e,22.6,False,488,928,550,337,871,Aria Lin,False
0027_02,Europa,False,G/32/S,55 Cancri e,39.0,False,640,472,150,1438,1321,Leo Stark,False
0028_01,Europa,True,B/50/S,PSO J318.5-22,36.1,False,0,0,0,0,0,Aria Lin,True
0028_02,Earth,False,C/104/P,TRAPPIST-1e,15.7,False,345,623,1016,880,1,Leo Stark,False
0029_01,Europa,False,D/114/S,PSO J318.5-22,38.0,False,1014,8,1256,1122,815,Ilya Komarov,False
0029_02,Europa,True,A/73/S,TRAPPIST-1e,29.5,False,0,0,0,0,0,Remy Vivaldi,True
0030_01,Earth,False,B/7/P,TRAPPIST-1e,29.1,False,53,1143,627,586,1443,Hiro Tanaka,False
0030_02,Earth,False,F/148/P,PSO J318.5-22,29.1,False,1445,103,253,1250,1135,Ilya Komarov,False
0031_01,Earth,False,A/193/P,PSO J318.5-22,30.9,False,913,877,337,821,1186,Lara Xel'Naga,False
0031_02,Europa,False,A/143/P,TRAPPIST-1e,20.9,False,956,160,800,397,1300,Ilya Komarov,False
0032_01,Mars,False,G/114/S,55 Cancri e,23.4,False,1415,1158,1218,400,639,Lara Xel'Naga,False
0032_02,Mars,False,G/64/S,PSO J318.5-22,16.9,False,1056,687,459,954,469,Ilya Komarov,False
0033_01,Earth,False,F/74/P,TRAPPIST-1e,19.1,False,37,229,1388,562,437,Priya Kaur,True
0033_02,Earth,True,F/40/P,TRAPPIST-1e,19.8,False,0,0,0,0,0,Nova Stark,True
0034_01,Mars,True,G/108/S,PSO J318.5-22,26.6,False,0,0,0,0,0,Ethan Zhao,True
0034_02,Europa,False,D/2/S,TRAPPIST-1e,36.7,False,1300,797,283,878,959,Leo Stark,False
0035_01,Europa,False,E/57/S,TRAPPIST-1e,24.3,False,815,658,546,1215,1072,Ilya Komarov,True
0035_02,Earth,False,G/104/P,55 Cancri e,33.0,False,16,1195,1243,157,476,Hiro Tanaka,False
0036_01,Mars,False,F/7/P,PSO J318.5-22,34.1,False,1060,279,1372,496,301,Ilya Komarov,True
0036_02,Earth,False,B/117/S,TRAPPIST-1e,24.5,False,180,606,1122,699,992,Leo Stark,True
0037_01,Mars,True,A/121/P,PSO J318.5-22,25.8,False,0,0,0,0,0,Nova Stark,True
0037_02,Earth,False,F/11/P,TRAPPIST-1e,23.2,False,927,1184,1279,1346,127,Mila Benson,False
0038_01,Earth,True,F/30/P,55 Cancri e,14.6,False,0,0,0,0,0,Nova Stark,True
0038_02,Europa,False,F/30/P,TRAPPIST-1e,11.8,False,565,569,1346,685,625,Mila Benson,False
0039_01,Europa,False,D/102/P,TRAPPIST-1e,28.6,False,1409,784,1127,1416,245,Aria Lin,True
0039_02,Europa,False,G/176/P,55 Cancri e,16.6,False,1199,1062,758,537,920,Nova Stark,False
0040_01,Europa,False,E/166/S,TRAPPIST-1e,20.7,False,902,35,684,19,320,Ilya Komarov,True
0040_02,Mars,False,G/118/P,55 Cancri e,30.0,False,511,399,653,971,470,Priya Kaur,False
0041_01,Earth,False,E/199/S,55 Cancri e,28.7,False,726,853,50,574,1213,Ethan Zhao,False
0041_02,Earth,False,G/23/S,55 Cancri e,23.9,False,1148,149,313,569,1365,Ilya Komarov,False
0042_01,Europa,False,A/127/S,TRAPPIST-1e,31.5,False,612,992,263,1076,1003,Nova Stark,False
0042_02,Earth,True,E/180/S,55 Cancri e,9.2,True,0,0,0,0,0,Remy Vivaldi,True
0043_01,Europa,False,E/195/P,PSO J318.5-22,27.5,False,773,876,991,883,1373,Ethan Zhao,False
0043_02,Earth,True,B/104/P,TRAPPIST-1e,33.2,False,0,0,0,0,0,Nova Stark,True
0044_01,Mars,False,F/141/S,TRAPPIST-1e,49.4,False,655,268,369,635,1129,Kai Vega,False
0044_02,Earth,True,B/81/P,PSO J318.5-22,34.3,False,0,0,0,0,0,Ethan Zhao,True
0045_01,Earth,False,C/186/S,TRAPPIST-1e,38.5,False,830,1081,1369,740,1497,Kai Vega,True
0045_02,Earth,False,F/137/P,TRAPPIST-1e,21.7,True,116,790,1150,1416,1012,Mila Benson,False
0046_01,Europa,False,F/193/S,TRAPPIST-1e,12.5,False,1141,559,487,1260,896,Hiro Tanaka,True
0046_02,Mars,False,B/14/S,55 Cancri e,24.6,False,1295,1212,703,1470,580,Jordan Benson,False
0047_01,Earth,False,F/14/P,TRAPPIST-1e,14.7,False,1099,153,1458,996,1109,Kai Vega,True
0047_02,Earth,True,G/107/P,PSO J318.5-22,46.4,False,0,0,0,0,0,Ilya Komarov,False
0048_01,Earth,False,D/79/P,PSO J318.5-22,32.4,False,1227,911,217,473,431,Jordan Benson,False
0048_02,Earth,False,C/170/P,TRAPPIST-1e,35.7,False,340,550,1312,1277,356,Priya Kaur,True
0049_01,Earth,False,F/153/S,TRAPPIST-1e,44.3,True,1123,801,1203,1246,761,Kai Vega,False
0049_02,Europa,False,A/176/P,TRAPPIST-1e,13.7,False,441,768,1015,1348,515,Aria Lin,False
0050_01,Earth,False,E/58/P,TRAPPIST-1e,33.7,False,257,496,895,159,1498,Jordan Benson,True
0050_02,Earth,False,G/146/S,55 Cancri e,29.5,False,851,689,379,956,690,Ethan Zhao,False
0051_01,Mars,False,E/139/S,55 Cancri e,32.5,False,1440,1191,1066,284,396,Mila Benson,False
0051_02,Europa,False,C/7/P,TRAPPIST-1e,39.4,False,11,1325,1276,498,753,Hiro Tanaka,False
0052_01,Earth,False,F/69/P,PSO J318.5-22,23.1,False,775,604,969,1021,417,Ilya Komarov,False
0052_02,Mars,False,B/150/S,PSO J318.5-22,30.1,False,114,616,1219,825,1098,Jordan Benson,False
0053_01,Mars,False,F/27/P,TRAPPIST-1e,31.6,False,1300,1020,760,675,1417,Ilya Komarov,True
0053_02,Mars,False,E/10/S,TRAPPIST-1e,33.8,False,456,919,191,738,1122,Nova Stark,True
0054_01,Europa,False,E/1/S,55 Cancri e,10.1,False,95,662,1213,36,1392,Priya Kaur,False
0054_02,Europa,False,D/195/P,TRAPPIST-1e,15.8,False,278,216,866,872,1296,Lara Xel'Naga,False
0055_01,Mars,False,D/32/P,PSO J318.5-22,24.7,False,728,1365,396,698,1042,Remy Vivaldi,False
0055_02,Earth,False,E/105/P,TRAPPIST-1e,60.5,False,176,395,444,1256,75,Jordan Benson,False
0056_01,Earth,False,B/128/S,55 Cancri e,31.9,False,734,1407,850,1390,143,Leo Stark,False
0056_02,Mars,True,E/38/S,TRAPPIST-1e,26.8,False,0,0,0,0,0,Priya Kaur,True
0057_01,Earth,False,C/198/S,TRAPPIST-1e,10.1,False,1048,947,890,1492,1174,Priya Kaur,True
0057_02,Earth,True,C/151/S,TRAPPIST-1e,23.5,False,0,0,0,0,0,Ilya Komarov,True
0058_01,Mars,False,D/117/S,TRAPPIST-1e,24.6,False,1065,1209,934,397,1246,Remy Vivaldi,False
0058_02,Earth,False,D/12/S,PSO J318.5-22,30.5,False,633,1156,1186,1238,732,Leo Stark,False
0059_01,Europa,False,F/39/S,TRAPPIST-1e,19.7,False,587,1032,1097,953,491,Hiro Tanaka,False
0059_02,Earth,False,D/26/S,TRAPPIST-1e,24.8,False,912,1276,1253,1197,1191,Leo Stark,False
0060_01,Earth,True,G/68/S,PSO J318.5-22,23.3,False,0,0,0,0,0,Aria Lin,True
0060_02,Earth,False,G/137/S,TRAPPIST-1e,30.3,False,1188,1445,338,1388,1365,Ilya Komarov,False
0061_01,Earth,False,B/162/S,TRAPPIST-1e,20.8,False,444,875,1205,166,90,Leo Stark,False
0061_02,Europa,False,G/26/S,TRAPPIST-1e,25.9,False,713,38,1149,1474,172,Mila Benson,True
0062_01,Earth,True,C/111/P,TRAPPIST-1e,27.8,False,0,0,0,0,0,Hiro Tanaka,True
0062_02,Earth,True,A/157/S,PSO J318.5-22,25.1,False,0,0,0,0,0,Ilya Komarov,False
0063_01,Earth,True,F/66/S,TRAPPIST-1e,31.2,False,0,0,0,0,0,Ilya Komarov,False
0063_02,Europa,False,A/114/S,55 Cancri e,19.7,False,1024,386,347,189,504,Leo Stark,False
0064_01,Mars,False,B/99/S,TRAPPIST-1e,13.5,False,823,928,933,1140,133,Hiro Tanaka,False
0064_02,Earth,False,C/6/S,TRAPPIST-1e,19.6,True,57,684,671,172,814,Aria Lin,False
0065_01,Earth,False,F/128/S,PSO J318.5-22,28.7,False,202,763,1252,1250,1464,Hiro Tanaka,False
0065_02,Earth,False,E/65/P,PSO J318.5-22,37.8,False,1425,46,1256,1328,1166,Aria Lin,False
0066_01,Earth,False,A/149/S,PSO J318.5-22,49.5,False,1282,655,470,970,1035,Kai Vega,False
0066_02,Mars,True,B/139/S,55 Cancri e,20.3,False,0,0,0,0,0,Kai Vega,False
0067_01,Earth,False,D/76/S,TRAPPIST-1e,19.2,False,372,1031,1145,1371,675,Jordan Benson,True
0067_02,Earth,False,F/173/S,55 Cancri e,25.7,False,89,697,1339,1201,539,Leo Stark,True
0068_01,Mars,True,C/173/S,55 Cancri e,8.9,False,0,0,0,0,0,Aria Lin,False
0068_02,Earth,False,D/7/S,PSO J318.5-22,31.6,False,460,731,751,924,908,Jordan Benson,False
0069_01,Mars,False,C/167/S,TRAPPIST-1e,14.8,False,823,797,1265,1274,876,Mila Benson,False
0069_02,Mars,True,B/138/P,TRAPPIST-1e,46.3,False,0,0,0,0,0,Aria Lin,False
0070_01,Europa,False,D/151/P,55 Cancri e,24.9,False,373,1088,145,223,1262,Ilya Komarov,False
0070_02,Earth,True,C/56/S,55 Cancri e,16.3,False,0,0,0,0,0,Nova Stark,True
0071_01,Europa,False,F/92/P,TRAPPIST-1e,31.0,False,62,1240,826,794,688,Jordan Benson,False
0071_02,Mars,True,B/165/P,TRAPPIST-1e,17.0,False,0,0,0,0,0,Remy Vivaldi,False
0072_01,Mars,True,G/196/P,55 Cancri e,26.9,False,0,0,0,0,0,Remy Vivaldi,True
0072_02,Earth,False,E/1/S,TRAPPIST-1e,40.4,False,1122,510,384,404,822,Priya Kaur,True
0073_01,Earth,True,G/7/P,TRAPPIST-1e,30.6,False,0,0,0,0,0,Remy Vivaldi,True
0073_02,Earth,True,A/33/S,55 Cancri e,31.0,False,0,0,0,0,0,Jordan Benson,True
0074_01,Europa,False,E/28/S,55 Cancri e,43.2,False,676,713,1481,82,1168,Hiro Tanaka,True
0074_02,Europa,False,D/165/P,TRAPPIST-1e,31.1,False,1108,1101,456,0,50,Leo Stark,False
0075_01,Earth,False,D/19/P,TRAPPIST-1e,19.3,False,448,880,487,33,1371,Jordan Benson,True
0075_02,Europa,False,E/183/S,TRAPPIST-1e,21.3,False,94,1095,153,249,673,Priya Kaur,True
0076_01,Mars,False,A/180/P,PSO J318.5-22,40.8,False,1329,267,1077,235,388,Priya Kaur,False
0076_02,Earth,False,B/106/S,55 Cancri e,27.1,False,989,762,400,623,766,Ethan Zhao,True
0077_01,Mars,False,C/96/P,PSO J318.5-22,42.9,False,434,102,1445,763,737,Jordan Benson,True
0077_02,Earth,True,A/191/S,TRAPPIST-1e,36.8,False,0,0,0,0,0,Hiro Tanaka,False
0078_01,Mars,False,A/106/S,PSO J318.5-22,38.6,False,797,1358,858,434,446,Leo Stark,False
0078_02,Europa,True,C/154/S,TRAPPIST-1e,10.4,False,0,0,0,0,0,Priya Kaur,True
0079_01,Europa,False,G/28/S,55 Cancri e,31.6,False,983,1358,1019,541,758,Kai Vega,False
0079_02,Mars,False,G/160/P,PSO J318.5-22,45.2,False,1129,80,132,796,899,Ethan Zhao,True
0080_01,Earth,True,G/80/S,TRAPPIST-1e,40.1,True,0,0,0,0,0,Lara Xel'Naga,True
0080_02,Mars,True,F/163/P,TRAPPIST-1e,26.6,False,0,0,0,0,0,Remy Vivaldi,True
0081_01,Mars,False,C/80/S,PSO J318.5-22,29.3,False,1473,204,125,42,110,Hiro Tanaka,True
0081_02,Earth,True,G/159/P,PSO J318.5-22,23.2,False,0,0,0,0,0,Ilya Komarov,True
0082_01,Mars,False,D/70/P,PSO J318.5-22,17.0,False,280,1218,1218,666,92,Nova Stark,False
0082_02,Earth,False,E/125/S,TRAPPIST-1e,32.9,False,671,60,633,1074,1426,Hiro Tanaka,True
0083_01,Earth,False,B/197/P,PSO J318.5-22,23.0,False,681,533,1428,837,644,Nova Stark,True
0083_02,Mars,False,B/34/S,55 Cancri e,38.5,False,232,523,345,1069,545,Priya Kaur,False
0084_01,Europa,False,A/102/P,55 Cancri e,24.3,True,1096,793,248,46,1144,Jordan Benson,False
0084_02,Europa,False,D/182/S,TRAPPIST-1e,19.8,False,213,238,1079,349,106,Mila Benson,False
0085_01,Earth,False,E/118/S,TRAPPIST-1e,36.5,False,624,1276,718,302,638,Jordan Benson,True
0085_02,Europa,False,A/102/S,PSO J318.5-22,21.8,False,55,725,525,473,27,Nova Stark,False
0086_01,Earth,False,A/136/P,PSO J318.5-22,21.7,False,364,665,525,698,1335,Ethan Zhao,False
0086_02,Europa,False,B/27/P,TRAPPIST-1e,6.1,False,882,1030,1026,918,749,Hiro Tanaka,True
0087_01,Europa,False,B/198/S,55 Cancri e,24.4,False,1038,1215,484,27,713,Hiro Tanaka,False
0087_02,Mars,False,E/83/S,TRAPPIST-1e,37.0,False,1062,1296,1254,85,1497,Ilya Komarov,False
0088_01,Earth,False,E/15/S,55 Cancri e,12.4,False,1235,24,1417,66,232,Ilya Komarov,False
0088_02,Earth,False,C/20/P,PSO J318.5-22,30.1,False,108,1169,110,227,110,Leo Stark,False
0089_01,Mars,False,F/11/S,55 Cancri e,32.0,False,1392,747,594,424,612,Nova Stark,False
0089_02,Mars,True,A/116/P,TRAPPIST-1e,44.5,False,0,0,0,0,0,Jordan Benson,True
0090_01,Earth,True,F/113/S,55 Cancri e,42.0,False,0,0,0,0,0,Lara Xel'Naga,True
0090_02,Earth,False,G/87/P,PSO J318.5-22,14.9,False,1466,314,876,1400,1312,Jordan Benson,False
0091_01,Mars,False,C/65/P,TRAPPIST-1e,25.9,False,1373,842,1469,349,822,Aria Lin,True
0091_02,Mars,False,F/179/S,TRAPPIST-1e,5.2,False,1160,758,898,242,542,Jordan Benson,False
0092_01,Mars,False,C/33/P,PSO J318.5-22,30.7,False,1246,5,1345,467,74,Priya Kaur,False
0092_02,Mars,False,B/88/S,TRAPPIST-1e,27.5,False,3,645,117,880,503,Lara Xel'Naga,True
0093_01,Earth,False,A/130/P,PSO J318.5-22,36.2,False,193,846,714,1415,1049,Hiro Tanaka,True
0093_02,Mars,True,B/178/P,PSO J318.5-22,33.7,False,0,0,0,0,0,Leo Stark,True
0094_01,Europa,True,D/157/S,PSO J318.5-22,37.3,False,0,0,0,0,0,Ilya Komarov,True
0094_02,Earth,False,G/121/P,TRAPPIST-1e,20.4,False,325,1433,1141,835,723,Hiro Tanaka,False
0095_01,Mars,False,G/98/S,TRAPPIST-1e,11.7,False,558,0,89,653,319,Hiro Tanaka,True
0095_02,Earth,True,D/96/P,PSO J318.5-22,28.5,False,0,0,0,0,0,Jordan Benson,True
0096_01,Europa,True,D/132/P,55 Cancri e,28.1,False,0,0,0,0,0,Remy Vivaldi,False
0096_02,Mars,False,D/14/S,55 Cancri e,19.2,False,844,258,901,689,9,Leo Stark,False
0097_01,Mars,True,C/26/S,TRAPPIST-1e,48.0,False,0,0,0,0,0,Kai Vega,False
0097_02,Mars,False,B/195/S,55 Cancri e,47.8,False,897,12,1191,320,1342,Jordan Benson,True
0098_01,Earth,False,E/187/S,TRAPPIST-1e,39.1,False,910,1442,1118,317,235,Remy Vivaldi,False
0098_02,Earth,True,F/160/S,TRAPPIST-1e,35.7,False,0,0,0,0,0,Ilya Komarov,True
0099_01,Earth,False,E/62/P,TRAPPIST-1e,34.8,False,1482,1160,587,512,1319,Hiro Tanaka,False
0099_02,Europa,False,F/172/P,55 Cancri e,26.6,False,1343,917,1372,872,1252,Jordan Benson,False
0100_01,Mars,False,E/142/P,TRAPPIST-1e,23.1,False,724,1188,4,850,1402,Mila Benson,False
0100_02,Mars,True,A/92/P,TRAPPIST-1e,23.7,False,0,0,0,0,0,Aria Lin,True
0101_01,Europa,False,G/86/P,TRAPPIST-1e,35.4,False,600,1065,88,401,295,Nova Stark,False
0101_02,Earth,False,F/119/S,PSO J318.5-22,30.4,False,1318,615,799,421,1046,Lara Xel'Naga,True
0102_01,Europa,False,A/76/P,TRAPPIST-1e,48.0,False,144,1248,1006,502,820,Mila Benson,False
0102_02,Earth,False,G/140/S,TRAPPIST-1e,12.2,True,103,1062,197,578,390,Aria Lin,True
0103_01,Mars,False,A/168/S,TRAPPIST-1e,37.2,False,1038,1312,477,1254,922,Nova Stark,False
0103_02,Mars,False,D/87/P,55 Cancri e,38.9,False,419,156,549,1464,1120,Nova Stark,False
0104_01,Mars,True,A/187/S,TRAPPIST-1e,37.7,False,0,0,0,0,0,Lara Xel'Naga,True
0104_02,Earth,True,C/170/S,TRAPPIST-1e,35.2,False,0,0,0,0,0,Ethan Zhao,True
0105_01,Europa,False,D/11/S,PSO J318.5-22,24.5,False,516,864,1141,805,1182,Kai Vega,False
0105_02,Earth,True,F/104/S,55 Cancri e,23.7,False,0,0,0,0,0,Aria Lin,True
0106_01,Earth,True,E/174/S,TRAPPIST-1e,20.2,False,0,0,0,0,0,Remy Vivaldi,True
0106_02,Mars,False,E/9/P,PSO J318.5-22,6.0,False,947,14,1180,1284,1180,Nova Stark,False
0107_01,Europa,True,B/136/S,TRAPPIST-1e,35.6,False,0,0,0,0,0,Kai Vega,True
0107_02,Earth,True,B/128/S,55 Cancri e,18.8,False,0,0,0,0,0,Kai Vega,True
0108_01,Earth,False,C/178/S,TRAPPIST-1e,36.7,False,754,1315,793,1306,68,Jordan Benson,False
0108_02,Europa,False,A/175/S,PSO J318.5-22,41.6,False,10,1277,871,549,1157,Jordan Benson,False
0109_01,Earth,False,G/41/P,TRAPPIST-1e,19.1,False,301,362,395,217,140,Jordan Benson,False
0109_02,Earth,True,D/7/S,55 Cancri e,4.8,False,0,0,0,0,0,Ilya Komarov,False
0110_01,Mars,True,A/17/S,TRAPPIST-1e,36.7,False,0,0,0,0,0,Ethan Zhao,True
0110_02,Mars,False,G/148/P,TRAPPIST-1e,18.6,False,682,1483,1003,355,1007,Aria Lin,True
0111_01,Mars,False,C/33/P,PSO J318.5-22,32.8,False,126,1129,1008,603,1401,Leo Stark,False
0111_02,Earth,False,E/40/S,TRAPPIST-1e,30.2,False,1013,50,1052,1485,1319,Ethan Zhao,True
0112_01,Mars,False,G/21/S,TRAPPIST-1e,24.7,False,1369,419,1205,982,824,Priya Kaur,True
0112_02,Europa,False,E/24/P,55 Cancri e,23.3,False,1024,566,370,935,660,Lara Xel'Naga,True
0113_01,Europa,False,E/87/P,TRAPPIST-1e,42.0,False,201,1459,312,116,936,Aria Lin,False
0113_02,Earth,False,G/147/S,PSO J318.5-22,21.1,False,574,243,536,74,385,Ilya Komarov,False
0114_01,Mars,True,C/124/P,PSO J318.5-22,12.4,False,0,0,0,0,0,Ilya Komarov,True
0114_02,Earth,True,D/124/S,TRAPPIST-1e,0.2,False,0,0,0,0,0,Lara Xel'Naga,True
0115_01,Europa,False,G/89/S,TRAPPIST-1e,29.6,False,954,875,762,1202,1205,Priya Kaur,False
0115_02,Earth,True,A/69/S,TRAPPIST-1e,35.8,False,0,0,0,0,0,Mila Benson,True
0116_01,Mars,False,D/64/P,TRAPPIST-1e,27.9,False,709,1184,176,284,62,Ethan Zhao,False
0116_02,Europa,True,E/120/S,TRAPPIST-1e,14.8,False,0,0,0,0,0,Jordan Benson,False
0117_01,Mars,False,B/56/S,TRAPPIST-1e,18.9,False,1492,1072,966,848,1107,Ilya Komarov,False
0117_02,Europa,False,C/138/P,TRAPPIST-1e,20.8,False,1384,688,147,341,475,Kai Vega,False
0118_01,Europa,False,A/103/P,55 Cancri e,14.6,False,326,1164,989,214,434,Nova Stark,False
0118_02,Earth,False,D/196/S,PSO J318.5-22,29.5,False,951,722,1341,31,669,Jordan Benson,True
0119_01,Earth,False,G/87/S,PSO J318.5-22,53.7,False,17,768,589,1394,1198,Hiro Tanaka,False
0119_02,Mars,True,A/36/S,55 Cancri e,16.9,False,0,0,0,0,0,Lara Xel'Naga,True
0120_01,Mars,True,E/82/P,TRAPPIST-1e,52.3,False,0,0,0,0,0,Ethan Zhao,False
0120_02,Europa,False,G/131/S,PSO J318.5-22,47.5,False,1136,113,1245,946,830,Ilya Komarov,False
0121_01,Mars,False,A/107/S,PSO J318.5-22,25.0,False,54,799,777,1481,161,Aria Lin,True
0121_02,Mars,True,F/199/P,PSO J318.5-22,20.8,False,0,0,0,0,0,Ilya Komarov,True
0122_01,Europa,False,G/98/P,PSO J318.5-22,24.4,False,1499,1201,1414,1372,1031,Hiro Tanaka,False
0122_02,Earth,True,D/81/S,TRAPPIST-1e,27.3,False,0,0,0,0,0,Remy Vivaldi,True
0123_01,Europa,False,D/189/P,PSO J318.5-22,35.2,False,327,1077,760,1262,1252,Remy Vivaldi,False
0123_02,Europa,False,D/81/P,55 Cancri e,16.7,False,578,1074,1006,1287,1441,Nova Stark,False
0124_01,Europa,False,F/175/S,PSO J318.5-22,40.5,False,451,164,181,468,909,Remy Vivaldi,True
0124_02,Earth,True,C/198/S,PSO J318.5-22,32.2,False,0,0,0,0,0,Ethan Zhao,True
0125_01,Mars,False,G/185/S,TRAPPIST-1e,33.9,False,6,329,774,150,1108,Aria Lin,False
0125_02,Mars,False,G/38/S,TRAPPIST-1e,24.9,False,146,1404,914,1308,699,Ethan Zhao,True
0126_01,Mars,False,F/123/P,TRAPPIST-1e,33.3,False,708,745,1022,1409,706,Kai Vega,False
0126_02,Europa,True,A/158/P,TRAPPIST-1e,30.6,False,0,0,0,0,0,Priya Kaur,True
0127_01,Earth,True,D/85/S,TRAPPIST-1e,12.4,False,0,0,0,0,0,Lara Xel'Naga,True
0127_02,Mars,False,B/105/S,55 Cancri e,34.1,False,260,804,933,1279,904,Kai Vega,False
0128_01,Europa,True,G/23/P,55 Cancri e,10.5,False,0,0,0,0,0,Mila Benson,False
0128_02,Earth,False,G/46/P,TRAPPIST-1e,22.6,False,853,1387,1303,592,713,Lara Xel'Naga,False
0129_01,Earth,False,A/77/P,TRAPPIST-1e,30.8,False,127,735,720,1138,1232,Aria Lin,False
0129_02,Mars,False,B/130/S,TRAPPIST-1e,28.4,False,525,520,551,236,1304,Jordan Benson,False
0130_01,Europa,False,C/184/P,TRAPPIST-1e,21.8,False,1258,493,3,665,441,Kai Vega,False
0130_02,Europa,True,E/164/S,55 Cancri e,23.8,False,0,0,0,0,0,Jordan Benson,True
0131_01,Earth,True,B/123/S,TRAPPIST-1e,31.0,True,0,0,0,0,0,Leo Stark,True
0131_02,Europa,True,C/78/P,TRAPPIST-1e,34.2,False,0,0,0,0,0,Ethan Zhao,True
0132_01,Europa,True,C/41/S,PSO J318.5-22,37.5,False,0,0,0,0,0,Ethan Zhao,True
0132_02,Europa,True,C/95/P,TRAPPIST-1e,33.4,False,0,0,0,0,0,Ilya Komarov,True
0133_01,Europa,False,C/107/S,PSO J318.5-22,41.5,False,40,933,33,1040,1176,Aria Lin,False
0133_02,Europa,True,G/153/P,55 Cancri e,29.3,False,0,0,0,0,0,Ethan Zhao,True
0134_01,Mars,True,G/141/P,55 Cancri e,46.1,False,0,0,0,0,0,Lara Xel'Naga,True
0134_02,Mars,False,F/53/S,TRAPPIST-1e,27.8,False,341,26,1310,645,730,Ilya Komarov,False
0135_01,Mars,True,D/117/P,55 Cancri e,44.2,False,0,0,0,0,0,Kai Vega,True
0135_02,Mars,True,A/191/P,55 Cancri e,43.7,False,0,0,0,0,0,Leo Stark,True
0136_01,Earth,False,A/18/S,TRAPPIST-1e,18.0,False,1424,921,980,1499,701,Lara Xel'Naga,False
0136_02,Europa,False,F/166/S,TRAPPIST-1e,33.1,False,633,129,1019,1386,818,Leo Stark,False
0137_01,Mars,False,F/170/P,PSO J318.5-22,29.5,False,28,148,1319,10,675,Jordan Benson,True
0137_02,Mars,False,B/187/P,TRAPPIST-1e,25.8,False,1136,186,806,743,1250,Kai Vega,False
0138_01,Europa,False,E/98/P,TRAPPIST-1e,26.7,False,663,757,405,68,1335,Lara Xel'Naga,True
0138_02,Europa,False,A/170/S,PSO J318.5-22,33.6,False,1312,750,1171,1490,1267,Mila Benson,True
0139_01,Earth,True,A/115/P,TRAPPIST-1e,27.9,False,0,0,0,0,0,Leo Stark,True
0139_02,Mars,True,G/199/P,TRAPPIST-1e,21.4,False,0,0,0,0,0,Kai Vega,True
0140_01,Europa,False,E/154/S,TRAPPIST-1e,11.1,False,153,1473,72,712,295,Lara Xel'Naga,False
0140_02,Mars,True,C/71/P,55 Cancri e,37.9,False,0,0,0,0,0,Ethan Zhao,False
0141_01,Europa,False,E/127/P,TRAPPIST-1e,27.7,False,938,41,24,1062,130,Aria Lin,False
0141_02,Mars,False,D/105/P,TRAPPIST-1e,45.7,False,1252,107,171,1458,101,Priya Kaur,False
0142_01,Earth,False,F/37/S,TRAPPIST-1e,10.4,False,1067,816,956,1040,329,Leo Stark,False
0142_02,Earth,False,C/53/S,PSO J318.5-22,39.4,False,11,1341,215,338,660,Ilya Komarov,False
0143_01,Earth,False,G/49/P,TRAPPIST-1e,36.0,False,975,709,1223,465,1112,Hiro Tanaka,False
0143_02,Earth,True,G/151/P,55 Cancri e,37.3,False,0,0,0,0,0,Nova Stark,True
0144_01,Earth,True,B/190/P,PSO J318.5-22,41.5,False,0,0,0,0,0,Ilya Komarov,False
0144_02,Europa,False,B/102/P,55 Cancri e,38.3,False,488,46,1311,777,1039,Kai Vega,False
0145_01,Mars,False,C/67/S,55 Cancri e,36.2,False,334,628,136,882,687,Ilya Komarov,True
0145_02,Europa,False,G/82/P,TRAPPIST-1e,29.3,False,826,726,593,1246,989,Mila Benson,False
0146_01,Earth,False,A/67/S,TRAPPIST-1e,27.3,False,1466,614,1296,1182,1175,Nova Stark,True
0146_02,Mars,False,D/141/S,TRAPPIST-1e,21.4,False,994,619,187,1121,130,Ilya Komarov,False
0147_01,Europa,False,D/44/S,TRAPPIST-1e,17.6,False,182,982,363,38,496,Priya Kaur,False
0147_02,Mars,False,A/135/P,TRAPPIST-1e,40.8,False,1372,981,920,1420,721,Aria Lin,True
0148_01,Earth,False,G/162/P,TRAPPIST-1e,1.5,False,1131,893,1473,310,738,Mila Benson,True
0148_02,Mars,False,E/164/S,PSO J318.5-22,35.3,False,1193,545,413,250,758,Mila Benson,False
0149_01,Mars,True,E/185/S,55 Cancri e,23.6,False,0,0,0,0,0,Mila Benson,True
0149_02,Europa,False,G/46/P,TRAPPIST-1e,16.1,False,1062,813,28,957,476,Remy Vivaldi,True
0150_01,Mars,True,C/69/S,TRAPPIST-1e,27.8,False,0,0,0,0,0,Leo Stark,True
0150_02,Earth,False,B/77/P,PSO J318.5-22,22.4,False,271,1463,1262,376,265,Aria Lin,False
0151_01,Earth,False,D/142/S,TRAPPIST-1e,25.3,False,339,388,576,2,1452,Ethan Zhao,True
0151_02,Mars,False,F/85/P,55 Cancri e,21.4,False,1165,375,323,145,292,Remy Vivaldi,True
0152_01,Europa,False,D/70/P,TRAPPIST-1e,27.7,False,816,1367,963,1163,186,Kai Vega,False
0152_02,Mars,False,B/81/P,TRAPPIST-1e,30.3,False,60,938,1403,709,806,Ethan Zhao,False
0153_01,Earth,True,E/62/S,PSO J318.5-22,51.1,False,0,0,0,0,0,Nova Stark,True
0153_02,Europa,True,F/186/P,55 Cancri e,21.4,False,0,0,0,0,0,Nova Stark,True
0154_01,Mars,True,A/88/S,PSO J318.5-22,39.7,False,0,0,0,0,0,Aria Lin,True
0154_02,Mars,False,C/142/S,55 Cancri e,44.2,False,1389,1353,1130,225,824,Hiro Tanaka,False
0155_01,Earth,False,C/64/P,TRAPPIST-1e,21.8,False,258,53,1070,726,688,Leo Stark,False
0155_02,Europa,True,D/82/S,TRAPPIST-1e,22.4,False,0,0,0,0,0,Kai Vega,True
0156_01,Europa,True,B/23/P,55 Cancri e,53.0,False,0,0,0,0,0,Priya Kaur,True
0156_02,Earth,True,C/142/P,55 Cancri e,32.7,False,0,0,0,0,0,Nova Stark,False
0157_01,Earth,True,D/200/P,PSO J318.5-22,11.0,False,0,0,0,0,0,Remy Vivaldi,True
0157_02,Earth,False,B/36/S,TRAPPIST-1e,29.8,False,418,689,849,61,1168,Lara Xel'Naga,True
0158_01,Mars,True,C/124/P,TRAPPIST-1e,31.4,False,0,0,0,0,0,Remy Vivaldi,True
0158_02,Mars,False,B/118/P,TRAPPIST-1e,24.2,False,780,1143,892,1112,328,Leo Stark,False
0159_01,Europa,False,G/85/S,TRAPPIST-1e,5.5,False,634,987,1218,920,737,Aria Lin,False
0159_02,Earth,False,E/178/P,55 Cancri e,19.2,False,1355,169,520,1486,39,Leo Stark,False
0160_01,Earth,False,F/126/P,TRAPPIST-1e,29.3,False,1249,983,1147,974,37,Leo Stark,False
0160_02,Mars,True,E/47/P,PSO J318.5-22,30.3,False,0,0,0,0,0,Ethan Zhao,True
0161_01,Earth,False,A/105/S,TRAPPIST-1e,36.8,False,913,453,36,1339,972,Remy Vivaldi,True
0161_02,Earth,False,G/97/P,55 Cancri e,18.5,False,795,972,592,1137,1063,Ilya Komarov,False
0162_01,Mars,False,G/178/S,55 Cancri e,28.4,True,114,697,1346,1063,39,Nova Stark,False
0162_02,Mars,False,A/28/P,PSO J318.5-22,38.3,False,1312,1285,215,1170,335,Lara Xel'Naga,False
0163_01,Earth,False,F/174/S,PSO J318.5-22,37.3,False,815,780,362,556,1368,Leo Stark,True
0163_02,Earth,True,E/192/P,55 Cancri e,32.2,False,0,0,0,0,0,Ilya Komarov,True
0164_01,Europa,False,B/89/P,55 Cancri e,18.7,False,132,556,825,760,1054,Leo Stark,False
0164_02,Earth,True,F/37/S,TRAPPIST-1e,33.9,False,0,0,0,0,0,Remy Vivaldi,True
0165_01,Mars,False,D/185/S,TRAPPIST-1e,26.3,False,362,1460,81,355,1281,Mila Benson,False
0165_02,Earth,True,C/166/P,PSO J318.5-22,29.5,False,0,0,0,0,0,Ethan Zhao,True
0166_01,Earth,False,C/144/S,55 Cancri e,28.3,False,294,1247,1069,1136,1256,Leo Stark,False
0166_02,Earth,False,D/102/P,PSO J318.5-22,40.8,False,16,359,1246,865,699,Remy Vivaldi,False
0167_01,Mars,False,F/55/P,TRAPPIST-1e,24.1,False,1478,585,1256,1247,993,Jordan Benson,False
0167_02,Mars,True,C/51/S,TRAPPIST-1e,21.3,False,0,0,0,0,0,Ilya Komarov,True
0168_01,Europa,False,D/157/S,55 Cancri e,40.1,False,1245,36,988,277,1219,Nova Stark,False
0168_02,Europa,True,F/181/S,PSO J318.5-22,13.6,False,0,0,0,0,0,Aria Lin,True
0169_01,Earth,True,A/47/S,PSO J318.5-22,33.2,False,0,0,0,0,0,Leo Stark,True
0169_02,Earth,False,D/48/S,PSO J318.5-22,21.8,False,1347,730,191,1040,523,Aria Lin,False
0170_01,Earth,False,D/74/P,TRAPPIST-1e,29.3,False,704,21,473,1143,209,Ilya Komarov,False
0170_02,Mars,False,D/35/P,TRAPPIST-1e,21.0,False,305,1293,703,686,284,Priya Kaur,False
0171_01,Mars,False,D/182/S,55 Cancri e,48.2,False,947,380,459,1030,28,Hiro Tanaka,True
0171_02,Europa,True,A/71/P,55 Cancri e,20.6,False,0,0,0,0,0,Ilya Komarov,True
0172_01,Europa,False,E/131/P,55 Cancri e,43.7,False,569,1453,737,1308,515,Priya Kaur,False
0172_02,Mars,False,G/11/S,55 Cancri e,27.3,False,1122,396,38,1294,886,Leo Stark,True
0173_01,Europa,False,C/9/S,TRAPPIST-1e,22.6,False,1153,973,1107,1045,1482,Jordan Benson,False
0173_02,Earth,False,B/54/S,PSO J318.5-22,36.8,False,848,1405,747,1463,988,Leo Stark,True
0174_01,Earth,False,G/53/P,55 Cancri e,26.9,False,83,1476,1410,1280,569,Kai Vega,False
0174_02,Earth,False,F/75/S,55 Cancri e,34.3,False,933,1185,1186,1008,792,Priya Kaur,False
0175_01,Europa,False,B/193/S,TRAPPIST-1e,33.0,False,491,207,1083,429,984,Aria Lin,True
0175_02,Earth,True,F/83/P,PSO J318.5-22,45.2,False,0,0,0,0,0,Leo Stark,True
0176_01,Europa,False,F/107/S,55 Cancri e,31.4,False,590,1050,198,386,348,Jordan Benson,False
0176_02,Europa,True,C/117/S,TRAPPIST-1e,32.6,False,0,0,0,0,0,Ethan Zhao,True
0177_01,Mars,False,F/92/P,55 Cancri e,30.0,False,526,1176,733,205,454,Leo Stark,False
0177_02,Mars,True,G/73/S,55 Cancri e,35.1,False,0,0,0,0,0,Hiro Tanaka,False
0178_01,Earth,False,G/13/P,TRAPPIST-1e,31.7,False,520,1016,955,725,1013,Ilya Komarov,True
0178_02,Earth,False,A/110/P,PSO J318.5-22,20.4,False,500,116,385,1367,583,Aria Lin,False
0179_01,Earth,True,C/65/P,TRAPPIST-1e,23.5,False,0,0,0,0,0,Aria Lin,True
0179_02,Mars,False,F/180/P,55 Cancri e,9.1,False,71,273,1343,337,1389,Ethan Zhao,True
0180_01,Earth,False,B/152/P,55 Cancri e,40.2,False,101,1448,1415,778,213,Mila Benson,True
0180_02,Earth,False,G/109/P,55 Cancri e,35.4,False,1111,400,587,888,1069,Leo Stark,True
0181_01,Earth,True,C/77/P,TRAPPIST-1e,28.0,False,0,0,0,0,0,Lara Xel'Naga,True
0181_02,Europa,True,E/145/P,PSO J318.5-22,16.4,False,0,0,0,0,0,Ilya Komarov,True
0182_01,Earth,False,B/106/S,TRAPPIST-1e,43.0,False,713,935,241,1,224,Jordan Benson,True
0182_02,Earth,False,D/90/S,TRAPPIST-1e,36.8,False,800,588,115,917,1126,Remy Vivaldi,True
0183_01,Earth,True,E/154/S,PSO J318.5-22,30.0,False,0,0,0,0,0,Mila Benson,False
0183_02,Europa,False,B/133/P,PSO J318.5-22,17.4,False,121,142,993,105,886,Aria Lin,True
0184_01,Earth,False,A/62/S,PSO J318.5-22,31.5,False,316,634,8,773,1096,Priya Kaur,False
0184_02,Earth,False,C/34/S,55 Cancri e,29.3,False,1382,222,1439,552,1393,Priya Kaur,False
0185_01,Europa,False,G/19/P,55 Cancri e,40.7,False,110,250,382,6,458,Kai Vega,True
0185_02,Earth,False,D/130/S,PSO J318.5-22,33.6,False,1107,207,899,1413,1337,Leo Stark,False
0186_01,Mars,True,E/138/P,TRAPPIST-1e,27.0,False,0,0,0,0,0,Jordan Benson,True
0186_02,Earth,False,B/138/S,TRAPPIST-1e,43.0,False,1150,808,873,13,970,Aria Lin,False
0187_01,Earth,False,D/187/P,TRAPPIST-1e,34.5,False,908,1324,1266,121,1170,Leo Stark,True
0187_02,Europa,False,C/171/P,TRAPPIST-1e,43.7,True,749,1379,684,308,694,Lara Xel'Naga,False
0188_01,Earth,False,C/134/S,TRAPPIST-1e,33.1,False,1082,923,754,34,444,Ethan Zhao,False
0188_02,Earth,False,A/198/P,TRAPPIST-1e,8.0,False,92,1230,352,902,1355,Kai Vega,False
0189_01,Earth,False,E/161/P,55 Cancri e,39.3,False,804,515,731,1387,1405,Nova Stark,True
0189_02,Mars,True,B/66/P,55 Cancri e,25.3,False,0,0,0,0,0,Jordan Benson,True
0190_01,Mars,True,G/4/P,TRAPPIST-1e,30.2,False,0,0,0,0,0,Leo Stark,False
0190_02,Earth,False,G/10/S,TRAPPIST-1e,38.5,False,419,1273,1140,865,577,Leo Stark,False
0191_01,Earth,True,A/147/S,TRAPPIST-1e,41.2,False,0,0,0,0,0,Mila Benson,True
0191_02,Mars,False,D/18/S,TRAPPIST-1e,32.4,False,294,754,1394,185,1269,Kai Vega,False
0192_01,Mars,False,C/52/S,55 Cancri e,15.2,False,529,20,910,866,793,Ethan Zhao,False
0192_02,Mars,False,D/198/P,PSO J318.5-22,12.5,False,99,751,477,1321,939,Remy Vivaldi,True
0193_01,Mars,True,E/89/P,TRAPPIST-1e,30.3,True,0,0,0,0,0,Aria Lin,True
0193_02,Europa,False,A/53/P,55 Cancri e,4.8,False,292,836,1004,552,317,Mila Benson,False
0194_01,Earth,False,A/12/P,55 Cancri e,26.0,False,13,503,230,1107,129,Nova Stark,False
0194_02,Europa,True,A/130/P,PSO J318.5-22,19.5,False,0,0,0,0,0,Jordan Benson,True
0195_01,Earth,False,B/61/S,TRAPPIST-1e,30.7,False,27,65,1186,1252,260,Leo Stark,False
0195_02,Europa,False,D/70/P,TRAPPIST-1e,20.9,False,1472,1447,459,300,918,Lara Xel'Naga,False
0196_01,Europa,True,A/43/S,55 Cancri e,12.4,False,0,0,0,0,0,Jordan Benson,True
0196_02,Europa,True,C/119/S,TRAPPIST-1e,25.3,False,0,0,0,0,0,Aria Lin,True
0197_01,Europa,False,A/56/S,TRAPPIST-1e,7.0,False,861,1384,1280,132,1299,Remy Vivaldi,False
0197_02,Mars,False,F/77/S,TRAPPIST-1e,30.5,True,971,512,312,575,885,Leo Stark,False
0198_01,Mars,False,B/25/S,TRAPPIST-1e,36.5,False,164,304,155,1390,619,Lara Xel'Naga,True
0198_02,Earth,False,B/34/P,TRAPPIST-1e,40.2,False,1274,956,333,968,510,Aria Lin,False
0199_01,Earth,False,C/20/P,TRAPPIST-1e,15.6,False,484,1082,836,1184,1008,Aria Lin,False
0199_02,Earth,True,G/85/P,TRAPPIST-1e,34.3,False,0,0,0,0,0,Mila Benson,True
0200_01,Europa,False,F/102/S,TRAPPIST-1e,45.2,False,275,692,241,1239,1274,Leo Stark,True
0200_02,Earth,False,C/72/S,TRAPPIST-1e,35.7,True,125,216,1329,1208,1062,Hiro Tanaka,False
0201_01,Europa,True,D/141/S,TRAPPIST-1e,38.0,False,0,0,0,0,0,Leo Stark,True
0201_02,Earth,False,G/135/P,PSO J318.5-22,0.0,False,1201,918,1451,1317,150,Priya Kaur,False
0202_01,Mars,False,C/123/S,TRAPPIST-1e,18.6,False,374,1031,1364,128,1014,Priya Kaur,False
0202_02,Earth,True,C/153/P,TRAPPIST-1e,34.4,False,0,0,0,0,0,Kai Vega,True
0203_01,Mars,False,G/150/P,TRAPPIST-1e,21.8,False,516,85,1198,1216,310,Aria Lin,True
0203_02,Mars,False,F/15/P,55 Cancri e,47.1,False,1142,1241,426,1437,113,Leo Stark,False
0204_01,Earth,True,E/82/S,55 Cancri e,34.7,True,0,0,0,0,0,Ethan Zhao,True
0204_02,Mars,False,E/49/S,55 Cancri e,22.8,False,302,743,587,986,344,Ilya Komarov,True
0205_01,Earth,True,B/6/S,TRAPPIST-1e,39.1,False,0,0,0,0,0,Hiro Tanaka,True
0205_02,Earth,False,B/83/P,TRAPPIST-1e,39.9,False,1170,1310,1076,1327,1092,Ethan Zhao,False
0206_01,Europa,True,E/94/P,TRAPPIST-1e,9.5,False,0,0,0,0,0,Aria Lin,True
0206_02,Earth,False,C/35/P,PSO J318.5-22,37.4,False,1009,703,574,1184,1112,Aria Lin,False
0207_01,Europa,False,F/144/S,TRAPPIST-1e,31.2,False,588,1182,488,970,1347,Lara Xel'Naga,False
0207_02,Europa,False,B/46/P,PSO J318.5-22,32.2,False,1404,1125,493,18,1477,Leo Stark,False
0208_01,Europa,False,A/47/S,PSO J318.5-22,35.9,False,1367,821,454,724,1088,Hiro Tanaka,True
0208_02,Mars,True,F/20/P,TRAPPIST-1e,24.1,False,0,0,0,0,0,Lara Xel'Naga,True
0209_01,Earth,False,F/164/S,55 Cancri e,15.2,True,916,827,604,1496,1440,Remy Vivaldi,True
0209_02,Earth,False,G/28/P,TRAPPIST-1e,11.6,False,304,735,290,101,1290,Ethan Zhao,False
0210_01,Earth,False,D/97/S,55 Cancri e,44.4,False,841,961,941,1026,84,Ilya Komarov,False
0210_02,Europa,False,F/58/P,55 Cancri e,38.1,False,327,815,1473,453,628,Mila Benson,True
0211_01,Earth,True,A/19/S,TRAPPIST-1e,28.9,False,0,0,0,0,0,Lara Xel'Naga,True
0211_02,Mars,False,A/87/S,PSO J318.5-22,16.2,True,974,1323,782,42,943,Aria Lin,True
0212_01,Mars,True,A/85/P,TRAPPIST-1e,44.2,False,0,0,0,0,0,Priya Kaur,True
0212_02,Europa,False,F/73/S,TRAPPIST-1e,31.3,False,363,890,426,1004,20,Leo Stark,False
0213_01,Mars,True,C/1/S,TRAPPIST-1e,35.6,False,0,0,0,0,0,Aria Lin,True
0213_02,Mars,True,A/53/P,PSO J318.5-22,30.8,False,0,0,0,0,0,Jordan Benson,True
0214_01,Earth,False,D/121/S,PSO J318.5-22,29.0,False,323,788,140,469,786,Aria Lin,False
0214_02,Earth,False,D/95/P,55 Cancri e,27.4,True,1357,963,1007,372,493,Ilya Komarov,False
0215_01,Earth,False,E/16/P,PSO J318.5-22,37.7,False,290,1167,105,1443,669,Jordan Benson,True
0215_02,Mars,False,D/194/P,55 Cancri e,21.8,False,1,588,643,89,1368,Leo Stark,False
0216_01,Mars,False,F/122/P,55 Cancri e,17.4,False,1131,1062,908,158,958,Leo Stark,False
0216_02,Europa,True,E/133/P,TRAPPIST-1e,28.6,False,0,0,0,0,0,Ilya Komarov,True
0217_01,Earth,False,G/50/P,TRAPPIST-1e,29.6,False,297,951,35,1107,1475,Aria Lin,False
0217_02,Europa,True,E/67/S,PSO J318.5-22,18.6,False,0,0,0,0,0,Jordan Benson,True
0218_01,Mars,False,C/71/S,TRAPPIST-1e,32.8,False,558,890,140,886,1141,Hiro Tanaka,False
0218_02,Mars,True,B/38/P,TRAPPIST-1e,5.2,False,0,0,0,0,0,Jordan Benson,True
0219_01,Mars,False,D/68/S,PSO J318.5-22,53.5,False,1049,520,9,983,377,Hiro Tanaka,False
0219_02,Earth,True,B/159/S,TRAPPIST-1e,32.1,False,0,0,0,0,0,Nova Stark,True
0220_01,Earth,False,C/96/P,TRAPPIST-1e,35.4,False,151,719,1072,1177,858,Kai Vega,False
0220_02,Mars,False,F/26/P,TRAPPIST-1e,25.5,False,1316,49,663,530,1083,Ethan Zhao,False
0221_01,Earth,True,D/155/P,TRAPPIST-1e,38.3,False,0,0,0,0,0,Leo Stark,True
0221_02,Europa,False,C/15/P,TRAPPIST-1e,33.7,False,914,992,1462,241,580,Priya Kaur,False
0222_01,Europa,False,E/8/P,TRAPPIST-1e,33.2,False,1249,672,630,660,661,Remy Vivaldi,False
0222_02,Earth,True,A/93/P,TRAPPIST-1e,20.7,False,0,0,0,0,0,Ilya Komarov,True
0223_01,Europa,False,F/8/P,TRAPPIST-1e,28.4,False,987,1478,1183,649,968,Ilya Komarov,True
0223_02,Mars,False,C/89/P,TRAPPIST-1e,26.5,False,589,1100,508,440,1277,Ethan Zhao,True
0224_01,Earth,False,B/147/P,TRAPPIST-1e,23.7,False,262,1397,636,1190,458,Aria Lin,True
0224_02,Europa,False,A/200/P,55 Cancri e,21.1,False,998,1303,699,301,1241,Aria Lin,True
0225_01,Earth,True,E/79/S,55 Cancri e,34.8,False,0,0,0,0,0,Nova Stark,True
0225_02,Earth,False,F/134/S,55 Cancri e,25.3,False,620,1005,35,743,352,Priya Kaur,False
0226_01,Mars,False,E/156/S,TRAPPIST-1e,11.7,False,1376,1093,424,998,707,Ilya Komarov,True
0226_02,Earth,False,G/71/S,PSO J318.5-22,43.8,False,560,827,955,516,427,Aria Lin,True
0227_01,Earth,False,B/15/S,PSO J318.5-22,30.3,False,1253,66,1013,380,57,Lara Xel'Naga,False
0227_02,Europa,False,C/67/S,TRAPPIST-1e,12.4,False,1282,341,1153,726,1195,Mila Benson,False
0228_01,Europa,False,C/186/P,PSO J318.5-22,34.9,False,353,1494,115,1287,661,Ilya Komarov,False
0228_02,Europa,False,C/44/P,TRAPPIST-1e,47.5,False,1465,452,286,1326,1016,Lara Xel'Naga,False
0229_01,Europa,False,G/47/S,PSO J318.5-22,24.7,False,669,632,54,911,1035,Nova Stark,True
0229_02,Earth,False,C/96/S,55 Cancri e,16.1,False,656,1423,979,514,236,Jordan Benson,False
0230_01,Europa,False,E/19/S,TRAPPIST-1e,20.5,False,285,148,1107,405,977,Aria Lin,False
0230_02,Earth,False,G/39/P,TRAPPIST-1e,35.9,False,455,799,1184,1012,783,Hiro Tanaka,False
0231_01,Mars,True,G/184/P,PSO J318.5-22,15.6,False,0,0,0,0,0,Nova Stark,True
0231_02,Earth,False,A/2/S,TRAPPIST-1e,28.2,False,508,480,113,748,360,Lara Xel'Naga,False
0232_01,Earth,False,G/200/P,TRAPPIST-1e,9.6,False,1203,1430,1219,1489,310,Aria Lin,False
0232_02,Mars,False,D/2/P,55 Cancri e,33.1,False,261,1442,405,142,341,Nova Stark,False
0233_01,Earth,False,E/49/P,PSO J318.5-22,8.1,True,11,1262,560,41,677,Ethan Zhao,True
0233_02,Europa,False,C/34/P,TRAPPIST-1e,40.2,False,593,1452,1181,1239,1485,Kai Vega,True
0234_01,Earth,True,C/117/S,55 Cancri e,33.7,False,0,0,0,0,0,Lara Xel'Naga,True
0234_02,Mars,False,B/43/S,TRAPPIST-1e,34.0,False,947,72,398,1428,577,Ethan Zhao,False
0235_01,Earth,False,E/130/P,TRAPPIST-1e,23.7,False,1229,265,792,252,821,Aria Lin,False
0235_02,Mars,False,C/198/P,55 Cancri e,22.6,False,1312,163,94,832,1133,Aria Lin,True
0236_01,Earth,True,A/107/S,TRAPPIST-1e,30.9,False,0,0,0,0,0,Kai Vega,True
0236_02,Earth,True,F/162/P,TRAPPIST-1e,26.8,False,0,0,0,0,0,Jordan Benson,True
0237_01,Earth,False,F/36/S,TRAPPIST-1e,33.1,False,481,1415,916,993,963,Hiro Tanaka,True
0237_02,Earth,False,D/51/P,PSO J318.5-22,38.0,False,536,1102,1196,1035,127,Priya Kaur,False
0238_01,Mars,False,C/42/P,55 Cancri e,10.0,False,845,988,446,389,671,Remy Vivaldi,False
0238_02,Mars,False,A/4/P,TRAPPIST-1e,21.5,False,42,253,1153,1083,662,Aria Lin,False
0239_01,Earth,False,A/186/P,TRAPPIST-1e,25.9,False,641,381,689,1276,1079,Ilya Komarov,False
0239_02,Earth,True,A/26/P,TRAPPIST-1e,42.9,False,0,0,0,0,0,Nova Stark,False
0240_01,Earth,False,A/25/P,TRAPPIST-1e,22.0,False,1122,148,1352,1179,189,Aria Lin,False
0240_02,Earth,False,D/160/S,PSO J318.5-22,10.6,False,882,262,1103,399,763,Nova Stark,True
0241_01,Mars,False,D/70/S,PSO J318.5-22,43.2,False,784,100,1382,1403,819,Leo Stark,False
0241_02,Earth,True,F/186/P,TRAPPIST-1e,41.5,False,0,0,0,0,0,Hiro Tanaka,True
0242_01,Mars,False,B/157/S,PSO J318.5-22,32.9,False,421,1254,1086,767,482,Mila Benson,False
0242_02,Europa,False,B/124/S,TRAPPIST-1e,17.7,False,518,154,91,981,454,Ilya Komarov,True
0243_01,Earth,False,A/181/P,PSO J318.5-22,36.8,False,509,1206,385,404,245,Priya Kaur,False
0243_02,Europa,False,D/170/P,55 Cancri e,35.6,False,741,660,649,1494,1446,Aria Lin,False
0244_01,Earth,False,E/157/P,TRAPPIST-1e,12.7,False,241,492,1236,337,172,Lara Xel'Naga,False
0244_02,Mars,False,G/43/P,PSO J318.5-22,38.3,False,671,163,464,994,496,Remy Vivaldi,False
0245_01,Earth,True,B/141/S,TRAPPIST-1e,8.4,False,0,0,0,0,0,Jordan Benson,True
0245_02,Europa,False,G/128/S,TRAPPIST-1e,48.6,False,307,182,628,509,545,Ilya Komarov,False
0246_01,Earth,True,D/10/P,TRAPPIST-1e,39.7,False,0,0,0,0,0,Hiro Tanaka,True
0246_02,Mars,False,F/172/S,TRAPPIST-1e,19.4,False,743,1250,1459,1445,553,Mila Benson,False
0247_01,Mars,False,G/159/S,PSO J318.5-22,30.8,False,104,191,16,1143,392,Ethan Zhao,False
0247_02,Earth,False,B/1/S,TRAPPIST-1e,30.1,False,424,128,1153,571,28,Kai Vega,False
0248_01,Mars,False,A/43/S,TRAPPIST-1e,31.3,False,231,788,1307,714,758,Ethan Zhao,False
0248_02,Earth,True,B/49/P,TRAPPIST-1e,26.3,False,0,0,0,0,0,Remy Vivaldi,True
0249_01,Earth,False,A/163/P,PSO J318.5-22,35.4,False,199,944,78,955,855,Ilya Komarov,False
0249_02,Mars,True,D/2/P,55 Cancri e,31.0,False,0,0,0,0,0,Hiro Tanaka,True
0250_01,Mars,False,B/178/P,PSO J318.5-22,27.7,False,1031,844,1223,86,42,Jordan Benson,False
0250_02,Europa,False,C/130/S,55 Cancri e,30.6,False,1408,1458,407,663,1040,Ethan Zhao,False
0251_01,Earth,False,C/76/S,TRAPPIST-1e,14.5,False,435,398,1234,1414,498,Hiro Tanaka,False
0251_02,Europa,False,G/180/S,PSO J318.5-22,18.3,False,539,562,441,1284,772,Priya Kaur,False
0252_01,Earth,True,F/75/S,PSO J318.5-22,39.9,False,0,0,0,0,0,Ethan Zhao,True
0252_02,Earth,False,F/164/S,PSO J318.5-22,35.2,False,1343,137,991,367,1243,Nova Stark,False
0253_01,Europa,False,F/182/S,PSO J318.5-22,29.7,False,359,920,328,961,462,Priya Kaur,True
0253_02,Mars,False,E/28/P,TRAPPIST-1e,30.5,False,945,962,1405,835,168,Aria Lin,True
0254_01,Earth,False,B/74/S,TRAPPIST-1e,27.7,False,766,369,148,651,769,Ethan Zhao,False
0254_02,Earth,False,A/92/S,TRAPPIST-1e,33.7,False,373,780,159,350,1311,Aria Lin,False
0255_01,Earth,False,E/100/P,55 Cancri e,17.3,False,521,782,272,935,1425,Ethan Zhao,True
0255_02,Europa,True,D/100/S,PSO J318.5-22,31.6,False,0,0,0,0,0,Priya Kaur,True
0256_01,Europa,True,E/200/S,TRAPPIST-1e,22.1,False,0,0,0,0,0,Ethan Zhao,True
0256_02,Mars,False,E/190/P,PSO J318.5-22,15.2,False,845,123,984,789,413,Remy Vivaldi,True
0257_01,Earth,False,A/48/P,PSO J318.5-22,30.1,False,1458,685,112,887,121,Leo Stark,True
0257_02,Earth,False,B/42/S,TRAPPIST-1e,33.1,False,1245,38,496,779,1256,Ethan Zhao,False
0258_01,Earth,True,C/153/P,PSO J318.5-22,49.3,False,0,0,0,0,0,Hiro Tanaka,False
0258_02,Earth,False,E/141/S,TRAPPIST-1e,34.9,False,1021,660,301,1383,237,Nova Stark,False
0259_01,Earth,False,G/130/P,55 Cancri e,34.6,False,202,255,597,661,234,Leo Stark,True
0259_02,Earth,False,F/85/S,TRAPPIST-1e,39.7,False,1368,533,859,1489,769,Hiro Tanaka,False
0260_01,Mars,False,F/3/P,PSO J318.5-22,32.0,False,282,1486,1430,87,1067,Remy Vivaldi,False
0260_02,Europa,False,B/11/S,TRAPPIST-1e,21.5,False,460,277,420,1376,695,Jordan Benson,False
0261_01,Mars,False,A/133/S,55 Cancri e,19.4,False,22,412,1053,107,1390,Ilya Komarov,False
0261_02,Earth,False,B/83/P,TRAPPIST-1e,30.4,False,1304,1151,1252,1134,135,Priya Kaur,False
0262_01,Europa,True,F/162/P,PSO J318.5-22,25.5,False,0,0,0,0,0,Jordan Benson,True
0262_02,Europa,False,F/199/S,PSO J318.5-22,27.8,False,128,1284,514,448,1127,Jordan Benson,False
0263_01,Earth,True,F/85/P,TRAPPIST-1e,30.5,False,0,0,0,0,0,Lara Xel'Naga,True
0263_02,Mars,True,G/59/S,55 Cancri e,26.0,False,0,0,0,0,0,Aria Lin,True
0264_01,Earth,True,F/31/P,PSO J318.5-22,15.1,False,0,0,0,0,0,Jordan Benson,True
0264_02,Europa,True,G/19/S,55 Cancri e,38.8,False,0,0,0,0,0,Aria Lin,True
0265_01,Earth,True,D/98/S,PSO J318.5-22,35.6,True,0,0,0,0,0,Lara Xel'Naga,True
0265_02,Earth,False,G/140/S,PSO J318.5-22,33.8,False,922,1089,936,111,1036,Aria Lin,False
0266_01,Europa,False,A/142/P,TRAPPIST-1e,44.4,True,233,601,313,565,1035,Hiro Tanaka,False
0266_02,Mars,False,A/79/P,PSO J318.5-22,54.3,False,208,1037,1441,1460,1400,Ethan Zhao,False
0267_01,Mars,False,G/132/P,TRAPPIST-1e,39.3,False,1014,1093,1234,1124,697,Hiro Tanaka,False
0267_02,Earth,True,F/146/P,PSO J318.5-22,35.8,False,0,0,0,0,0,Priya Kaur,True
0268_01,Mars,True,F/18/S,TRAPPIST-1e,19.8,False,0,0,0,0,0,Hiro Tanaka,True
0268_02,Earth,False,F/168/P,TRAPPIST-1e,7.1,False,1043,535,1013,226,1177,Jordan Benson,False
0269_01,Earth,False,C/158/S,PSO J318.5-22,13.8,False,870,404,201,37,941,Hiro Tanaka,False
0269_02,Earth,False,B/2/S,TRAPPIST-1e,10.4,False,187,1080,940,1043,272,Ethan Zhao,False
0270_01,Mars,True,C/35/S,55 Cancri e,22.5,False,0,0,0,0,0,Nova Stark,True
0270_02,Mars,False,B/166/P,TRAPPIST-1e,53.6,False,525,335,697,1078,499,Lara Xel'Naga,False
0271_01,Earth,True,F/20/P,TRAPPIST-1e,48.6,False,0,0,0,0,0,Aria Lin,True
0271_02,Europa,False,G/152/P,TRAPPIST-1e,40.1,False,161,593,158,1211,59,Priya Kaur,False
0272_01,Mars,False,G/39/S,TRAPPIST-1e,38.9,False,210,405,663,1132,1099,Hiro Tanaka,False
0272_02,Earth,True,E/131/P,TRAPPIST-1e,13.8,False,0,0,0,0,0,Mila Benson,True
0273_01,Europa,False,G/132/P,55 Cancri e,35.0,False,926,867,18,431,739,Hiro Tanaka,False
0273_02,Europa,False,B/189/S,TRAPPIST-1e,37.6,True,1373,182,112,1206,480,Ilya Komarov,True
0274_01,Earth,False,A/172/P,55 Cancri e,27.2,False,762,475,762,1326,970,Nova Stark,False
0274_02,Mars,False,A/167/S,TRAPPIST-1e,26.8,False,1019,1141,160,400,197,Priya Kaur,False
0275_01,Earth,False,C/149/P,TRAPPIST-1e,40.2,False,398,77,123,74,136,Nova Stark,False
0275_02,Earth,False,D/58/S,TRAPPIST-1e,33.8,False,601,1423,836,499,137,Nova Stark,False
0276_01,Mars,False,A/129/P,55 Cancri e,29.4,False,562,756,1449,546,1325,Jordan Benson,False
0276_02,Earth,True,B/41/S,PSO J318.5-22,10.3,False,0,0,0,0,0,Jordan Benson,True
0277_01,Mars,False,F/30/S,PSO J318.5-22,22.2,False,48,916,1097,703,260,Remy Vivaldi,False
0277_02,Europa,False,A/63/P,TRAPPIST-1e,15.0,False,355,1283,637,742,1318,Lara Xel'Naga,True
0278_01,Mars,True,E/38/P,TRAPPIST-1e,0.0,False,0,0,0,0,0,Lara Xel'Naga,True
0278_02,Mars,False,E/164/P,PSO J318.5-22,26.4,False,1336,611,808,1205,685,Kai Vega,False
0279_01,Earth,False,D/124/P,TRAPPIST-1e,18.0,False,984,547,724,925,1431,Hiro Tanaka,True
0279_02,Europa,False,B/160/S,TRAPPIST-1e,31.0,False,875,617,413,1365,1243,Nova Stark,False
0280_01,Europa,False,B/97/S,TRAPPIST-1e,18.5,False,269,631,905,1423,1205,Remy Vivaldi,False
0280_02,Mars,False,G/39/P,TRAPPIST-1e,18.5,False,204,581,840,1251,595,Hiro Tanaka,False
0281_01,Mars,False,A/24/S,PSO J318.5-22,38.5,False,195,689,1093,638,1422,Hiro Tanaka,False
0281_02,Earth,False,G/174/S,55 Cancri e,48.3,False,671,1226,1171,1495,943,Mila Benson,False
0282_01,Mars,True,G/124/S,TRAPPIST-1e,12.4,False,0,0,0,0,0,Ethan Zhao,False
0282_02,Europa,False,D/35/S,55 Cancri e,22.7,False,1336,164,313,20,1105,Jordan Benson,True
0283_01,Mars,False,B/2/P,55 Cancri e,32.5,False,983,304,370,852,383,Priya Kaur,True
0283_02,Europa,True,G/81/S,TRAPPIST-1e,21.0,False,0,0,0,0,0,Leo Stark,True
0284_01,Earth,True,E/109/S,PSO J318.5-22,19.8,False,0,0,0,0,0,Aria Lin,True
0284_02,Earth,False,G/143/S,TRAPPIST-1e,26.4,False,597,1014,288,592,572,Priya Kaur,False
0285_01,Earth,False,G/181/S,PSO J318.5-22,32.3,False,422,176,528,965,197,Aria Lin,True
0285_02,Earth,False,F/42/P,TRAPPIST-1e,34.9,False,609,841,852,21,1135,Nova Stark,False
0286_01,Europa,False,F/14/P,TRAPPIST-1e,26.0,False,1167,434,636,1109,587,Mila Benson,False
0286_02,Earth,False,E/112/P,TRAPPIST-1e,26.6,False,343,1317,570,610,242,Nova Stark,True
0287_01,Earth,False,D/158/S,PSO J318.5-22,21.7,False,390,276,531,1177,382,Mila Benson,False
0287_02,Earth,False,D/3/P,PSO J318.5-22,34.0,False,1091,883,213,375,743,Priya Kaur,True
0288_01,Earth,False,E/133/P,PSO J318.5-22,24.4,False,1000,679,57,1049,880,Mila Benson,False
0288_02,Europa,True,B/23/S,PSO J318.5-22,33.1,False,0,0,0,0,0,Aria Lin,True
0289_01,Europa,True,A/189/P,TRAPPIST-1e,36.8,False,0,0,0,0,0,Ethan Zhao,False
0289_02,Europa,False,G/71/P,PSO J318.5-22,27.2,False,1120,1011,226,773,678,Ilya Komarov,False
0290_01,Europa,True,B/105/P,55 Cancri e,38.4,False,0,0,0,0,0,Kai Vega,True
0290_02,Earth,False,C/138/S,PSO J318.5-22,33.1,False,1201,1450,708,306,778,Leo Stark,False
0291_01,Europa,True,C/199/S,PSO J318.5-22,29.1,False,0,0,0,0,0,Hiro Tanaka,False
0291_02,Mars,True,A/98/P,PSO J318.5-22,13.6,False,0,0,0,0,0,Nova Stark,True
0292_01,Mars,False,A/180/S,TRAPPIST-1e,37.2,False,163,484,1095,566,904,Leo Stark,False
0292_02,Earth,True,B/122/S,TRAPPIST-1e,21.3,False,0,0,0,0,0,Hiro Tanaka,True
0293_01,Europa,False,B/128/P,TRAPPIST-1e,35.7,False,1127,1233,553,827,467,Kai Vega,True
0293_02,Earth,False,G/159/S,TRAPPIST-1e,26.1,False,1477,1291,385,774,847,Jordan Benson,False
0294_01,Europa,False,D/158/P,PSO J318.5-22,24.7,False,1023,612,927,687,612,Mila Benson,False
0294_02,Mars,False,D/148/S,55 Cancri e,24.0,False,259,989,965,365,543,Priya Kaur,True
0295_01,Earth,False,B/14/S,55 Cancri e,31.4,False,1039,1152,574,1132,1012,Mila Benson,False
0295_02,Mars,False,G/45/S,TRAPPIST-1e,22.6,False,669,268,1185,1283,923,Ilya Komarov,False
0296_01,Earth,True,B/98/P,TRAPPIST-1e,26.1,False,0,0,0,0,0,Kai Vega,True
0296_02,Earth,True,D/157/S,TRAPPIST-1e,37.9,False,0,0,0,0,0,Leo Stark,True
0297_01,Europa,False,C/103/S,55 Cancri e,39.9,False,929,1405,1021,644,226,Lara Xel'Naga,False
0297_02,Europa,True,A/185/S,TRAPPIST-1e,53.9,False,0,0,0,0,0,Leo Stark,True
0298_01,Europa,True,G/3/P,55 Cancri e,31.4,False,0,0,0,0,0,Aria Lin,True
0298_02,Europa,False,D/77/S,55 Cancri e,25.0,False,1395,1457,645,210,1400,Mila Benson,False
0299_01,Europa,True,B/66/S,PSO J318.5-22,41.2,False,0,0,0,0,0,Ethan Zhao,True
0299_02,Mars,False,E/66/S,TRAPPIST-1e,26.8,False,456,724,1249,981,1154,Nova Stark,False
0300_01,Europa,True,E/167/P,PSO J318.5-22,28.7,False,0,0,0,0,0,Nova Stark,True
0300_02,Mars,False,D/21/S,PSO J318.5-22,38.4,False,1300,155,1241,189,1440,Aria Lin,False
0301_01,Earth,False,C/108/S,TRAPPIST-1e,22.3,False,40,306,942,337,1337,Nova Stark,True
0301_02,Earth,False,F/69/S,TRAPPIST-1e,23.9,False,1098,952,278,1199,895,Nova Stark,False
0302_01,Mars,False,D/43/P,TRAPPIST-1e,38.0,False,861,930,288,723,892,Remy Vivaldi,False
0302_02,Europa,False,A/54/P,TRAPPIST-1e,23.7,False,271,1089,482,935,247,Jordan Benson,False
0303_01,Mars,False,A/198/S,55 Cancri e,24.0,False,967,854,639,190,515,Jordan Benson,True
0303_02,Europa,True,F/100/S,TRAPPIST-1e,33.2,False,0,0,0,0,0,Kai Vega,True
0304_01,Earth,True,G/44/P,TRAPPIST-1e,24.6,False,0,0,0,0,0,Nova Stark,False
0304_02,Mars,False,E/70/S,TRAPPIST-1e,32.3,False,142,1214,532,226,1336,Ethan Zhao,False
0305_01,Europa,False,F/192/S,55 Cancri e,38.3,False,459,1424,550,392,844,Priya Kaur,False
0305_02,Mars,False,B/23/S,TRAPPIST-1e,14.8,False,1230,209,1138,645,1274,Kai Vega,True
0306_01,Earth,True,G/195/P,TRAPPIST-1e,12.4,False,0,0,0,0,0,Priya Kaur,True
0306_02,Mars,False,D/77/P,PSO J318.5-22,13.7,False,141,611,500,839,701,Kai Vega,False
0307_01,Earth,False,B/106/S,TRAPPIST-1e,30.5,False,595,280,423,855,269,Ethan Zhao,False
0307_02,Mars,False,B/68/P,55 Cancri e,27.4,False,153,613,661,82,946,Priya Kaur,False
0308_01,Europa,False,F/70/S,PSO J318.5-22,33.4,False,283,979,172,1350,1086,Kai Vega,False
0308_02,Earth,True,C/29/S,PSO J318.5-22,36.8,False,0,0,0,0,0,Ethan Zhao,True
0309_01,Earth,False,B/13/P,TRAPPIST-1e,48.4,False,632,786,942,1011,397,Kai Vega,True
0309_02,Europa,False,A/60/P,TRAPPIST-1e,37.4,True,1143,933,1460,675,935,Remy Vivaldi,False
0310_01,Earth,False,D/96/S,PSO J318.5-22,11.0,False,1226,820,1000,333,221,Nova Stark,True
0310_02,Europa,False,A/69/S,TRAPPIST-1e,33.3,False,40,67,987,513,1150,Lara Xel'Naga,True
0311_01,Earth,False,G/4/P,PSO J318.5-22,33.6,False,1085,880,431,267,1058,Leo Stark,False
0311_02,Mars,True,A/51/S,PSO J318.5-22,50.5,False,0,0,0,0,0,Priya Kaur,True
0312_01,Earth,False,F/80/S,TRAPPIST-1e,36.5,False,1492,660,1348,1327,1299,Mila Benson,False
0312_02,Mars,False,C/124/S,TRAPPIST-1e,21.2,False,1012,1224,1468,1347,1058,Mila Benson,False
0313_01,Earth,False,B/163/S,TRAPPIST-1e,34.5,True,1454,1447,331,437,173,Kai Vega,False
0313_02,Mars,False,A/11/S,PSO J318.5-22,54.9,False,558,526,658,25,819,Nova Stark,False
0314_01,Earth,True,A/176/S,PSO J318.5-22,49.1,False,0,0,0,0,0,Mila Benson,True
0314_02,Earth,False,G/28/P,55 Cancri e,16.9,False,504,178,131,1478,347,Priya Kaur,False
0315_01,Europa,False,D/188/P,TRAPPIST-1e,25.5,False,578,853,193,1185,346,Nova Stark,False
0315_02,Earth,False,D/181/S,55 Cancri e,19.6,False,950,1384,1110,1285,213,Ethan Zhao,False
0316_01,Mars,True,C/83/S,TRAPPIST-1e,20.6,False,0,0,0,0,0,Hiro Tanaka,False
0316_02,Mars,True,E/40/S,TRAPPIST-1e,14.8,False,0,0,0,0,0,Priya Kaur,True
0317_01,Earth,False,E/98/P,TRAPPIST-1e,21.9,False,1490,1403,361,1472,440,Nova Stark,False
0317_02,Earth,False,A/169/S,TRAPPIST-1e,27.6,False,92,752,866,1447,141,Ilya Komarov,False
0318_01,Earth,False,C/105/S,TRAPPIST-1e,13.0,False,652,700,997,48,1325,Aria Lin,True
0318_02,Earth,True,A/52/P,55 Cancri e,35.6,False,0,0,0,0,0,Mila Benson,True
0319_01,Mars,False,E/160/S,TRAPPIST-1e,23.2,False,340,703,317,617,1386,Hiro Tanaka,False
0319_02,Earth,False,B/168/S,TRAPPIST-1e,35.8,False,381,232,1367,816,552,Aria Lin,True
0320_01,Mars,False,D/95/P,PSO J318.5-22,29.3,False,182,1064,396,778,906,Mila Benson,False
0320_02,Earth,True,B/133/P,TRAPPIST-1e,41.3,False,0,0,0,0,0,Priya Kaur,True
0321_01,Earth,False,B/146/P,55 Cancri e,24.0,False,0,1191,18,1355,583,Leo Stark,False
0321_02,Europa,False,C/173/S,PSO J318.5-22,21.5,False,455,956,1132,1291,444,Jordan Benson,True
0322_01,Earth,False,E/87/P,55 Cancri e,37.2,False,102,987,1273,1476,519,Ilya Komarov,False
0322_02,Earth,False,C/96/S,PSO J318.5-22,22.6,False,1176,858,173,1366,1004,Ethan Zhao,False
0323_01,Earth,False,B/97/S,TRAPPIST-1e,24.2,False,1347,989,638,419,593,Ilya Komarov,False
0323_02,Earth,False,C/153/P,55 Cancri e,33.8,False,484,411,935,1107,1136,Kai Vega,True
0324_01,Earth,True,C/6/S,55 Cancri e,33.1,False,0,0,0,0,0,Hiro Tanaka,False
0324_02,Earth,True,D/92/P,TRAPPIST-1e,26.3,False,0,0,0,0,0,Hiro Tanaka,True
0325_01,Earth,False,A/147/S,55 Cancri e,40.3,False,449,1289,909,209,562,Ethan Zhao,True
0325_02,Earth,False,B/125/P,55 Cancri e,39.6,False,1141,712,1400,770,1107,Mila Benson,False
0326_01,Europa,False,G/15/S,TRAPPIST-1e,41.3,False,386,1373,295,257,1104,Leo Stark,False
0326_02,Earth,False,B/192/P,PSO J318.5-22,35.6,False,267,418,234,1334,985,Leo Stark,True
0327_01,Mars,True,E/145/P,TRAPPIST-1e,26.3,False,0,0,0,0,0,Remy Vivaldi,True
0327_02,Europa,False,D/115/P,TRAPPIST-1e,13.1,False,1431,1317,276,1461,1130,Leo Stark,True
0328_01,Earth,True,E/191/P,55 Cancri e,46.4,False,0,0,0,0,0,Jordan Benson,True
0328_02,Mars,False,B/196/P,55 Cancri e,20.5,False,374,72,1053,1211,1387,Ilya Komarov,False
0329_01,Europa,True,E/189/P,TRAPPIST-1e,33.3,False,0,0,0,0,0,Leo Stark,True
0329_02,Europa,True,F/106/S,TRAPPIST-1e,32.9,False,0,0,0,0,0,Nova Stark,True
0330_01,Europa,True,C/44/S,PSO J318.5-22,9.8,False,0,0,0,0,0,Ilya Komarov,True
0330_02,Mars,True,G/60/P,PSO J318.5-22,21.1,False,0,0,0,0,0,Ethan Zhao,False
0331_01,Earth,False,B/159/P,TRAPPIST-1e,9.6,True,1141,1403,678,1313,439,Ethan Zhao,False
0331_02,Earth,False,A/85/P,PSO J318.5-22,39.7,False,932,6,1219,420,832,Remy Vivaldi,False
0332_01,Europa,True,D/160/P,PSO J318.5-22,18.4,False,0,0,0,0,0,Mila Benson,True
0332_02,Europa,False,C/44/P,TRAPPIST-1e,23.7,False,1225,1467,913,1442,1450,Ethan Zhao,False
0333_01,Earth,False,A/18/S,PSO J318.5-22,40.7,False,394,816,880,575,324,Aria Lin,False
0333_02,Earth,True,G/167/S,TRAPPIST-1e,23.0,False,0,0,0,0,0,Priya Kaur,False
0334_01,Earth,False,D/153/P,TRAPPIST-1e,40.2,False,1463,1227,832,1054,1411,Ilya Komarov,False
0334_02,Europa,True,B/136/S,TRAPPIST-1e,29.1,False,0,0,0,0,0,Ethan Zhao,True
0335_01,Mars,False,C/161/S,TRAPPIST-1e,16.9,False,1178,1453,362,447,1257,Priya Kaur,True
0335_02,Earth,False,D/8/S,TRAPPIST-1e,29.0,False,261,124,910,244,541,Leo Stark,False
0336_01,Earth,False,E/174/P,55 Cancri e,28.5,False,169,123,1058,1110,645,Lara Xel'Naga,False
0336_02,Earth,False,C/115/P,TRAPPIST-1e,27.5,False,785,200,368,796,76,Hiro Tanaka,False
0337_01,Earth,False,C/177/P,55 Cancri e,17.2,False,108,1007,1301,67,1092,Lara Xel'Naga,False
0337_02,Mars,False,C/18/P,TRAPPIST-1e,31.3,False,1188,304,673,364,820,Lara Xel'Naga,False
0338_01,Europa,False,D/106/S,55 Cancri e,25.8,False,1377,1439,1132,761,340,Aria Lin,False
0338_02,Earth,True,B/28/P,TRAPPIST-1e,40.3,True,0,0,0,0,0,Hiro Tanaka,True
0339_01,Europa,False,B/153/P,TRAPPIST-1e,15.4,False,299,138,358,835,1408,Nova Stark,True
0339_02,Europa,False,E/155/S,PSO J318.5-22,19.3,False,1303,482,908,1134,865,Lara Xel'Naga,False
0340_01,Mars,False,B/50/P,TRAPPIST-1e,2.7,False,272,1122,103,1237,761,Mila Benson,False
0340_02,Mars,True,F/52/P,TRAPPIST-1e,25.1,False,0,0,0,0,0,Ilya Komarov,False
0341_01,Mars,False,G/118/P,55 Cancri e,45.2,False,519,1307,516,656,612,Mila Benson,False
0341_02,Mars,False,D/157/P,55 Cancri e,25.1,False,163,63,1114,1140,266,Ilya Komarov,False
0342_01,Earth,False,B/133/S,PSO J318.5-22,22.1,True,245,394,475,976,1207,Leo Stark,False
0342_02,Europa,False,B/75/S,TRAPPIST-1e,7.0,False,1043,557,1017,882,146,Kai Vega,False
0343_01,Mars,True,A/177/P,55 Cancri e,18.9,False,0,0,0,0,0,Ilya Komarov,True
0343_02,Mars,True,G/150/P,TRAPPIST-1e,28.3,False,0,0,0,0,0,Ilya Komarov,True
0344_01,Mars,False,F/52/S,TRAPPIST-1e,27.5,False,694,1251,1125,1440,1239,Ethan Zhao,False
0344_02,Europa,False,F/188/P,TRAPPIST-1e,44.4,False,406,398,714,703,760,Ilya Komarov,False
0345_01,Earth,False,D/187/P,TRAPPIST-1e,41.6,False,973,81,603,771,902,Mila Benson,False
0345_02,Earth,False,F/39/P,TRAPPIST-1e,19.7,False,364,162,1071,510,1352,Ethan Zhao,True
0346_01,Earth,False,G/115/S,PSO J318.5-22,14.2,False,839,146,1346,442,836,Lara Xel'Naga,False
0346_02,Earth,False,C/4/S,55 Cancri e,37.6,False,1036,942,286,719,1137,Priya Kaur,False
0347_01,Europa,False,B/56/S,55 Cancri e,47.6,False,682,905,319,125,276,Jordan Benson,False
0347_02,Earth,True,E/72/P,TRAPPIST-1e,25.6,False,0,0,0,0,0,Mila Benson,True
0348_01,Earth,True,A/171/S,TRAPPIST-1e,39.5,False,0,0,0,0,0,Mila Benson,True
0348_02,Earth,True,C/157/P,55 Cancri e,22.7,False,0,0,0,0,0,Nova Stark,False
0349_01,Earth,False,C/95/S,TRAPPIST-1e,19.1,False,56,1326,1186,18,1393,Priya Kaur,True
0349_02,Mars,True,F/71/S,55 Cancri e,21.2,False,0,0,0,0,0,Remy Vivaldi,True
0350_01,Europa,True,E/187/P,55 Cancri e,37.5,False,0,0,0,0,0,Hiro Tanaka,False
0350_02,Europa,True,E/82/S,55 Cancri e,33.1,False,0,0,0,0,0,Hiro Tanaka,True
0351_01,Earth,False,D/134/S,55 Cancri e,35.3,False,0,910,140,647,187,Hiro Tanaka,True
0351_02,Earth,False,A/31/P,55 Cancri e,33.2,False,1151,200,1150,256,546,Jordan Benson,False
0352_01,Earth,False,D/106/P,TRAPPIST-1e,20.3,False,1288,801,941,1407,1283,Aria Lin,True
0352_02,Europa,True,C/66/P,TRAPPIST-1e,30.1,False,0,0,0,0,0,Priya Kaur,True
0353_01,Earth,True,C/88/S,PSO J318.5-22,21.2,False,0,0,0,0,0,Mila Benson,False
0353_02,Earth,False,C/173/S,55 Cancri e,26.6,False,1378,909,187,1313,44,Aria Lin,True
0354_01,Earth,False,G/138/S,55 Cancri e,28.3,False,1089,935,374,161,1403,Leo Stark,False
0354_02,Earth,False,C/145/S,55 Cancri e,34.1,False,1381,1211,321,449,1497,Remy Vivaldi,False
0355_01,Earth,False,G/91/P,TRAPPIST-1e,11.9,False,507,1313,294,1474,903,Mila Benson,False
0355_02,Mars,False,G/43/S,TRAPPIST-1e,20.4,False,1238,973,631,1050,732,Kai Vega,False
0356_01,Earth,False,C/106/P,55 Cancri e,39.5,False,912,1256,436,780,1426,Nova Stark,False
0356_02,Earth,True,C/45/P,TRAPPIST-1e,30.8,False,0,0,0,0,0,Remy Vivaldi,False
0357_01,Mars,False,G/124/P,TRAPPIST-1e,41.6,False,725,30,336,182,1046,Ilya Komarov,False
0357_02,Mars,False,C/37/P,55 Cancri e,14.9,False,543,1469,1097,1033,1479,Lara Xel'Naga,True
0358_01,Earth,False,F/134/P,TRAPPIST-1e,48.5,False,1037,1201,411,1011,52,Mila Benson,False
0358_02,Europa,False,C/120/P,TRAPPIST-1e,36.2,False,407,846,1045,1053,702,Aria Lin,False
0359_01,Earth,False,C/164/P,TRAPPIST-1e,21.0,False,1313,849,353,1098,872,Kai Vega,True
0359_02,Earth,False,F/31/S,TRAPPIST-1e,43.6,False,1464,990,1264,1017,1177,Jordan Benson,True
0360_01,Europa,False,A/53/S,55 Cancri e,34.9,False,208,1366,1111,817,389,Lara Xel'Naga,False
0360_02,Earth,False,B/19/S,PSO J318.5-22,44.0,False,324,939,888,1180,667,Priya Kaur,False
0361_01,Earth,True,F/13/P,TRAPPIST-1e,25.3,False,0,0,0,0,0,Leo Stark,True
0361_02,Europa,False,E/162/S,PSO J318.5-22,20.2,False,136,427,1475,611,910,Nova Stark,False
0362_01,Europa,False,G/137/P,PSO J318.5-22,26.9,False,197,623,690,1444,400,Hiro Tanaka,True
0362_02,Europa,False,D/80/S,55 Cancri e,34.4,False,470,217,928,631,950,Remy Vivaldi,True
0363_01,Europa,True,C/101/P,PSO J318.5-22,37.7,False,0,0,0,0,0,Nova Stark,True
0363_02,Earth,False,A/17/S,TRAPPIST-1e,40.4,False,928,522,1475,430,792,Ilya Komarov,False
0364_01,Earth,False,E/148/P,55 Cancri e,21.8,False,978,1316,809,912,1124,Ethan Zhao,False
0364_02,Earth,False,A/78/S,TRAPPIST-1e,24.8,False,1327,870,539,1023,1378,Remy Vivaldi,False
0365_01,Mars,True,D/99/P,TRAPPIST-1e,13.6,False,0,0,0,0,0,Ethan Zhao,True
0365_02,Mars,False,C/140/P,TRAPPIST-1e,25.9,False,226,1259,872,891,1478,Jordan Benson,False
0366_01,Europa,False,D/30/S,TRAPPIST-1e,23.5,False,396,1123,30,897,648,Ilya Komarov,True
0366_02,Mars,True,A/176/S,TRAPPIST-1e,42.5,False,0,0,0,0,0,Aria Lin,True
0367_01,Earth,False,E/194/P,PSO J318.5-22,24.3,False,951,1123,620,1196,161,Lara Xel'Naga,False
0367_02,Earth,False,E/115/P,TRAPPIST-1e,49.0,False,775,1286,273,1026,1051,Nova Stark,True
0368_01,Europa,False,D/184/S,TRAPPIST-1e,24.6,False,1088,355,1275,234,226,Hiro Tanaka,False
0368_02,Mars,False,G/76/P,TRAPPIST-1e,47.6,False,1336,48,117,53,564,Mila Benson,True
0369_01,Mars,False,C/29/S,TRAPPIST-1e,35.4,False,557,1125,867,397,1161,Ethan Zhao,False
0369_02,Europa,False,D/104/S,55 Cancri e,22.9,False,674,386,110,613,16,Aria Lin,True
0370_01,Earth,True,D/93/S,TRAPPIST-1e,25.5,False,0,0,0,0,0,Aria Lin,True
0370_02,Earth,True,A/37/S,PSO J318.5-22,32.4,False,0,0,0,0,0,Lara Xel'Naga,True
0371_01,Europa,False,G/117/S,PSO J318.5-22,34.2,False,1401,1211,857,229,118,Priya Kaur,False
0371_02,Mars,False,B/48/S,PSO J318.5-22,31.7,True,1179,783,464,103,697,Ilya Komarov,False
0372_01,Earth,False,C/106/S,TRAPPIST-1e,30.3,False,174,744,1444,1157,1414,Hiro Tanaka,False
0372_02,Mars,True,D/177/P,TRAPPIST-1e,39.0,False,0,0,0,0,0,Priya Kaur,False
0373_01,Europa,False,D/133/P,55 Cancri e,29.0,False,755,11,719,554,372,Jordan Benson,True
0373_02,Europa,False,F/20/S,PSO J318.5-22,43.5,False,483,972,1251,622,306,Nova Stark,False
0374_01,Earth,False,E/121/S,55 Cancri e,34.7,False,1479,1068,1237,1082,643,Kai Vega,True
0374_02,Earth,False,E/192/S,PSO J318.5-22,34.8,False,615,194,488,156,609,Kai Vega,True
0375_01,Mars,False,E/14/S,PSO J318.5-22,21.8,False,1147,470,1241,515,1127,Kai Vega,False
0375_02,Earth,False,G/72/S,TRAPPIST-1e,52.1,False,392,630,607,979,433,Kai Vega,False
0376_01,Earth,False,E/45/P,PSO J318.5-22,36.4,False,277,232,1113,1222,361,Lara Xel'Naga,True
0376_02,Europa,True,B/136/P,TRAPPIST-1e,47.8,False,0,0,0,0,0,Lara Xel'Naga,True
0377_01,Earth,False,G/106/S,TRAPPIST-1e,16.6,False,460,455,1383,1091,1006,Ethan Zhao,False
0377_02,Earth,False,G/89/P,PSO J318.5-22,18.6,False,862,1435,490,1072,563,Jordan Benson,True
0378_01,Mars,False,C/122/P,TRAPPIST-1e,40.4,False,558,158,488,685,1265,Leo Stark,False
0378_02,Earth,False,D/4/S,55 Cancri e,19.0,False,793,4,360,458,247,Nova Stark,False
0379_01,Europa,False,A/137/S,55 Cancri e,11.9,False,1145,276,452,1413,1317,Aria Lin,False
0379_02,Earth,True,G/26/S,PSO J318.5-22,29.8,False,0,0,0,0,0,Ilya Komarov,True
0380_01,Europa,True,F/151/P,55 Cancri e,14.9,False,0,0,0,0,0,Ethan Zhao,False
0380_02,Earth,False,F/3/P,TRAPPIST-1e,29.9,False,1246,2,989,1116,519,Priya Kaur,True
0381_01,Mars,False,F/73/S,TRAPPIST-1e,32.5,True,271,579,1275,559,695,Hiro Tanaka,True
0381_02,Europa,False,G/56/P,PSO J318.5-22,31.7,False,1113,445,1016,1355,1162,Jordan Benson,False
0382_01,Earth,False,G/166/P,TRAPPIST-1e,36.2,False,310,869,885,153,1413,Kai Vega,True
0382_02,Europa,False,F/117/S,PSO J318.5-22,27.2,False,1283,619,882,796,124,Aria Lin,False
0383_01,Earth,True,G/19/S,PSO J318.5-22,32.3,False,0,0,0,0,0,Leo Stark,True
0383_02,Earth,True,G/68/P,55 Cancri e,28.2,False,0,0,0,0,0,Remy Vivaldi,True
0384_01,Earth,False,A/37/S,TRAPPIST-1e,21.6,False,7,477,1375,494,832,Jordan Benson,False
0384_02,Europa,True,A/19/P,55 Cancri e,32.9,False,0,0,0,0,0,Ilya Komarov,True
0385_01,Mars,True,F/1/P,PSO J318.5-22,42.9,False,0,0,0,0,0,Lara Xel'Naga,True
0385_02,Mars,False,E/182/S,55 Cancri e,25.8,False,753,92,85,1067,136,Ethan Zhao,False
0386_01,Earth,False,A/99/S,TRAPPIST-1e,32.6,False,1179,1278,170,169,871,Nova Stark,False
0386_02,Earth,False,F/166/P,TRAPPIST-1e,33.5,False,321,455,943,789,612,Nova Stark,True
0387_01,Mars,False,C/166/P,TRAPPIST-1e,22.4,False,1196,9,739,1288,1461,Leo Stark,False
0387_02,Earth,False,A/162/S,55 Cancri e,13.4,False,1270,666,545,128,600,Aria Lin,False
0388_01,Earth,True,B/7/P,55 Cancri e,21.5,False,0,0,0,0,0,Priya Kaur,True
0388_02,Mars,False,G/116/P,TRAPPIST-1e,41.2,False,979,403,628,1382,717,Nova Stark,False
0389_01,Earth,False,B/168/S,PSO J318.5-22,40.4,False,1105,323,960,113,1081,Priya Kaur,True
0389_02,Europa,True,A/10/P,55 Cancri e,8.8,False,0,0,0,0,0,Ilya Komarov,False
0390_01,Europa,True,F/167/P,TRAPPIST-1e,20.0,False,0,0,0,0,0,Mila Benson,False
0390_02,Earth,False,B/152/P,TRAPPIST-1e,35.5,False,1216,1424,1301,353,1015,Hiro Tanaka,False
0391_01,Earth,True,B/110/S,PSO J318.5-22,12.6,False,0,0,0,0,0,Nova Stark,True
0391_02,Europa,False,B/83/P,PSO J318.5-22,47.8,True,946,660,98,587,281,Lara Xel'Naga,False
0392_01,Earth,True,G/107/P,PSO J318.5-22,26.2,False,0,0,0,0,0,Lara Xel'Naga,True
0392_02,Europa,True,A/162/S,PSO J318.5-22,29.7,False,0,0,0,0,0,Ilya Komarov,True
0393_01,Earth,True,A/181/S,55 Cancri e,36.8,False,0,0,0,0,0,Ilya Komarov,True
0393_02,Earth,True,C/134/S,55 Cancri e,26.5,False,0,0,0,0,0,Lara Xel'Naga,True
0394_01,Earth,False,F/128/P,PSO J318.5-22,24.8,False,461,131,790,873,83,Kai Vega,False
0394_02,Earth,False,B/31/P,PSO J318.5-22,39.0,False,1422,753,627,1132,220,Priya Kaur,False
0395_01,Mars,False,F/54/S,TRAPPIST-1e,19.4,False,111,614,923,474,835,Lara Xel'Naga,False
0395_02,Mars,False,B/172/P,TRAPPIST-1e,17.7,False,270,420,706,1390,1303,Kai Vega,True
0396_01,Earth,False,G/195/S,TRAPPIST-1e,37.0,False,535,1027,289,432,470,Mila Benson,False
0396_02,Earth,True,A/125/P,TRAPPIST-1e,35.4,False,0,0,0,0,0,Ethan Zhao,True
0397_01,Europa,False,B/192/S,TRAPPIST-1e,26.3,False,180,680,824,699,565,Nova Stark,True
0397_02,Earth,False,G/52/S,TRAPPIST-1e,34.7,False,1349,1380,679,390,1108,Hiro Tanaka,False
0398_01,Mars,True,E/117/P,TRAPPIST-1e,17.7,False,0,0,0,0,0,Ilya Komarov,True
0398_02,Europa,False,C/52/S,TRAPPIST-1e,20.5,True,341,843,1061,419,750,Hiro Tanaka,True
0399_01,Earth,True,D/118/S,TRAPPIST-1e,42.8,False,0,0,0,0,0,Remy Vivaldi,False
0399_02,Europa,True,G/164/P,55 Cancri e,23.2,False,0,0,0,0,0,Remy Vivaldi,True
0400_01,Mars,False,B/152/S,55 Cancri e,36.5,False,868,536,1135,1434,205,Ethan Zhao,False
0400_02,Earth,True,D/149/P,55 Cancri e,30.4,False,0,0,0,0,0,Hiro Tanaka,False
0401_01,Mars,False,A/121/P,55 Cancri e,24.4,False,1070,503,1045,212,309,Ilya Komarov,False
0401_02,Europa,False,D/127/P,TRAPPIST-1e,19.8,False,660,752,271,937,1225,Mila Benson,False
0402_01,Mars,False,B/92/S,TRAPPIST-1e,10.5,False,9,725,504,784,435,Jordan Benson,True
0402_02,Europa,False,F/118/P,55 Cancri e,29.3,False,1134,152,916,868,1125,Lara Xel'Naga,False
0403_01,Mars,True,G/95/S,PSO J318.5-22,35.1,False,0,0,0,0,0,Aria Lin,True
0403_02,Europa,False,A/76/S,PSO J318.5-22,37.6,False,562,1104,488,894,1111,Hiro Tanaka,False
0404_01,Earth,False,A/159/S,PSO J318.5-22,24.5,False,1446,1221,1024,1006,406,Priya Kaur,False
0404_02,Europa,False,A/29/S,TRAPPIST-1e,24.2,False,1401,166,508,312,1441,Mila Benson,False
0405_01,Earth,False,F/18/P,TRAPPIST-1e,22.6,False,1164,581,261,1363,1331,Remy Vivaldi,False
0405_02,Europa,False,G/149/P,PSO J318.5-22,33.4,False,244,1360,560,1099,174,Remy Vivaldi,False
0406_01,Earth,False,D/71/P,TRAPPIST-1e,44.3,False,962,1497,1123,863,1151,Ilya Komarov,False
0406_02,Mars,False,D/182/S,55 Cancri e,6.6,False,1475,368,850,42,1442,Aria Lin,False
0407_01,Earth,True,D/23/P,TRAPPIST-1e,27.4,False,0,0,0,0,0,Kai Vega,False
0407_02,Earth,True,C/29/P,55 Cancri e,32.5,False,0,0,0,0,0,Remy Vivaldi,True
0408_01,Europa,True,D/175/P,55 Cancri e,35.7,False,0,0,0,0,0,Ilya Komarov,True
0408_02,Earth,True,A/6/P,55 Cancri e,18.0,False,0,0,0,0,0,Leo Stark,True
0409_01,Europa,False,C/125/S,55 Cancri e,29.9,False,1191,338,192,1476,282,Lara Xel'Naga,False
0409_02,Earth,True,C/59/S,TRAPPIST-1e,41.2,False,0,0,0,0,0,Mila Benson,True
0410_01,Earth,False,B/159/P,PSO J318.5-22,17.6,False,1263,658,715,890,1481,Lara Xel'Naga,False
0410_02,Europa,False,F/40/P,TRAPPIST-1e,27.5,False,1112,1118,451,427,1174,Nova Stark,False
0411_01,Mars,True,B/53/P,PSO J318.5-22,37.7,False,0,0,0,0,0,Nova Stark,True
0411_02,Mars,False,B/137/S,TRAPPIST-1e,22.4,False,312,839,518,1229,374,Leo Stark,False
0412_01,Europa,True,D/82/P,TRAPPIST-1e,40.1,False,0,0,0,0,0,Priya Kaur,False
0412_02,Earth,False,C/122/S,PSO J318.5-22,30.6,False,594,1202,1233,499,463,Hiro Tanaka,False
0413_01,Mars,False,D/87/P,PSO J318.5-22,24.1,False,1035,1149,330,1306,139,Mila Benson,True
0413_02,Mars,True,A/103/P,55 Cancri e,23.8,False,0,0,0,0,0,Nova Stark,True
0414_01,Europa,True,E/57/S,TRAPPIST-1e,12.8,True,0,0,0,0,0,Priya Kaur,False
0414_02,Europa,False,A/132/S,TRAPPIST-1e,39.1,False,568,845,1092,117,887,Hiro Tanaka,False
0415_01,Earth,False,C/102/P,PSO J318.5-22,21.0,False,18,725,196,1473,558,Nova Stark,False
0415_02,Earth,True,C/79/S,55 Cancri e,37.3,False,0,0,0,0,0,Ethan Zhao,False
0416_01,Europa,False,G/114/S,TRAPPIST-1e,29.6,False,1107,390,214,214,1426,Leo Stark,False
0416_02,Mars,True,E/154/P,TRAPPIST-1e,27.6,False,0,0,0,0,0,Ilya Komarov,False
0417_01,Mars,False,A/152/S,TRAPPIST-1e,32.7,True,403,1052,337,830,713,Aria Lin,False
0417_02,Mars,True,D/182/P,TRAPPIST-1e,41.4,False,0,0,0,0,0,Leo Stark,True
0418_01,Mars,True,G/78/S,55 Cancri e,32.0,False,0,0,0,0,0,Ilya Komarov,True
0418_02,Earth,True,C/164/S,TRAPPIST-1e,27.6,False,0,0,0,0,0,Kai Vega,True
0419_01,Mars,False,F/63/P,TRAPPIST-1e,29.1,False,1435,1341,680,1105,1497,Ilya Komarov,False
0419_02,Earth,False,C/149/S,55 Cancri e,18.6,False,1491,424,1227,1018,386,Kai Vega,False
0420_01,Mars,False,G/31/S,55 Cancri e,27.2,False,207,585,165,21,153,Mila Benson,False
0420_02,Earth,False,B/82/S,PSO J318.5-22,13.5,False,1462,1318,218,668,229,Lara Xel'Naga,True
0421_01,Mars,False,C/13/S,TRAPPIST-1e,26.8,False,147,1131,402,595,366,Jordan Benson,False
0421_02,Europa,False,G/25/P,55 Cancri e,20.8,False,1437,1332,801,917,1157,Nova Stark,False
0422_01,Europa,False,C/176/S,TRAPPIST-1e,36.1,False,480,1375,559,1349,744,Nova Stark,False
0422_02,Earth,True,C/96/S,55 Cancri e,16.5,False,0,0,0,0,0,Lara Xel'Naga,True
0423_01,Earth,False,G/49/P,55 Cancri e,11.5,False,257,412,1475,1088,594,Jordan Benson,True
0423_02,Earth,False,D/90/S,PSO J318.5-22,29.7,False,1177,265,820,1102,1338,Ilya Komarov,False
0424_01,Europa,False,C/45/S,TRAPPIST-1e,33.5,False,890,1271,867,609,413,Jordan Benson,True
0424_02,Europa,True,B/79/P,TRAPPIST-1e,31.4,False,0,0,0,0,0,Jordan Benson,True
0425_01,Europa,False,A/5/S,PSO J318.5-22,19.4,False,880,300,1091,1030,816,Remy Vivaldi,True
0425_02,Europa,False,A/121/P,TRAPPIST-1e,45.0,True,1160,1187,82,1443,1096,Kai Vega,False
0426_01,Europa,True,A/155/P,55 Cancri e,24.1,False,0,0,0,0,0,Lara Xel'Naga,True
0426_02,Earth,True,G/192/S,55 Cancri e,32.2,False,0,0,0,0,0,Lara Xel'Naga,False
0427_01,Europa,False,B/130/P,TRAPPIST-1e,19.4,False,1364,1150,1432,366,1294,Mila Benson,False
0427_02,Europa,True,C/44/P,PSO J318.5-22,26.6,False,0,0,0,0,0,Remy Vivaldi,False
0428_01,Europa,False,F/151/P,55 Cancri e,28.5,False,914,1271,859,42,376,Jordan Benson,True
0428_02,Mars,False,D/55/P,55 Cancri e,41.5,False,1064,169,211,38,368,Nova Stark,True
0429_01,Earth,False,D/196/S,PSO J318.5-22,18.3,False,1337,1184,330,337,1327,Ethan Zhao,True
0429_02,Earth,False,D/73/S,55 Cancri e,9.2,False,1361,638,274,1187,1466,Aria Lin,False
0430_01,Mars,True,D/75/S,TRAPPIST-1e,37.2,False,0,0,0,0,0,Ilya Komarov,False
0430_02,Mars,True,F/126/P,TRAPPIST-1e,21.1,False,0,0,0,0,0,Aria Lin,True
0431_01,Earth,True,D/178/P,PSO J318.5-22,31.3,False,0,0,0,0,0,Lara Xel'Naga,True
0431_02,Earth,False,E/104/P,TRAPPIST-1e,3.1,False,1014,602,690,493,489,Ethan Zhao,False
0432_01,Europa,False,E/152/S,PSO J318.5-22,14.2,False,294,1392,795,864,548,Aria Lin,False
0432_02,Mars,False,E/104/S,55 Cancri e,24.6,False,648,567,1210,852,769,Ilya Komarov,True
0433_01,Earth,False,B/161/P,TRAPPIST-1e,14.6,False,1211,741,679,419,1275,Mila Benson,False
0433_02,Mars,False,B/98/S,TRAPPIST-1e,34.9,False,1358,91,62,511,1162,Hiro Tanaka,True
0434_01,Earth,False,E/197/S,55 Cancri e,15.1,False,1237,255,134,874,821,Aria Lin,False
0434_02,Mars,True,C/139/P,PSO J318.5-22,32.3,True,0,0,0,0,0,Leo Stark,False
0435_01,Earth,False,C/97/S,55 Cancri e,37.8,True,933,120,1408,1061,1364,Lara Xel'Naga,False
0435_02,Europa,False,F/43/S,55 Cancri e,17.9,False,1007,924,644,713,859,Ethan Zhao,False
0436_01,Europa,True,F/126/S,55 Cancri e,35.9,False,0,0,0,0,0,Lara Xel'Naga,True
0436_02,Mars,True,E/97/S,PSO J318.5-22,31.4,False,0,0,0,0,0,Nova Stark,True
0437_01,Europa,True,G/94/S,PSO J318.5-22,33.7,False,0,0,0,0,0,Aria Lin,True
0437_02,Earth,False,C/106/S,TRAPPIST-1e,37.7,False,802,963,68,1152,195,Remy Vivaldi,True
0438_01,Earth,False,F/17/S,TRAPPIST-1e,27.0,False,745,276,60,1342,51,Mila Benson,False
0438_02,Earth,False,G/109/S,TRAPPIST-1e,35.8,True,152,1334,543,566,1412,Ilya Komarov,False
0439_01,Earth,False,D/83/P,55 Cancri e,16.5,False,1385,313,806,847,96,Aria Lin,True
0439_02,Mars,False,G/171/S,TRAPPIST-1e,14.4,False,880,1236,828,136,1029,Nova Stark,False
0440_01,Earth,False,G/20/P,TRAPPIST-1e,29.8,False,661,424,629,260,1449,Kai Vega,False
0440_02,Mars,False,E/191/P,PSO J318.5-22,57.9,False,86,464,75,470,413,Jordan Benson,False
0441_01,Earth,True,G/136/S,55 Cancri e,48.6,False,0,0,0,0,0,Jordan Benson,True
0441_02,Earth,False,C/111/S,TRAPPIST-1e,16.7,False,1308,1262,652,671,1395,Kai Vega,False
0442_01,Mars,False,E/47/P,PSO J318.5-22,23.8,False,1424,1270,596,449,484,Lara Xel'Naga,False
0442_02,Earth,False,G/191/S,TRAPPIST-1e,25.0,False,645,619,1041,661,757,Priya Kaur,False
0443_01,Europa,False,E/187/P,55 Cancri e,20.9,False,1019,114,931,673,1257,Ilya Komarov,True
0443_02,Earth,False,G/77/S,55 Cancri e,15.4,False,1034,205,246,757,1150,Jordan Benson,False
0444_01,Mars,True,C/166/P,TRAPPIST-1e,20.6,False,0,0,0,0,0,Remy Vivaldi,True
0444_02,Earth,True,A/63/S,55 Cancri e,21.0,False,0,0,0,0,0,Leo Stark,True
0445_01,Earth,True,C/35/P,TRAPPIST-1e,29.1,False,0,0,0,0,0,Kai Vega,True
0445_02,Earth,False,A/185/S,TRAPPIST-1e,32.5,False,136,1198,1312,957,18,Jordan Benson,False
0446_01,Earth,False,D/94/P,TRAPPIST-1e,19.5,False,1001,448,945,1377,140,Ethan Zhao,False
0446_02,Earth,True,F/129/P,55 Cancri e,45.2,False,0,0,0,0,0,Hiro Tanaka,False
0447_01,Mars,True,A/61/P,PSO J318.5-22,31.3,False,0,0,0,0,0,Nova Stark,False
0447_02,Europa,False,F/191/P,55 Cancri e,37.2,False,238,204,559,1456,244,Jordan Benson,True
0448_01,Earth,False,C/151/P,55 Cancri e,24.6,False,639,855,1305,16,70,Ethan Zhao,False
0448_02,Earth,False,D/175/P,TRAPPIST-1e,20.1,False,1292,1348,304,1474,1030,Lara Xel'Naga,False
0449_01,Europa,False,C/6/P,PSO J318.5-22,33.4,False,170,250,1410,1230,540,Mila Benson,False
0449_02,Europa,True,E/99/S,PSO J318.5-22,41.3,False,0,0,0,0,0,Nova Stark,False
0450_01,Europa,True,G/61/S,TRAPPIST-1e,42.6,True,0,0,0,0,0,Leo Stark,False
0450_02,Earth,False,G/194/P,TRAPPIST-1e,38.0,False,1403,1167,24,667,1096,Lara Xel'Naga,False
0451_01,Europa,False,G/197/S,TRAPPIST-1e,40.4,False,504,335,424,498,1387,Jordan Benson,False
0451_02,Mars,False,D/86/S,TRAPPIST-1e,29.3,False,946,629,1222,717,1436,Ethan Zhao,True
0452_01,Earth,False,E/187/S,55 Cancri e,31.3,False,428,898,138,941,541,Mila Benson,False
0452_02,Earth,False,G/165/P,TRAPPIST-1e,25.0,False,56,1255,657,434,383,Aria Lin,False
0453_01,Europa,True,B/64/P,55 Cancri e,25.2,False,0,0,0,0,0,Nova Stark,True
0453_02,Europa,True,B/176/S,TRAPPIST-1e,37.4,False,0,0,0,0,0,Leo Stark,True
0454_01,Mars,False,G/147/P,TRAPPIST-1e,33.0,False,731,115,824,1072,684,Priya Kaur,False
0454_02,Europa,True,A/119/P,TRAPPIST-1e,28.4,False,0,0,0,0,0,Lara Xel'Naga,True
0455_01,Europa,False,C/39/P,TRAPPIST-1e,35.9,False,334,531,220,634,322,Hiro Tanaka,True
0455_02,Europa,False,G/117/S,TRAPPIST-1e,0.0,False,2,205,39,58,950,Remy Vivaldi,True
0456_01,Earth,True,D/98/P,55 Cancri e,22.0,False,0,0,0,0,0,Hiro Tanaka,True
0456_02,Earth,False,B/108/P,55 Cancri e,5.9,False,842,1145,618,95,1437,Mila Benson,True
0457_01,Earth,True,D/64/S,55 Cancri e,34.5,False,0,0,0,0,0,Ilya Komarov,True
0457_02,Mars,True,C/178/S,PSO J318.5-22,16.6,False,0,0,0,0,0,Leo Stark,True
0458_01,Europa,False,A/25/P,TRAPPIST-1e,26.0,False,1147,316,718,1071,1432,Remy Vivaldi,False
0458_02,Mars,False,F/154/P,TRAPPIST-1e,27.9,False,1159,1224,249,313,1391,Hiro Tanaka,False
0459_01,Mars,False,B/144/P,55 Cancri e,35.5,False,1337,1378,484,1234,43,Lara Xel'Naga,False
0459_02,Earth,False,B/23/S,PSO J318.5-22,34.2,False,570,582,1115,1288,894,Lara Xel'Naga,True
0460_01,Earth,True,B/128/S,PSO J318.5-22,31.0,False,0,0,0,0,0,Leo Stark,True
0460_02,Earth,False,G/68/S,55 Cancri e,32.6,False,400,1423,726,990,898,Nova Stark,False
0461_01,Mars,False,B/143/S,TRAPPIST-1e,42.7,False,489,1493,937,843,1468,Mila Benson,True
0461_02,Earth,False,B/181/S,55 Cancri e,24.4,False,1292,266,53,527,615,Ilya Komarov,True
0462_01,Mars,False,E/125/S,55 Cancri e,17.1,False,954,385,733,715,649,Ethan Zhao,False
0462_02,Earth,False,B/73/P,TRAPPIST-1e,20.2,False,299,394,1230,1359,592,Kai Vega,False
0463_01,Europa,False,E/2/P,55 Cancri e,17.6,False,370,857,790,657,1341,Remy Vivaldi,False
0463_02,Europa,True,C/7/S,PSO J318.5-22,30.4,False,0,0,0,0,0,Jordan Benson,True
0464_01,Europa,False,A/83/P,TRAPPIST-1e,21.4,False,504,238,194,677,1245,Ethan Zhao,False
0464_02,Mars,False,C/153/P,TRAPPIST-1e,36.5,False,60,1152,989,684,155,Aria Lin,False
0465_01,Mars,False,F/188/P,TRAPPIST-1e,10.4,False,922,867,902,998,1460,Aria Lin,True
0465_02,Earth,False,E/155/S,TRAPPIST-1e,25.1,False,974,1230,387,886,837,Lara Xel'Naga,True
0466_01,Europa,False,A/6/P,TRAPPIST-1e,34.7,False,339,203,160,391,768,Leo Stark,True
0466_02,Europa,False,B/31/S,55 Cancri e,35.0,False,574,533,1093,892,404,Ethan Zhao,False
0467_01,Earth,False,E/34/S,PSO J318.5-22,37.8,False,901,1240,55,365,454,Nova Stark,False
0467_02,Mars,False,D/122/S,55 Cancri e,31.6,False,103,76,229,1281,1287,Jordan Benson,False
0468_01,Mars,False,D/162/S,TRAPPIST-1e,32.7,True,687,26,1299,298,956,Nova Stark,False
0468_02,Europa,True,F/183/P,55 Cancri e,12.6,False,0,0,0,0,0,Aria Lin,True
0469_01,Earth,False,A/123/S,TRAPPIST-1e,35.6,False,457,1474,364,858,350,Aria Lin,False
0469_02,Earth,False,C/146/P,55 Cancri e,34.1,False,1423,252,780,802,1011,Mila Benson,False
0470_01,Mars,False,A/119/S,TRAPPIST-1e,26.1,False,507,1327,500,802,597,Jordan Benson,False
0470_02,Earth,True,F/119/P,TRAPPIST-1e,27.6,False,0,0,0,0,0,Mila Benson,True
0471_01,Europa,True,E/186/S,PSO J318.5-22,41.3,False,0,0,0,0,0,Hiro Tanaka,False
0471_02,Earth,False,G/48/P,TRAPPIST-1e,34.3,False,206,1258,1465,1378,514,Hiro Tanaka,True
0472_01,Europa,True,E/5/P,TRAPPIST-1e,37.7,False,0,0,0,0,0,Lara Xel'Naga,True
0472_02,Mars,False,G/169/S,TRAPPIST-1e,31.3,False,137,338,536,67,382,Hiro Tanaka,False
0473_01,Europa,False,F/102/S,TRAPPIST-1e,36.8,False,572,938,1299,1071,210,Mila Benson,True
0473_02,Earth,False,B/7/P,55 Cancri e,39.7,False,854,650,993,694,539,Aria Lin,True
0474_01,Europa,False,E/49/P,TRAPPIST-1e,13.3,False,779,1136,169,1491,1037,Lara Xel'Naga,False
0474_02,Earth,True,B/190/S,55 Cancri e,29.4,False,0,0,0,0,0,Ilya Komarov,True
0475_01,Earth,True,G/101/P,TRAPPIST-1e,27.3,True,0,0,0,0,0,Aria Lin,False
0475_02,Mars,False,G/127/S,TRAPPIST-1e,21.5,False,913,1178,693,887,470,Ilya Komarov,False
0476_01,Europa,False,F/125/P,PSO J318.5-22,30.0,False,1366,1448,570,856,1000,Mila Benson,False
0476_02,Earth,False,C/166/S,55 Cancri e,34.5,False,1205,457,917,832,1087,Hiro Tanaka,False
0477_01,Mars,False,D/6/P,TRAPPIST-1e,24.4,False,615,405,942,720,92,Ilya Komarov,False
0477_02,Earth,False,E/176/S,PSO J318.5-22,40.8,False,429,653,1457,1427,433,Ethan Zhao,False
0478_01,Earth,False,F/183/S,55 Cancri e,33.2,False,1066,206,779,1319,1141,Aria Lin,False
0478_02,Mars,False,G/42/P,TRAPPIST-1e,41.3,False,531,1245,165,642,1179,Jordan Benson,False
0479_01,Earth,True,B/156/S,TRAPPIST-1e,2.7,False,0,0,0,0,0,Ilya Komarov,True
0479_02,Earth,False,A/92/S,TRAPPIST-1e,25.0,False,972,804,944,741,1461,Lara Xel'Naga,False
0480_01,Mars,True,A/87/S,TRAPPIST-1e,45.6,False,0,0,0,0,0,Jordan Benson,True
0480_02,Mars,True,C/91/P,PSO J318.5-22,43.7,False,0,0,0,0,0,Kai Vega,False
0481_01,Europa,False,E/172/P,PSO J318.5-22,23.3,False,1031,1052,295,985,925,Ilya Komarov,False
0481_02,Europa,True,A/157/P,55 Cancri e,26.5,True,0,0,0,0,0,Jordan Benson,True
0482_01,Earth,False,C/41/S,PSO J318.5-22,30.1,False,438,1167,941,829,518,Priya Kaur,False
0482_02,Earth,True,C/86/P,TRAPPIST-1e,35.4,False,0,0,0,0,0,Ilya Komarov,False
0483_01,Europa,False,B/122/S,TRAPPIST-1e,32.4,False,951,943,154,1204,1238,Jordan Benson,True
0483_02,Europa,False,C/162/P,TRAPPIST-1e,28.0,False,87,1279,1096,930,178,Priya Kaur,False
0484_01,Earth,True,D/106/S,55 Cancri e,30.9,False,0,0,0,0,0,Priya Kaur,True
0484_02,Mars,False,D/38/P,PSO J318.5-22,28.7,False,1287,1230,606,884,365,Jordan Benson,True
0485_01,Earth,False,G/43/S,TRAPPIST-1e,22.8,False,1291,944,1087,809,1373,Mila Benson,False
0485_02,Europa,True,E/15/S,55 Cancri e,26.0,False,0,0,0,0,0,Aria Lin,True
0486_01,Earth,False,C/89/P,TRAPPIST-1e,32.9,False,1121,1094,363,569,762,Hiro Tanaka,False
0486_02,Europa,False,F/53/S,PSO J318.5-22,9.5,False,275,49,1381,727,905,Aria Lin,False
0487_01,Earth,False,A/10/S,TRAPPIST-1e,26.9,False,1107,583,1319,235,55,Ethan Zhao,False
0487_02,Mars,False,C/55/P,55 Cancri e,20.3,False,359,109,191,903,1116,Priya Kaur,False
0488_01,Europa,True,A/139/S,TRAPPIST-1e,23.1,False,0,0,0,0,0,Kai Vega,True
0488_02,Mars,True,A/96/S,PSO J318.5-22,24.5,False,0,0,0,0,0,Jordan Benson,True
0489_01,Europa,False,D/77/P,55 Cancri e,20.3,False,636,1036,35,100,1109,Remy Vivaldi,False
0489_02,Europa,False,F/171/P,TRAPPIST-1e,15.0,False,1246,1361,165,382,1399,Aria Lin,False
0490_01,Europa,False,B/183/S,55 Cancri e,27.7,False,1398,10,1325,95,1213,Jordan Benson,False
0490_02,Europa,True,G/93/S,TRAPPIST-1e,19.5,False,0,0,0,0,0,Leo Stark,False
0491_01,Earth,True,D/34/S,TRAPPIST-1e,30.4,False,0,0,0,0,0,Nova Stark,True
0491_02,Mars,False,E/200/S,TRAPPIST-1e,17.4,False,1447,1151,237,1378,1135,Aria Lin,False
0492_01,Mars,False,D/188/S,TRAPPIST-1e,29.2,False,1088,1270,734,990,824,Lara Xel'Naga,False
0492_02,Mars,True,F/132/P,PSO J318.5-22,27.0,False,0,0,0,0,0,Ilya Komarov,True
0493_01,Earth,False,C/31/S,TRAPPIST-1e,18.0,False,225,776,789,1112,687,Hiro Tanaka,True
0493_02,Mars,True,C/79/S,TRAPPIST-1e,37.8,False,0,0,0,0,0,Mila Benson,True
0494_01,Earth,False,D/13/S,TRAPPIST-1e,30.2,False,1422,105,1294,830,678,Ethan Zhao,False
0494_02,Earth,False,A/12/S,55 Cancri e,28.2,False,848,1055,392,39,659,Hiro Tanaka,False
0495_01,Earth,False,D/185/P,PSO J318.5-22,28.2,False,844,200,446,1451,1061,Aria Lin,False
0495_02,Mars,False,B/187/S,TRAPPIST-1e,24.5,False,1234,443,1350,760,226,Aria Lin,False
0496_01,Mars,True,D/87/P,PSO J318.5-22,25.0,False,0,0,0,0,0,Ethan Zhao,True
0496_02,Earth,False,F/7/S,55 Cancri e,30.4,False,186,344,223,829,487,Aria Lin,False
0497_01,Earth,False,E/148/P,55 Cancri e,30.6,False,1016,187,269,309,1155,Ilya Komarov,False
0497_02,Earth,True,E/47/P,TRAPPIST-1e,15.4,False,0,0,0,0,0,Remy Vivaldi,False
0498_01,Europa,False,G/137/S,TRAPPIST-1e,19.2,False,1214,1445,119,219,52,Ilya Komarov,False
0498_02,Earth,False,B/107/P,55 Cancri e,37.6,False,1474,1435,1260,757,737,Kai Vega,True
0499_01,Earth,False,C/37/P,TRAPPIST-1e,30.1,False,421,711,246,71,184,Lara Xel'Naga,False
0499_02,Mars,False,A/158/S,TRAPPIST-1e,36.3,True,5,1229,905,386,698,Mila Benson,True
0500_01,Earth,False,D/83/S,TRAPPIST-1e,40.4,False,348,1278,307,1368,1150,Jordan Benson,True
0500_02,Earth,False,E/61/S,55 Cancri e,19.2,False,286,765,724,761,382,Leo Stark,False
0501_01,Earth,True,D/142/S,TRAPPIST-1e,31.0,False,0,0,0,0,0,Leo Stark,True
0501_02,Earth,True,E/173/P,TRAPPIST-1e,31.8,False,0,0,0,0,0,Aria Lin,True
0502_01,Earth,False,D/22/P,TRAPPIST-1e,41.5,False,931,480,910,1296,1081,Lara Xel'Naga,False
0502_02,Mars,False,E/116/P,TRAPPIST-1e,34.9,False,1351,108,1302,327,314,Hiro Tanaka,True
0503_01,Earth,True,D/70/S,PSO J318.5-22,30.9,False,0,0,0,0,0,Nova Stark,False
0503_02,Earth,False,E/73/P,TRAPPIST-1e,26.1,False,1252,155,1496,1295,886,Hiro Tanaka,True
0504_01,Earth,False,A/36/S,55 Cancri e,0.5,False,912,1309,870,12,607,Priya Kaur,False
0504_02,Earth,False,C/163/S,PSO J318.5-22,23.0,False,497,237,1117,1361,780,Kai Vega,True
0505_01,Earth,False,D/154/S,TRAPPIST-1e,39.3,False,848,935,1490,627,142,Lara Xel'Naga,False
0505_02,Earth,False,A/3/P,55 Cancri e,35.5,False,1224,1203,713,1387,478,Ethan Zhao,False
0506_01,Europa,False,A/167/P,55 Cancri e,31.1,True,925,416,307,648,1390,Aria Lin,False
0506_02,Earth,False,G/97/S,TRAPPIST-1e,18.9,False,1024,1067,738,1121,1288,Ethan Zhao,False
0507_01,Earth,False,B/114/P,TRAPPIST-1e,23.7,False,1260,973,1016,952,903,Kai Vega,False
0507_02,Europa,False,A/158/S,PSO J318.5-22,7.5,False,71,1213,1291,1344,106,Ilya Komarov,False
0508_01,Earth,True,F/181/P,TRAPPIST-1e,23.5,False,0,0,0,0,0,Aria Lin,True
0508_02,Earth,False,D/44/P,PSO J318.5-22,40.6,False,138,614,862,272,415,Aria Lin,False
0509_01,Mars,True,E/33/P,TRAPPIST-1e,39.3,False,0,0,0,0,0,Hiro Tanaka,False
0509_02,Mars,False,C/50/P,PSO J318.5-22,29.8,False,423,1430,389,341,945,Hiro Tanaka,True
0510_01,Mars,False,A/110/P,TRAPPIST-1e,39.2,False,498,821,1256,226,1394,Leo Stark,True
0510_02,Europa,False,D/93/P,PSO J318.5-22,19.8,False,138,855,816,1172,1138,Kai Vega,False
0511_01,Mars,False,A/101/P,TRAPPIST-1e,40.1,False,1029,1170,183,1051,1142,Hiro Tanaka,False
0511_02,Europa,True,F/109/P,TRAPPIST-1e,45.0,False,0,0,0,0,0,Nova Stark,True
0512_01,Europa,False,A/123/S,TRAPPIST-1e,29.6,False,1241,176,1322,57,1292,Aria Lin,False
0512_02,Earth,True,D/62/S,TRAPPIST-1e,53.3,False,0,0,0,0,0,Priya Kaur,True
0513_01,Earth,False,E/113/P,PSO J318.5-22,36.8,False,82,1209,251,1378,795,Jordan Benson,True
0513_02,Earth,False,D/81/P,TRAPPIST-1e,42.7,False,896,209,815,608,446,Ilya Komarov,True
0514_01,Europa,False,A/27/P,55 Cancri e,14.1,False,922,136,366,911,183,Leo Stark,False
0514_02,Europa,False,B/154/P,55 Cancri e,25.8,False,1310,471,1398,653,748,Leo Stark,False
0515_01,Europa,True,F/173/P,55 Cancri e,28.9,False,0,0,0,0,0,Hiro Tanaka,True
0515_02,Earth,True,F/18/P,55 Cancri e,0.0,False,0,0,0,0,0,Priya Kaur,True
0516_01,Mars,False,E/114/P,TRAPPIST-1e,26.1,False,1001,1096,1305,915,1383,Mila Benson,True
0516_02,Earth,False,E/167/S,TRAPPIST-1e,11.7,False,1033,1234,151,1028,1218,Priya Kaur,False
0517_01,Earth,False,E/88/S,TRAPPIST-1e,18.5,False,161,350,433,851,139,Priya Kaur,False
0517_02,Europa,True,B/130/P,55 Cancri e,45.5,False,0,0,0,0,0,Remy Vivaldi,True
0518_01,Earth,False,C/49/S,PSO J318.5-22,25.3,False,182,367,128,1269,669,Ilya Komarov,False
0518_02,Earth,False,E/86/S,55 Cancri e,33.9,False,1401,148,984,851,1456,Jordan Benson,False
0519_01,Earth,False,A/164/P,PSO J318.5-22,23.8,False,883,293,1166,249,877,Hiro Tanaka,True
0519_02,Mars,False,G/85/S,TRAPPIST-1e,32.1,False,947,974,1325,1048,788,Mila Benson,False
0520_01,Earth,False,E/30/P,TRAPPIST-1e,9.9,False,69,624,874,1135,1387,Aria Lin,False
0520_02,Europa,False,A/51/P,TRAPPIST-1e,41.7,False,1326,470,90,529,660,Kai Vega,False
0521_01,Earth,False,B/46/P,TRAPPIST-1e,30.6,False,191,1265,137,344,1203,Kai Vega,False
0521_02,Earth,False,B/98/P,TRAPPIST-1e,40.7,False,1008,502,202,572,191,Kai Vega,False
0522_01,Mars,False,F/44/S,PSO J318.5-22,29.8,False,310,548,55,442,1260,Lara Xel'Naga,False
0522_02,Earth,False,B/137/S,PSO J318.5-22,18.9,False,869,1220,584,751,1472,Hiro Tanaka,False
0523_01,Europa,True,A/196/P,55 Cancri e,36.9,False,0,0,0,0,0,Lara Xel'Naga,True
0523_02,Earth,False,C/33/S,TRAPPIST-1e,43.1,False,107,843,716,890,959,Ilya Komarov,False
0524_01,Europa,True,E/100/S,55 Cancri e,27.3,False,0,0,0,0,0,Lara Xel'Naga,True
0524_02,Mars,False,D/184/S,55 Cancri e,32.5,False,673,1270,542,856,896,Leo Stark,False
0525_01,Europa,False,B/57/P,55 Cancri e,12.8,False,110,384,760,1214,693,Leo Stark,True
0525_02,Mars,False,E/41/S,TRAPPIST-1e,25.7,False,1449,404,1358,1232,21,Lara Xel'Naga,False
0526_01,Earth,False,C/59/P,55 Cancri e,6.4,False,7,701,528,601,656,Nova Stark,False
0526_02,Mars,False,C/128/S,TRAPPIST-1e,24.7,False,165,848,495,589,428,Lara Xel'Naga,False
0527_01,Earth,False,C/22/S,55 Cancri e,23.5,False,1262,71,1468,654,268,Aria Lin,True
0527_02,Earth,False,A/31/P,TRAPPIST-1e,33.5,True,414,1268,1015,674,1083,Remy Vivaldi,False
0528_01,Europa,False,C/191/S,TRAPPIST-1e,31.4,False,25,1028,985,389,709,Lara Xel'Naga,False
0528_02,Europa,False,E/67/P,PSO J318.5-22,47.6,False,570,1471,753,145,1411,Nova Stark,False
0529_01,Mars,False,G/149/P,55 Cancri e,45.2,False,12,902,383,555,886,Lara Xel'Naga,False
0529_02,Earth,True,F/54/S,TRAPPIST-1e,33.0,False,0,0,0,0,0,Priya Kaur,True
0530_01,Europa,False,C/22/S,TRAPPIST-1e,43.5,False,750,1003,418,1360,418,Ethan Zhao,False
0530_02,Mars,False,E/8/S,TRAPPIST-1e,28.7,False,121,431,43,1340,380,Lara Xel'Naga,False
0531_01,Europa,True,G/169/S,TRAPPIST-1e,14.3,False,0,0,0,0,0,Leo Stark,True
0531_02,Mars,False,F/138/S,TRAPPIST-1e,20.9,False,1088,354,799,1187,1164,Hiro Tanaka,False
0532_01,Earth,True,C/146/S,TRAPPIST-1e,51.3,False,0,0,0,0,0,Leo Stark,True
0532_02,Mars,True,A/85/S,PSO J318.5-22,47.6,False,0,0,0,0,0,Jordan Benson,True
0533_01,Europa,False,A/177/S,TRAPPIST-1e,19.0,False,807,186,731,1213,1411,Jordan Benson,False
0533_02,Mars,True,B/75/P,55 Cancri e,20.9,False,0,0,0,0,0,Priya Kaur,True
0534_01,Earth,False,D/101/P,TRAPPIST-1e,16.0,False,236,1217,1310,770,757,Leo Stark,False
0534_02,Earth,False,G/53/P,TRAPPIST-1e,25.1,False,135,791,170,158,200,Ethan Zhao,False
0535_01,Earth,False,C/151/P,55 Cancri e,36.9,False,582,875,370,102,1001,Ilya Komarov,True
0535_02,Earth,False,D/17/S,PSO J318.5-22,23.0,False,1148,1336,975,797,1481,Priya Kaur,False
0536_01,Mars,False,D/119/P,PSO J318.5-22,25.8,False,732,422,571,170,1405,Aria Lin,False
0536_02,Mars,False,G/183/S,TRAPPIST-1e,27.1,False,172,662,452,349,493,Lara Xel'Naga,False
0537_01,Earth,False,F/111/S,TRAPPIST-1e,30.5,False,5,287,1169,1447,607,Lara Xel'Naga,False
0537_02,Earth,False,A/62/P,TRAPPIST-1e,24.3,False,456,1225,1235,1029,623,Priya Kaur,True
0538_01,Earth,False,F/56/S,55 Cancri e,29.5,False,1129,810,1424,1119,1411,Priya Kaur,True
0538_02,Mars,True,A/130/S,55 Cancri e,37.9,False,0,0,0,0,0,Kai Vega,True
0539_01,Earth,False,A/164/S,TRAPPIST-1e,16.8,False,978,415,725,453,1314,Leo Stark,False
0539_02,Mars,True,C/30/P,TRAPPIST-1e,20.6,False,0,0,0,0,0,Ilya Komarov,True
0540_01,Earth,True,F/63/S,TRAPPIST-1e,26.7,False,0,0,0,0,0,Kai Vega,False
0540_02,Earth,False,E/26/P,TRAPPIST-1e,33.8,False,758,778,972,762,1001,Ethan Zhao,False
0541_01,Earth,False,A/174/S,TRAPPIST-1e,28.7,False,598,1293,224,112,250,Lara Xel'Naga,True
0541_02,Earth,False,E/56/S,PSO J318.5-22,24.6,True,1256,840,713,1106,124,Aria Lin,False
0542_01,Europa,False,F/27/S,PSO J318.5-22,20.8,False,1279,29,280,923,1260,Mila Benson,False
0542_02,Earth,False,G/52/P,TRAPPIST-1e,17.7,False,1271,367,494,1048,717,Remy Vivaldi,True
0543_01,Mars,True,A/87/P,PSO J318.5-22,37.4,False,0,0,0,0,0,Remy Vivaldi,False
0543_02,Earth,False,G/171/P,PSO J318.5-22,39.1,False,605,374,638,1048,1357,Leo Stark,False
0544_01,Earth,False,F/49/P,55 Cancri e,23.4,False,98,1482,404,1237,684,Leo Stark,True
0544_02,Earth,True,C/45/P,TRAPPIST-1e,18.5,False,0,0,0,0,0,Mila Benson,True
0545_01,Mars,True,F/72/S,TRAPPIST-1e,17.2,False,0,0,0,0,0,Remy Vivaldi,True
0545_02,Europa,False,A/183/P,TRAPPIST-1e,19.1,False,893,257,843,120,809,Hiro Tanaka,False
0546_01,Europa,False,F/198/P,TRAPPIST-1e,26.4,False,482,1012,186,655,261,Ethan Zhao,False
0546_02,Europa,False,C/5/S,TRAPPIST-1e,27.7,False,952,1387,490,430,238,Ethan Zhao,True
0547_01,Europa,False,A/60/P,PSO J318.5-22,29.0,False,1356,998,641,1497,826,Jordan Benson,False
0547_02,Europa,False,B/159/P,TRAPPIST-1e,23.0,False,282,590,71,1286,702,Ilya Komarov,True
0548_01,Earth,False,F/10/P,PSO J318.5-22,36.5,False,999,891,11,140,16,Ilya Komarov,False
0548_02,Earth,True,C/165/P,55 Cancri e,6.7,False,0,0,0,0,0,Leo Stark,True
0549_01,Earth,False,B/188/S,TRAPPIST-1e,21.0,False,980,519,89,719,803,Priya Kaur,True
0549_02,Europa,False,G/176/P,PSO J318.5-22,17.3,False,795,629,1198,75,925,Priya Kaur,False
0550_01,Mars,False,A/126/P,TRAPPIST-1e,18.7,False,1094,1203,1147,1404,1316,Lara Xel'Naga,False
0550_02,Earth,True,E/141/P,TRAPPIST-1e,15.8,False,0,0,0,0,0,Leo Stark,True
0551_01,Earth,True,B/63/S,TRAPPIST-1e,26.8,False,0,0,0,0,0,Kai Vega,True
0551_02,Mars,False,B/70/S,TRAPPIST-1e,45.7,False,1454,1459,460,617,1044,Nova Stark,False
0552_01,Earth,False,D/130/S,PSO J318.5-22,34.1,False,1011,284,280,837,830,Ilya Komarov,True
0552_02,Mars,False,A/195/S,55 Cancri e,35.1,False,1187,917,223,783,1169,Priya Kaur,False
0553_01,Earth,False,C/117/S,TRAPPIST-1e,43.7,False,652,1450,829,220,533,Ilya Komarov,True
0553_02,Earth,False,B/40/P,TRAPPIST-1e,19.4,True,691,1390,931,840,1010,Priya Kaur,False
0554_01,Mars,False,D/102/S,TRAPPIST-1e,13.3,False,238,1358,440,147,1032,Aria Lin,False
0554_02,Earth,False,A/32/S,55 Cancri e,23.0,False,1311,387,1073,915,637,Leo Stark,False
0555_01,Europa,False,F/90/S,PSO J318.5-22,19.6,False,988,1323,588,648,617,Ethan Zhao,True
0555_02,Mars,False,F/64/P,55 Cancri e,28.7,True,134,579,1170,489,477,Nova Stark,False
0556_01,Europa,True,F/166/P,TRAPPIST-1e,40.4,False,0,0,0,0,0,Aria Lin,True
0556_02,Earth,False,F/42/P,TRAPPIST-1e,21.0,False,1212,414,1362,1204,287,Aria Lin,False
0557_01,Mars,False,E/21/P,55 Cancri e,14.9,False,129,193,315,143,15,Leo Stark,True
0557_02,Earth,False,E/169/S,55 Cancri e,45.7,False,1325,422,244,926,1130,Leo Stark,False
0558_01,Europa,False,A/163/S,TRAPPIST-1e,21.4,False,340,3,1350,1433,305,Remy Vivaldi,False
0558_02,Mars,False,A/44/S,TRAPPIST-1e,24.1,False,907,606,1248,1371,991,Ethan Zhao,False
0559_01,Mars,False,F/111/P,TRAPPIST-1e,18.5,False,617,710,1409,1131,530,Ethan Zhao,True
0559_02,Mars,True,A/116/P,TRAPPIST-1e,21.2,False,0,0,0,0,0,Ethan Zhao,True
0560_01,Europa,True,G/105/S,PSO J318.5-22,37.0,False,0,0,0,0,0,Jordan Benson,False
0560_02,Earth,True,A/97/P,TRAPPIST-1e,32.5,False,0,0,0,0,0,Mila Benson,True
0561_01,Mars,False,G/26/P,TRAPPIST-1e,39.8,False,880,181,961,655,1339,Mila Benson,False
0561_02,Earth,True,E/2/S,PSO J318.5-22,16.2,False,0,0,0,0,0,Kai Vega,False
0562_01,Mars,False,E/110/S,TRAPPIST-1e,34.8,False,844,1015,1384,1397,553,Nova Stark,False
0562_02,Earth,False,F/103/S,PSO J318.5-22,27.4,False,302,420,1269,1260,184,Nova Stark,False
0563_01,Earth,True,G/179/S,PSO J318.5-22,19.5,False,0,0,0,0,0,Lara Xel'Naga,True
0563_02,Earth,False,C/180/P,TRAPPIST-1e,40.5,False,1497,1345,11,1447,1096,Aria Lin,False
0564_01,Mars,False,F/49/P,PSO J318.5-22,24.8,False,504,787,1062,59,577,Nova Stark,True
0564_02,Mars,False,G/189/S,PSO J318.5-22,27.8,False,320,1458,1431,922,1409,Hiro Tanaka,False
0565_01,Europa,False,A/90/S,55 Cancri e,30.2,False,1308,526,523,612,1179,Ethan Zhao,False
0565_02,Europa,False,E/50/P,55 Cancri e,28.8,False,1363,124,870,279,916,Ethan Zhao,False
0566_01,Earth,False,A/78/S,TRAPPIST-1e,11.3,False,1151,313,331,1173,1477,Jordan Benson,False
0566_02,Mars,True,B/44/P,TRAPPIST-1e,38.6,False,0,0,0,0,0,Ethan Zhao,True
0567_01,Earth,False,G/72/P,PSO J318.5-22,18.0,False,205,638,847,1379,439,Ilya Komarov,False
0567_02,Europa,True,B/137/S,TRAPPIST-1e,38.4,False,0,0,0,0,0,Nova Stark,False
0568_01,Europa,False,E/17/S,TRAPPIST-1e,34.4,False,163,147,293,194,662,Ethan Zhao,False
0568_02,Mars,False,G/144/S,TRAPPIST-1e,38.6,False,479,122,1423,698,964,Jordan Benson,True
0569_01,Earth,True,F/152/P,PSO J318.5-22,39.9,False,0,0,0,0,0,Hiro Tanaka,True
0569_02,Earth,False,E/189/P,TRAPPIST-1e,42.4,False,1485,709,395,911,1360,Priya Kaur,True
0570_01,Mars,False,C/198/S,PSO J318.5-22,34.7,False,1424,680,1333,494,555,Lara Xel'Naga,False
0570_02,Europa,False,A/102/P,55 Cancri e,47.4,False,609,108,371,854,615,Nova Stark,True
0571_01,Earth,False,D/175/S,TRAPPIST-1e,17.9,False,42,864,1268,1310,1378,Lara Xel'Naga,False
0571_02,Europa,True,C/80/P,TRAPPIST-1e,17.4,False,0,0,0,0,0,Ethan Zhao,True
0572_01,Europa,False,D/75/S,TRAPPIST-1e,15.0,False,189,799,935,250,290,Nova Stark,True
0572_02,Europa,True,F/58/P,PSO J318.5-22,20.4,False,0,0,0,0,0,Ilya Komarov,True
0573_01,Earth,False,F/41/P,55 Cancri e,29.2,False,1432,836,507,730,71,Leo Stark,False
0573_02,Mars,False,D/19/S,TRAPPIST-1e,37.2,False,1270,640,939,607,565,Remy Vivaldi,False
0574_01,Mars,False,B/83/P,PSO J318.5-22,42.2,False,527,610,192,57,1460,Aria Lin,True
0574_02,Earth,False,D/75/P,TRAPPIST-1e,3.1,False,1134,128,705,851,1349,Ethan Zhao,True
0575_01,Europa,True,F/148/P,PSO J318.5-22,44.6,False,0,0,0,0,0,Lara Xel'Naga,True
0575_02,Mars,False,B/15/P,TRAPPIST-1e,35.9,False,130,187,708,1498,1387,Lara Xel'Naga,False
0576_01,Earth,False,F/87/S,TRAPPIST-1e,39.0,False,1096,242,1125,986,684,Leo Stark,True
0576_02,Earth,True,D/78/P,PSO J318.5-22,38.6,False,0,0,0,0,0,Ethan Zhao,False
0577_01,Europa,False,G/119/S,TRAPPIST-1e,34.8,False,1464,1109,1499,51,110,Ilya Komarov,False
0577_02,Earth,True,A/126/P,TRAPPIST-1e,39.0,False,0,0,0,0,0,Hiro Tanaka,True
0578_01,Europa,False,G/152/P,TRAPPIST-1e,38.5,False,210,1223,857,626,1049,Aria Lin,False
0578_02,Earth,False,A/84/P,PSO J318.5-22,31.5,False,298,1100,923,136,1043,Priya Kaur,True
0579_01,Europa,True,E/138/S,TRAPPIST-1e,38.2,False,0,0,0,0,0,Hiro Tanaka,True
0579_02,Europa,True,G/54/P,TRAPPIST-1e,32.7,False,0,0,0,0,0,Ethan Zhao,True
0580_01,Mars,False,C/32/P,TRAPPIST-1e,27.8,False,438,665,1065,410,805,Aria Lin,True
0580_02,Mars,True,G/9/P,TRAPPIST-1e,32.4,False,0,0,0,0,0,Nova Stark,False
0581_01,Earth,False,F/1/P,TRAPPIST-1e,10.4,True,901,941,741,1392,1243,Priya Kaur,False
0581_02,Earth,False,D/36/S,PSO J318.5-22,29.8,False,1255,327,1466,51,375,Nova Stark,False
0582_01,Mars,True,A/170/P,TRAPPIST-1e,21.0,True,0,0,0,0,0,Lara Xel'Naga,True
0582_02,Earth,False,E/142/P,55 Cancri e,39.6,False,1444,45,599,719,1292,Lara Xel'Naga,False
0583_01,Mars,True,C/67/S,PSO J318.5-22,35.7,False,0,0,0,0,0,Leo Stark,True
0583_02,Earth,False,F/37/P,TRAPPIST-1e,38.1,False,115,259,1098,304,6,Kai Vega,False
0584_01,Europa,False,F/96/P,55 Cancri e,5.4,False,1461,1238,428,790,746,Nova Stark,False
0584_02,Mars,False,E/64/P,TRAPPIST-1e,16.2,False,366,312,537,920,1077,Jordan Benson,False
0585_01,Mars,True,F/23/S,TRAPPIST-1e,19.9,False,0,0,0,0,0,Lara Xel'Naga,False
0585_02,Earth,True,A/97/P,TRAPPIST-1e,27.4,False,0,0,0,0,0,Jordan Benson,True
0586_01,Europa,False,E/126/P,55 Cancri e,18.2,False,1437,499,1116,684,78,Hiro Tanaka,False
0586_02,Mars,True,A/13/P,TRAPPIST-1e,28.0,False,0,0,0,0,0,Leo Stark,True
0587_01,Europa,False,G/137/S,55 Cancri e,31.1,False,357,617,506,1204,575,Kai Vega,True
0587_02,Mars,False,F/33/P,TRAPPIST-1e,27.7,False,1269,243,505,421,1343,Kai Vega,True
0588_01,Europa,False,C/182/P,PSO J318.5-22,32.0,False,1192,329,649,1464,390,Ethan Zhao,False
0588_02,Mars,False,G/120/S,TRAPPIST-1e,29.3,False,380,1329,741,819,672,Priya Kaur,False
0589_01,Earth,False,G/23/S,55 Cancri e,25.2,False,929,912,643,426,501,Jordan Benson,False
0589_02,Earth,False,A/43/P,TRAPPIST-1e,18.4,False,729,1283,70,477,1201,Priya Kaur,False
0590_01,Earth,False,D/174/P,55 Cancri e,30.1,False,919,291,755,1306,376,Aria Lin,False
0590_02,Mars,False,D/4/P,PSO J318.5-22,38.3,True,1179,507,1436,527,1378,Leo Stark,False
0591_01,Europa,False,F/170/P,PSO J318.5-22,25.8,False,259,420,303,941,1062,Lara Xel'Naga,False
0591_02,Europa,False,B/45/P,TRAPPIST-1e,16.5,False,541,1301,1226,1089,107,Priya Kaur,False
0592_01,Earth,False,D/44/S,TRAPPIST-1e,25.7,False,1113,692,254,1478,252,Aria Lin,True
0592_02,Mars,False,G/31/S,TRAPPIST-1e,34.8,False,256,382,441,598,1113,Kai Vega,True
0593_01,Europa,False,D/56/S,PSO J318.5-22,33.6,False,597,18,1124,606,1380,Mila Benson,False
0593_02,Europa,False,A/92/P,PSO J318.5-22,19.9,False,32,1252,861,154,1446,Kai Vega,False
0594_01,Earth,False,F/48/S,TRAPPIST-1e,22.1,True,1140,270,769,171,273,Leo Stark,False
0594_02,Earth,False,B/106/P,55 Cancri e,36.4,True,258,1158,421,1444,1209,Aria Lin,True
0595_01,Mars,False,C/94/S,TRAPPIST-1e,21.9,False,377,579,890,721,1219,Kai Vega,True
0595_02,Mars,False,D/42/P,TRAPPIST-1e,27.2,False,880,1121,604,21,1473,Mila Benson,False
0596_01,Europa,True,B/73/P,TRAPPIST-1e,32.4,False,0,0,0,0,0,Ethan Zhao,True
0596_02,Earth,True,B/123/S,TRAPPIST-1e,39.0,False,0,0,0,0,0,Priya Kaur,True
0597_01,Europa,False,C/193/S,55 Cancri e,32.7,False,143,1435,223,219,178,Ethan Zhao,False
0597_02,Mars,True,A/6/P,TRAPPIST-1e,41.5,False,0,0,0,0,0,Mila Benson,True
0598_01,Earth,True,G/88/S,55 Cancri e,39.0,False,0,0,0,0,0,Leo Stark,True
0598_02,Earth,False,G/110/P,PSO J318.5-22,47.4,False,428,415,1476,726,196,Priya Kaur,True
0599_01,Earth,False,G/68/P,PSO J318.5-22,29.4,False,1353,1274,889,924,122,Remy Vivaldi,False
0599_02,Earth,False,E/157/P,TRAPPIST-1e,43.9,False,1410,1362,777,347,28,Hiro Tanaka,False
0600_01,Earth,True,B/103/P,TRAPPIST-1e,22.6,False,0,0,0,0,0,Lara Xel'Naga,True
0600_02,Europa,True,G/14/S,55 Cancri e,26.6,False,0,0,0,0,0,Ethan Zhao,True
0601_01,Earth,True,D/123/P,55 Cancri e,30.9,False,0,0,0,0,0,Mila Benson,True
0601_02,Earth,False,C/183/S,TRAPPIST-1e,3.0,False,1170,1090,903,519,121,Mila Benson,True
0602_01,Earth,True,F/83/P,TRAPPIST-1e,28.2,False,0,0,0,0,0,Hiro Tanaka,True
0602_02,Earth,True,D/94/S,TRAPPIST-1e,16.3,False,0,0,0,0,0,Aria Lin,True
0603_01,Mars,False,B/85/S,PSO J318.5-22,45.0,False,8,333,1356,1016,326,Ethan Zhao,False
0603_02,Mars,False,B/167/S,TRAPPIST-1e,47.0,False,14,838,225,1448,1431,Jordan Benson,False
0604_01,Earth,False,E/31/P,55 Cancri e,1.5,False,265,1231,951,1392,305,Aria Lin,False
0604_02,Earth,False,A/20/S,TRAPPIST-1e,41.5,False,11,1368,1488,1391,936,Remy Vivaldi,False
0605_01,Earth,True,B/108/S,PSO J318.5-22,39.1,False,0,0,0,0,0,Priya Kaur,False
0605_02,Mars,False,F/31/S,TRAPPIST-1e,37.2,False,1048,1213,1164,657,1338,Priya Kaur,False
0606_01,Mars,False,B/154/S,PSO J318.5-22,16.9,False,110,136,231,991,467,Kai Vega,True
0606_02,Mars,True,F/49/S,55 Cancri e,45.7,False,0,0,0,0,0,Priya Kaur,False
0607_01,Earth,False,E/99/S,TRAPPIST-1e,24.5,False,1272,993,322,921,903,Remy Vivaldi,True
0607_02,Earth,False,E/179/P,55 Cancri e,28.6,False,1455,605,428,1292,147,Ethan Zhao,False
0608_01,Earth,False,B/76/S,55 Cancri e,33.0,False,1089,812,1393,174,587,Remy Vivaldi,True
0608_02,Earth,True,F/38/S,TRAPPIST-1e,22.6,False,0,0,0,0,0,Mila Benson,True
0609_01,Earth,False,B/137/P,TRAPPIST-1e,26.2,False,1462,1170,34,998,1332,Aria Lin,False
0609_02,Mars,False,F/141/S,PSO J318.5-22,24.4,False,537,749,1037,373,556,Hiro Tanaka,True
0610_01,Earth,False,A/92/P,PSO J318.5-22,23.0,False,562,938,886,725,1463,Lara Xel'Naga,True
0610_02,Earth,False,G/200/P,PSO J318.5-22,14.3,False,1298,75,438,698,1312,Leo Stark,False
0611_01,Earth,False,F/155/P,55 Cancri e,32.3,False,252,1149,1200,1060,409,Kai Vega,True
0611_02,Europa,False,G/102/P,55 Cancri e,32.8,False,126,1191,591,293,1366,Ethan Zhao,False
0612_01,Earth,False,A/127/P,55 Cancri e,21.3,False,539,418,443,684,839,Lara Xel'Naga,True
0612_02,Mars,False,B/166/S,TRAPPIST-1e,29.0,False,235,1462,213,84,793,Lara Xel'Naga,False
0613_01,Europa,False,A/37/P,55 Cancri e,22.2,False,63,1366,938,918,1375,Aria Lin,False
0613_02,Earth,False,B/187/P,PSO J318.5-22,16.3,False,1181,490,1486,1248,312,Leo Stark,True
0614_01,Earth,False,F/12/P,TRAPPIST-1e,21.8,False,939,1489,1111,1326,679,Kai Vega,True
0614_02,Europa,False,G/3/P,55 Cancri e,18.0,False,434,681,1158,1073,1455,Nova Stark,False
0615_01,Earth,True,D/195/S,TRAPPIST-1e,11.8,False,0,0,0,0,0,Ilya Komarov,True
0615_02,Earth,False,C/161/P,TRAPPIST-1e,32.3,False,648,244,108,532,1113,Jordan Benson,False
0616_01,Earth,False,G/107/P,TRAPPIST-1e,17.0,False,1200,342,100,628,1424,Mila Benson,True
0616_02,Mars,True,F/74/P,PSO J318.5-22,28.4,False,0,0,0,0,0,Ethan Zhao,False
0617_01,Earth,False,A/58/P,TRAPPIST-1e,18.7,False,57,296,133,1354,248,Hiro Tanaka,False
0617_02,Mars,False,A/12/P,TRAPPIST-1e,33.7,False,1020,549,901,1098,833,Nova Stark,False
0618_01,Europa,False,F/176/S,PSO J318.5-22,19.1,False,145,1264,892,343,1058,Nova Stark,False
0618_02,Earth,False,F/95/S,PSO J318.5-22,27.4,False,701,0,152,428,507,Mila Benson,False
0619_01,Earth,False,B/82/P,TRAPPIST-1e,30.3,False,220,722,1048,527,1205,Ilya Komarov,False
0619_02,Earth,False,F/72/P,TRAPPIST-1e,18.2,False,840,1065,480,929,871,Lara Xel'Naga,True
0620_01,Mars,False,D/109/S,PSO J318.5-22,19.8,False,44,20,1093,872,47,Hiro Tanaka,False
0620_02,Earth,True,F/63/S,55 Cancri e,17.3,False,0,0,0,0,0,Priya Kaur,True
0621_01,Mars,False,B/99/P,55 Cancri e,33.6,False,1033,541,755,273,955,Priya Kaur,False
0621_02,Europa,False,B/180/P,TRAPPIST-1e,19.9,False,599,380,1352,478,14,Remy Vivaldi,False
0622_01,Earth,False,D/35/P,TRAPPIST-1e,38.0,False,620,1160,153,1411,1232,Nova Stark,False
0622_02,Europa,False,C/118/P,55 Cancri e,24.9,False,271,142,1092,246,1284,Leo Stark,True
0623_01,Earth,True,B/31/P,TRAPPIST-1e,47.0,False,0,0,0,0,0,Ethan Zhao,False
0623_02,Mars,True,A/170/P,55 Cancri e,35.5,False,0,0,0,0,0,Lara Xel'Naga,True
0624_01,Mars,True,B/20/P,55 Cancri e,32.8,False,0,0,0,0,0,Leo Stark,True
0624_02,Earth,False,B/192/S,55 Cancri e,30.0,False,937,1353,1212,1118,616,Nova Stark,False
0625_01,Europa,False,C/29/P,TRAPPIST-1e,31.4,False,1140,266,484,1321,1187,Mila Benson,False
0625_02,Earth,False,A/102/S,PSO J318.5-22,25.7,False,375,652,1291,548,1097,Ilya Komarov,False
0626_01,Earth,False,E/79/P,55 Cancri e,48.1,False,571,790,1174,1229,178,Kai Vega,False
0626_02,Mars,False,B/191/P,TRAPPIST-1e,29.4,False,196,734,88,798,1457,Remy Vivaldi,False
0627_01,Europa,False,E/20/S,55 Cancri e,24.0,False,492,1153,664,1036,870,Aria Lin,False
0627_02,Mars,True,G/96/S,TRAPPIST-1e,26.5,False,0,0,0,0,0,Jordan Benson,True
0628_01,Europa,False,C/8/P,TRAPPIST-1e,41.9,False,697,1122,593,885,851,Jordan Benson,True
0628_02,Europa,True,C/49/P,PSO J318.5-22,36.1,False,0,0,0,0,0,Remy Vivaldi,True
0629_01,Mars,False,E/124/P,TRAPPIST-1e,19.7,False,955,1490,893,1390,1341,Kai Vega,True
0629_02,Mars,False,D/129/P,TRAPPIST-1e,35.6,False,143,383,215,1384,323,Ethan Zhao,False
0630_01,Earth,False,A/85/S,PSO J318.5-22,21.7,False,182,269,944,1490,869,Priya Kaur,False
0630_02,Earth,True,G/98/S,55 Cancri e,38.5,False,0,0,0,0,0,Mila Benson,True
0631_01,Earth,False,A/161/P,PSO J318.5-22,26.1,False,304,1167,110,1013,231,Remy Vivaldi,False
0631_02,Europa,True,F/42/S,55 Cancri e,28.6,False,0,0,0,0,0,Nova Stark,True
0632_01,Europa,False,D/11/S,TRAPPIST-1e,24.4,False,1296,172,972,1030,1178,Hiro Tanaka,False
0632_02,Earth,False,D/25/P,TRAPPIST-1e,53.0,False,545,547,517,913,214,Kai Vega,False
0633_01,Earth,False,D/81/P,TRAPPIST-1e,23.7,False,1462,685,1175,330,1406,Kai Vega,False
0633_02,Mars,True,B/182/S,TRAPPIST-1e,36.8,False,0,0,0,0,0,Kai Vega,True
0634_01,Mars,False,B/32/S,TRAPPIST-1e,24.4,False,898,1098,1189,1212,77,Kai Vega,False
0634_02,Europa,False,B/113/S,55 Cancri e,20.7,False,946,687,20,565,1207,Nova Stark,False
0635_01,Europa,False,D/68/P,PSO J318.5-22,24.1,False,1082,1350,904,668,190,Mila Benson,False
0635_02,Earth,False,E/3/P,TRAPPIST-1e,34.9,False,1223,1335,707,1058,378,Lara Xel'Naga,False
0636_01,Earth,True,G/119/P,TRAPPIST-1e,14.0,False,0,0,0,0,0,Aria Lin,True
0636_02,Mars,True,B/188/P,TRAPPIST-1e,38.1,False,0,0,0,0,0,Remy Vivaldi,True
0637_01,Earth,False,E/125/P,PSO J318.5-22,27.4,False,1110,1146,842,1321,689,Jordan Benson,True
0637_02,Earth,False,D/38/P,TRAPPIST-1e,27.6,False,574,164,382,208,1455,Hiro Tanaka,False
0638_01,Earth,False,C/111/S,TRAPPIST-1e,31.8,False,371,1469,610,115,1293,Mila Benson,False
0638_02,Europa,False,C/163/P,TRAPPIST-1e,31.8,False,446,1391,1276,1340,414,Kai Vega,False
0639_01,Earth,False,D/108/P,PSO J318.5-22,23.7,False,662,1073,717,1358,1102,Lara Xel'Naga,False
0639_02,Earth,False,D/88/S,TRAPPIST-1e,20.1,False,1050,270,561,803,246,Leo Stark,False
0640_01,Mars,False,B/179/S,TRAPPIST-1e,18.8,False,558,972,1384,983,351,Hiro Tanaka,False
0640_02,Earth,False,E/51/P,PSO J318.5-22,19.6,False,1279,1245,752,780,1024,Hiro Tanaka,True
0641_01,Europa,False,F/191/S,TRAPPIST-1e,15.1,False,1105,501,764,920,549,Ilya Komarov,False
0641_02,Mars,False,A/173/S,TRAPPIST-1e,29.1,False,13,391,1370,309,385,Mila Benson,False
0642_01,Earth,False,F/149/P,TRAPPIST-1e,30.1,False,1117,1116,339,596,1468,Remy Vivaldi,False
0642_02,Mars,False,E/97/P,TRAPPIST-1e,22.4,False,756,1045,290,305,633,Remy Vivaldi,False
0643_01,Europa,False,C/94/P,TRAPPIST-1e,19.6,False,847,441,502,129,1155,Priya Kaur,False
0643_02,Earth,False,F/117/S,55 Cancri e,32.0,False,596,861,1413,592,998,Priya Kaur,False
0644_01,Europa,False,B/118/S,TRAPPIST-1e,23.3,False,447,818,1188,708,1449,Hiro Tanaka,True
0644_02,Mars,False,G/169/S,PSO J318.5-22,34.8,False,264,611,1365,831,1301,Hiro Tanaka,False
0645_01,Earth,False,G/27/P,PSO J318.5-22,33.5,True,250,877,529,326,960,Leo Stark,True
0645_02,Europa,False,E/26/S,55 Cancri e,35.0,False,894,96,512,215,1155,Mila Benson,False
0646_01,Mars,True,G/117/S,TRAPPIST-1e,6.2,False,0,0,0,0,0,Ilya Komarov,False
0646_02,Mars,False,D/106/S,TRAPPIST-1e,29.8,False,58,160,283,105,1128,Remy Vivaldi,False
0647_01,Earth,False,C/79/S,PSO J318.5-22,30.8,False,317,1487,801,873,471,Leo Stark,True
0647_02,Earth,True,C/133/S,TRAPPIST-1e,29.7,False,0,0,0,0,0,Hiro Tanaka,False
0648_01,Earth,False,D/50/S,TRAPPIST-1e,26.9,False,1041,693,972,112,228,Hiro Tanaka,False
0648_02,Europa,False,F/45/S,TRAPPIST-1e,23.5,False,170,294,188,425,976,Leo Stark,True
0649_01,Europa,False,E/31/S,PSO J318.5-22,30.8,False,247,145,1319,581,469,Kai Vega,False
0649_02,Earth,False,B/24/P,TRAPPIST-1e,27.8,False,192,1091,493,51,881,Aria Lin,False
0650_01,Earth,True,F/140/P,55 Cancri e,30.9,False,0,0,0,0,0,Ethan Zhao,True
0650_02,Mars,False,G/92/P,TRAPPIST-1e,22.4,False,520,1454,1321,1458,690,Remy Vivaldi,True
0651_01,Mars,False,F/200/S,PSO J318.5-22,14.6,False,981,950,610,573,285,Mila Benson,True
0651_02,Earth,False,F/149/P,TRAPPIST-1e,29.6,False,988,458,1235,125,1436,Hiro Tanaka,True
0652_01,Earth,True,B/24/P,55 Cancri e,30.6,False,0,0,0,0,0,Remy Vivaldi,True
0652_02,Mars,False,D/19/S,PSO J318.5-22,44.9,False,1181,111,401,121,272,Aria Lin,False
0653_01,Earth,False,D/42/P,TRAPPIST-1e,39.3,True,1230,1133,1463,1301,568,Lara Xel'Naga,False
0653_02,Europa,False,A/31/S,TRAPPIST-1e,16.0,False,1137,896,819,852,709,Hiro Tanaka,False
0654_01,Earth,True,F/66/P,TRAPPIST-1e,33.9,False,0,0,0,0,0,Priya Kaur,True
0654_02,Mars,False,B/94/P,TRAPPIST-1e,23.9,True,491,60,1077,537,847,Lara Xel'Naga,True
0655_01,Europa,False,B/69/S,55 Cancri e,24.6,False,534,1414,692,1350,107,Jordan Benson,False
0655_02,Mars,False,D/191/S,55 Cancri e,28.0,False,1185,813,1004,451,1229,Leo Stark,False
0656_01,Earth,True,F/184/S,TRAPPIST-1e,15.8,False,0,0,0,0,0,Hiro Tanaka,True
0656_02,Earth,False,D/111/S,55 Cancri e,29.6,False,658,1,1033,433,124,Kai Vega,False
0657_01,Europa,True,D/110/P,55 Cancri e,40.5,False,0,0,0,0,0,Aria Lin,False
0657_02,Mars,True,A/131/S,55 Cancri e,26.0,False,0,0,0,0,0,Hiro Tanaka,False
0658_01,Europa,False,E/91/S,TRAPPIST-1e,17.9,False,128,437,750,500,1081,Nova Stark,False
0658_02,Earth,False,A/56/S,TRAPPIST-1e,45.6,False,1221,210,901,44,1120,Nova Stark,True
0659_01,Earth,False,F/85/P,55 Cancri e,24.2,False,620,566,703,1242,184,Nova Stark,False
0659_02,Mars,True,C/155/P,55 Cancri e,26.8,False,0,0,0,0,0,Priya Kaur,True
0660_01,Europa,False,G/172/P,55 Cancri e,28.3,False,847,598,805,1357,1177,Leo Stark,False
0660_02,Mars,False,C/51/P,TRAPPIST-1e,46.8,False,78,578,412,545,168,Ilya Komarov,True
0661_01,Earth,False,A/116/P,55 Cancri e,44.6,False,1337,31,286,593,1066,Leo Stark,True
0661_02,Earth,True,F/148/P,55 Cancri e,30.1,False,0,0,0,0,0,Leo Stark,True
0662_01,Mars,False,A/87/P,TRAPPIST-1e,26.0,False,269,1203,517,1126,1033,Leo Stark,False
0662_02,Earth,False,C/103/P,55 Cancri e,22.7,False,582,1113,225,669,916,Ilya Komarov,False
0663_01,Mars,True,D/127/P,TRAPPIST-1e,18.3,False,0,0,0,0,0,Jordan Benson,True
0663_02,Earth,False,B/27/S,PSO J318.5-22,24.9,False,73,1214,55,719,552,Remy Vivaldi,True
0664_01,Earth,False,G/95/P,PSO J318.5-22,44.1,False,283,186,497,1465,129,Kai Vega,False
0664_02,Earth,True,C/20/S,TRAPPIST-1e,29.6,False,0,0,0,0,0,Leo Stark,True
0665_01,Earth,False,E/118/P,TRAPPIST-1e,31.3,False,12,1294,1238,443,446,Lara Xel'Naga,False
0665_02,Mars,False,F/32/P,55 Cancri e,4.6,False,985,992,714,73,536,Ilya Komarov,False
0666_01,Earth,False,D/58/P,TRAPPIST-1e,14.0,False,1189,40,428,343,1447,Ethan Zhao,True
0666_02,Mars,False,B/169/P,PSO J318.5-22,33.9,False,365,1143,608,656,727,Ilya Komarov,True
0667_01,Earth,False,D/99/P,55 Cancri e,17.4,False,835,1360,1296,116,817,Remy Vivaldi,False
0667_02,Europa,False,G/81/S,PSO J318.5-22,27.5,False,367,1117,167,953,1364,Lara Xel'Naga,False
0668_01,Earth,False,B/94/S,55 Cancri e,38.0,False,151,585,912,273,495,Priya Kaur,True
0668_02,Mars,True,C/109/P,PSO J318.5-22,29.2,False,0,0,0,0,0,Hiro Tanaka,True
0669_01,Earth,False,A/191/P,TRAPPIST-1e,36.1,True,72,1037,1456,156,734,Ilya Komarov,True
0669_02,Earth,False,E/116/S,TRAPPIST-1e,11.9,False,131,1361,1018,1427,1399,Priya Kaur,True
0670_01,Mars,True,D/129/S,55 Cancri e,37.5,False,0,0,0,0,0,Ilya Komarov,True
0670_02,Earth,True,D/188/S,TRAPPIST-1e,30.4,False,0,0,0,0,0,Leo Stark,True
0671_01,Earth,False,D/133/S,TRAPPIST-1e,12.7,False,530,857,537,728,1177,Aria Lin,True
0671_02,Earth,True,A/10/S,TRAPPIST-1e,26.0,False,0,0,0,0,0,Jordan Benson,True
0672_01,Europa,False,D/101/S,TRAPPIST-1e,31.0,False,337,1154,449,809,786,Ethan Zhao,True
0672_02,Earth,True,B/89/S,PSO J318.5-22,27.0,False,0,0,0,0,0,Ethan Zhao,True
0673_01,Earth,False,F/160/S,PSO J318.5-22,43.1,False,176,830,642,1072,566,Ethan Zhao,True
0673_02,Earth,False,B/48/S,55 Cancri e,32.0,False,665,1378,1331,867,1069,Mila Benson,False
0674_01,Mars,False,B/68/P,TRAPPIST-1e,35.8,False,1212,821,1152,560,1289,Mila Benson,False
0674_02,Mars,False,D/64/S,TRAPPIST-1e,34.2,True,1141,463,143,441,1223,Mila Benson,False
0675_01,Earth,False,E/129/P,PSO J318.5-22,20.6,False,147,1359,1094,1256,1357,Jordan Benson,True
0675_02,Europa,False,D/189/S,55 Cancri e,40.9,False,810,665,89,1357,198,Ilya Komarov,True
0676_01,Mars,True,C/78/S,55 Cancri e,23.3,False,0,0,0,0,0,Hiro Tanaka,True
0676_02,Earth,False,F/164/P,TRAPPIST-1e,27.8,False,723,962,1459,67,458,Remy Vivaldi,False
0677_01,Earth,False,A/63/S,TRAPPIST-1e,40.3,False,1163,729,555,780,893,Jordan Benson,True
0677_02,Mars,False,C/161/S,55 Cancri e,32.5,False,609,747,281,660,923,Aria Lin,False
0678_01,Earth,False,D/71/S,TRAPPIST-1e,21.7,True,745,1480,86,1102,1228,Priya Kaur,False
0678_02,Europa,True,G/117/S,TRAPPIST-1e,27.0,False,0,0,0,0,0,Mila Benson,True
0679_01,Europa,True,F/39/S,PSO J318.5-22,37.6,False,0,0,0,0,0,Lara Xel'Naga,True
0679_02,Earth,True,C/4/S,TRAPPIST-1e,32.6,False,0,0,0,0,0,Hiro Tanaka,True
0680_01,Mars,False,D/91/P,TRAPPIST-1e,16.2,False,557,898,1206,1291,1345,Nova Stark,False
0680_02,Mars,False,G/144/P,TRAPPIST-1e,29.7,False,77,783,1362,673,237,Lara Xel'Naga,False
0681_01,Earth,False,A/75/P,TRAPPIST-1e,24.5,False,122,1269,1396,1074,1094,Nova Stark,True
0681_02,Europa,False,D/103/P,TRAPPIST-1e,20.3,False,479,1042,83,1178,564,Hiro Tanaka,False
0682_01,Mars,False,C/149/P,PSO J318.5-22,29.0,False,442,1092,522,142,191,Kai Vega,True
0682_02,Mars,True,C/22/S,55 Cancri e,26.6,False,0,0,0,0,0,Ilya Komarov,True
0683_01,Mars,False,G/112/P,TRAPPIST-1e,33.4,False,1316,1032,1294,1410,92,Ethan Zhao,False
0683_02,Europa,False,D/91/S,55 Cancri e,35.4,False,528,1177,404,839,1172,Leo Stark,False
0684_01,Mars,True,G/108/P,PSO J318.5-22,33.1,False,0,0,0,0,0,Kai Vega,True
0684_02,Europa,False,B/159/S,TRAPPIST-1e,36.4,False,471,892,546,630,1037,Leo Stark,True
0685_01,Europa,True,G/196/S,TRAPPIST-1e,18.5,False,0,0,0,0,0,Kai Vega,False
0685_02,Europa,True,E/25/S,55 Cancri e,34.1,False,0,0,0,0,0,Nova Stark,False
0686_01,Earth,False,F/131/P,PSO J318.5-22,28.7,False,521,633,962,957,882,Lara Xel'Naga,False
0686_02,Mars,True,F/164/P,TRAPPIST-1e,19.0,False,0,0,0,0,0,Ethan Zhao,False
0687_01,Earth,False,E/177/P,TRAPPIST-1e,21.1,False,937,1420,865,105,1108,Lara Xel'Naga,False
0687_02,Earth,False,B/53/P,55 Cancri e,27.7,True,213,1144,1155,849,196,Priya Kaur,False
0688_01,Earth,False,C/104/S,TRAPPIST-1e,19.7,False,636,306,1290,1470,1464,Priya Kaur,True
0688_02,Europa,False,G/169/P,55 Cancri e,33.8,False,894,651,840,1025,519,Mila Benson,True
0689_01,Europa,False,B/131/P,55 Cancri e,21.1,False,739,468,211,1135,1031,Kai Vega,False
0689_02,Europa,False,F/71/S,TRAPPIST-1e,23.8,False,803,476,873,459,252,Jordan Benson,False
0690_01,Mars,True,C/118/P,55 Cancri e,20.4,False,0,0,0,0,0,Hiro Tanaka,True
0690_02,Europa,False,F/159/S,TRAPPIST-1e,47.3,False,980,853,235,1329,477,Nova Stark,False
0691_01,Mars,False,D/71/P,TRAPPIST-1e,7.3,False,1445,1317,1269,85,555,Priya Kaur,True
0691_02,Europa,False,E/17/P,PSO J318.5-22,28.3,False,1398,1469,377,1413,1074,Aria Lin,False
0692_01,Earth,False,G/36/S,PSO J318.5-22,26.9,False,265,1143,711,1271,69,Leo Stark,True
0692_02,Europa,False,D/156/P,55 Cancri e,45.0,False,56,1405,38,800,1466,Priya Kaur,False
0693_01,Mars,True,F/83/S,55 Cancri e,35.0,False,0,0,0,0,0,Leo Stark,True
0693_02,Earth,False,B/60/P,PSO J318.5-22,35.9,False,755,351,1321,282,109,Aria Lin,False
0694_01,Europa,True,G/188/P,TRAPPIST-1e,23.8,False,0,0,0,0,0,Lara Xel'Naga,True
0694_02,Mars,False,D/17/P,PSO J318.5-22,39.2,False,24,842,790,737,56,Mila Benson,False
0695_01,Earth,False,C/156/P,TRAPPIST-1e,39.8,False,529,686,928,228,1249,Ethan Zhao,False
0695_02,Earth,False,E/143/P,TRAPPIST-1e,25.9,False,595,434,881,1020,401,Ilya Komarov,False
0696_01,Earth,True,B/112/P,TRAPPIST-1e,15.6,False,0,0,0,0,0,Aria Lin,False
0696_02,Earth,True,G/36/P,TRAPPIST-1e,16.8,False,0,0,0,0,0,Hiro Tanaka,True
0697_01,Earth,False,F/187/S,TRAPPIST-1e,25.2,False,905,342,435,176,138,Hiro Tanaka,False
0697_02,Mars,False,E/144/P,TRAPPIST-1e,19.8,False,193,1209,1241,1187,1184,Aria Lin,False
0698_01,Earth,False,B/133/S,TRAPPIST-1e,44.0,False,1065,914,209,740,861,Remy Vivaldi,True
0698_02,Mars,False,B/75/S,TRAPPIST-1e,36.0,False,1298,953,1302,1274,1333,Jordan Benson,False
0699_01,Earth,False,A/137/P,55 Cancri e,18.5,False,56,111,4,1433,1437,Priya Kaur,False
0699_02,Europa,True,F/29/S,TRAPPIST-1e,26.0,False,0,0,0,0,0,Mila Benson,True
0700_01,Earth,True,G/16/P,TRAPPIST-1e,26.2,False,0,0,0,0,0,Ethan Zhao,True
0700_02,Europa,False,A/61/S,TRAPPIST-1e,23.6,False,1282,89,615,890,697,Hiro Tanaka,False
0701_01,Europa,False,G/10/S,TRAPPIST-1e,18.6,False,970,1131,667,593,588,Hiro Tanaka,False
0701_02,Earth,False,D/34/S,PSO J318.5-22,28.3,True,484,981,971,1281,638,Mila Benson,False
0702_01,Earth,False,D/123/S,TRAPPIST-1e,32.6,True,1111,1227,15,1174,935,Mila Benson,True
0702_02,Earth,False,G/98/P,55 Cancri e,29.9,False,253,1211,328,543,782,Leo Stark,False
0703_01,Europa,True,F/110/P,TRAPPIST-1e,31.3,False,0,0,0,0,0,Hiro Tanaka,False
0703_02,Mars,False,C/112/P,TRAPPIST-1e,36.4,False,1353,844,1192,365,1201,Hiro Tanaka,True
0704_01,Mars,False,G/138/P,TRAPPIST-1e,27.2,False,1063,923,415,1378,254,Remy Vivaldi,False
0704_02,Earth,True,D/47/S,TRAPPIST-1e,40.1,False,0,0,0,0,0,Hiro Tanaka,True
0705_01,Earth,False,B/156/S,55 Cancri e,17.6,False,709,576,899,10,25,Aria Lin,True
0705_02,Earth,False,B/127/S,TRAPPIST-1e,31.8,False,956,420,1244,495,1260,Kai Vega,False
0706_01,Europa,False,G/168/P,55 Cancri e,24.1,False,1167,989,188,254,67,Nova Stark,False
0706_02,Mars,True,C/106/S,TRAPPIST-1e,24.9,False,0,0,0,0,0,Lara Xel'Naga,False
0707_01,Mars,True,F/142/P,TRAPPIST-1e,32.0,False,0,0,0,0,0,Lara Xel'Naga,True
0707_02,Earth,False,F/196/S,TRAPPIST-1e,32.4,True,873,1432,299,356,255,Mila Benson,True
0708_01,Europa,False,G/22/P,TRAPPIST-1e,36.6,False,283,1335,98,196,481,Leo Stark,False
0708_02,Mars,False,A/58/P,TRAPPIST-1e,28.8,False,877,1249,614,617,1388,Leo Stark,False
0709_01,Europa,False,E/196/S,TRAPPIST-1e,17.0,False,1065,421,835,1204,544,Nova Stark,False
0709_02,Earth,False,E/56/P,TRAPPIST-1e,42.2,False,70,1128,1223,1124,767,Hiro Tanaka,False
0710_01,Mars,False,F/193/P,TRAPPIST-1e,20.4,False,220,181,306,521,1419,Ethan Zhao,False
0710_02,Earth,False,E/119/S,55 Cancri e,17.4,False,1013,3,862,847,803,Priya Kaur,True
0711_01,Mars,False,B/34/P,TRAPPIST-1e,27.4,False,1443,100,962,572,1332,Kai Vega,True
0711_02,Earth,False,C/87/S,TRAPPIST-1e,30.4,False,657,938,1086,225,104,Nova Stark,True
0712_01,Earth,False,G/198/P,TRAPPIST-1e,25.0,False,1278,428,433,1230,1051,Aria Lin,False
0712_02,Earth,False,D/119/P,55 Cancri e,53.7,True,681,1359,587,1092,865,Mila Benson,False
0713_01,Mars,False,E/56/S,TRAPPIST-1e,15.3,False,367,250,858,855,1193,Jordan Benson,True
0713_02,Europa,False,A/113/P,TRAPPIST-1e,27.0,False,1113,560,1469,293,918,Kai Vega,True
0714_01,Mars,True,F/45/P,PSO J318.5-22,45.0,False,0,0,0,0,0,Remy Vivaldi,True
0714_02,Earth,True,E/113/S,TRAPPIST-1e,21.2,False,0,0,0,0,0,Remy Vivaldi,True
0715_01,Europa,False,C/5/S,55 Cancri e,29.4,False,897,471,246,381,990,Hiro Tanaka,True
0715_02,Earth,True,D/29/P,TRAPPIST-1e,1.8,False,0,0,0,0,0,Hiro Tanaka,True
0716_01,Europa,False,F/110/S,TRAPPIST-1e,44.6,True,559,1074,688,379,473,Hiro Tanaka,False
0716_02,Earth,False,F/96/S,TRAPPIST-1e,28.5,False,1103,696,1390,1484,910,Lara Xel'Naga,False
0717_01,Earth,False,E/7/P,PSO J318.5-22,34.9,False,477,1003,925,1443,706,Nova Stark,False
0717_02,Europa,False,G/149/S,TRAPPIST-1e,27.1,False,1237,1392,853,1137,1016,Hiro Tanaka,True
0718_01,Europa,True,G/167/P,TRAPPIST-1e,34.3,False,0,0,0,0,0,Remy Vivaldi,True
0718_02,Europa,False,F/108/P,55 Cancri e,31.8,False,1269,1107,206,150,667,Hiro Tanaka,False
0719_01,Mars,False,C/69/P,55 Cancri e,19.5,False,1168,1009,36,332,402,Remy Vivaldi,False
0719_02,Europa,False,B/117/S,PSO J318.5-22,11.6,False,413,44,1425,205,61,Ethan Zhao,True
0720_01,Europa,False,D/93/P,TRAPPIST-1e,46.3,False,18,364,1323,1030,427,Jordan Benson,False
0720_02,Europa,False,B/115/S,TRAPPIST-1e,29.1,False,1140,579,545,324,54,Lara Xel'Naga,False
0721_01,Earth,False,D/173/P,PSO J318.5-22,27.9,False,230,452,393,1381,1467,Kai Vega,False
0721_02,Earth,True,D/130/P,55 Cancri e,31.1,False,0,0,0,0,0,Remy Vivaldi,False
0722_01,Mars,True,A/108/S,PSO J318.5-22,30.0,False,0,0,0,0,0,Ilya Komarov,True
0722_02,Earth,False,G/111/P,PSO J318.5-22,46.7,False,1216,603,880,1101,84,Jordan Benson,True
0723_01,Mars,False,D/91/P,TRAPPIST-1e,26.9,False,1168,68,1081,696,478,Remy Vivaldi,False
0723_02,Earth,False,G/87/P,PSO J318.5-22,28.7,True,819,1468,1319,1194,146,Ethan Zhao,False
0724_01,Mars,False,F/116/S,TRAPPIST-1e,32.0,False,220,1401,1289,94,261,Ethan Zhao,True
0724_02,Earth,False,E/131/P,TRAPPIST-1e,30.6,False,896,1094,218,91,126,Hiro Tanaka,False
0725_01,Europa,False,D/83/S,TRAPPIST-1e,28.7,False,24,155,631,1080,18,Hiro Tanaka,True
0725_02,Europa,True,C/127/S,TRAPPIST-1e,21.7,False,0,0,0,0,0,Priya Kaur,True
0726_01,Mars,True,D/82/P,TRAPPIST-1e,29.1,True,0,0,0,0,0,Ethan Zhao,False
0726_02,Europa,True,E/72/S,TRAPPIST-1e,21.7,False,0,0,0,0,0,Lara Xel'Naga,True
0727_01,Earth,False,B/44/S,TRAPPIST-1e,32.9,False,54,1459,683,108,1207,Jordan Benson,False
0727_02,Europa,True,A/53/P,TRAPPIST-1e,0.0,False,0,0,0,0,0,Mila Benson,False
0728_01,Mars,False,B/2/S,TRAPPIST-1e,36.0,False,200,848,508,1345,274,Kai Vega,False
0728_02,Europa,False,D/134/P,55 Cancri e,9.4,False,210,503,1141,702,41,Jordan Benson,False
0729_01,Earth,False,D/127/S,TRAPPIST-1e,28.3,False,573,611,1042,836,422,Kai Vega,False
0729_02,Earth,False,G/21/P,PSO J318.5-22,23.7,False,1489,1396,757,762,1104,Lara Xel'Naga,False
0730_01,Earth,False,F/132/P,PSO J318.5-22,27.2,False,13,1169,1080,722,779,Mila Benson,False
0730_02,Europa,False,C/49/P,PSO J318.5-22,26.5,False,1233,528,797,343,1302,Remy Vivaldi,True
0731_01,Mars,False,B/173/P,TRAPPIST-1e,12.4,False,251,1288,270,919,418,Ilya Komarov,False
0731_02,Europa,False,B/51/P,55 Cancri e,16.2,False,794,1234,1388,1099,1344,Ethan Zhao,True
0732_01,Mars,True,E/157/P,PSO J318.5-22,33.9,False,0,0,0,0,0,Leo Stark,True
0732_02,Europa,False,E/61/S,55 Cancri e,20.7,False,1070,378,1119,957,102,Lara Xel'Naga,False
0733_01,Earth,False,F/125/S,PSO J318.5-22,0.0,False,1050,529,678,988,1105,Nova Stark,False
0733_02,Earth,True,A/194/S,55 Cancri e,33.9,False,0,0,0,0,0,Nova Stark,True
0734_01,Mars,True,D/82/P,TRAPPIST-1e,30.3,False,0,0,0,0,0,Ethan Zhao,True
0734_02,Mars,False,G/126/S,PSO J318.5-22,38.4,False,1185,931,1425,1061,510,Kai Vega,True
0735_01,Earth,False,G/105/P,55 Cancri e,44.4,False,1223,1278,1202,546,593,Kai Vega,False
0735_02,Mars,False,D/109/S,TRAPPIST-1e,34.1,False,388,1421,157,1027,166,Kai Vega,False
0736_01,Earth,False,G/12/S,55 Cancri e,27.4,False,1227,193,234,717,1173,Hiro Tanaka,False
0736_02,Mars,True,F/29/S,TRAPPIST-1e,32.9,False,0,0,0,0,0,Mila Benson,False
0737_01,Earth,False,A/200/S,TRAPPIST-1e,22.3,False,892,677,1334,67,1486,Priya Kaur,True
0737_02,Earth,False,C/138/P,TRAPPIST-1e,24.5,False,87,216,0,1158,1374,Leo Stark,False
0738_01,Earth,True,B/96/S,55 Cancri e,7.8,False,0,0,0,0,0,Ethan Zhao,True
0738_02,Earth,True,A/194/P,55 Cancri e,27.0,False,0,0,0,0,0,Ilya Komarov,True
0739_01,Earth,False,B/162/P,TRAPPIST-1e,22.0,False,907,657,449,585,462,Jordan Benson,False
0739_02,Mars,False,B/190/S,TRAPPIST-1e,18.3,False,989,1131,121,16,1219,Priya Kaur,False
0740_01,Europa,False,A/4/P,TRAPPIST-1e,24.5,False,118,709,44,313,1202,Leo Stark,True
0740_02,Europa,False,G/83/S,55 Cancri e,38.4,False,417,555,1101,325,1380,Kai Vega,True
0741_01,Earth,True,F/148/S,TRAPPIST-1e,13.2,False,0,0,0,0,0,Jordan Benson,True
0741_02,Mars,False,D/73/P,TRAPPIST-1e,25.9,True,213,73,508,331,1116,Ilya Komarov,False
0742_01,Mars,False,F/28/S,TRAPPIST-1e,40.1,False,1399,1027,1161,1254,599,Mila Benson,False
0742_02,Earth,False,D/145/P,PSO J318.5-22,12.7,False,1075,324,991,716,722,Lara Xel'Naga,False
0743_01,Earth,True,B/54/S,55 Cancri e,25.8,False,0,0,0,0,0,Lara Xel'Naga,True
0743_02,Mars,False,G/146/P,TRAPPIST-1e,38.2,False,323,1016,868,1191,687,Kai Vega,False
0744_01,Europa,False,B/10/S,PSO J318.5-22,16.6,False,619,472,1319,460,1347,Leo Stark,False
0744_02,Earth,False,G/144/S,55 Cancri e,19.1,False,813,845,1164,666,261,Aria Lin,True
0745_01,Mars,False,E/143/P,TRAPPIST-1e,16.7,False,354,769,179,65,819,Jordan Benson,False
0745_02,Europa,True,E/192/P,TRAPPIST-1e,39.3,False,0,0,0,0,0,Jordan Benson,True
0746_01,Mars,False,F/135/S,TRAPPIST-1e,30.2,False,533,1390,1130,438,834,Priya Kaur,False
0746_02,Earth,True,D/76/S,55 Cancri e,26.0,False,0,0,0,0,0,Nova Stark,True
0747_01,Earth,True,E/176/P,PSO J318.5-22,23.3,False,0,0,0,0,0,Nova Stark,True
0747_02,Earth,False,B/85/P,TRAPPIST-1e,10.1,False,727,83,1036,692,492,Ilya Komarov,True
0748_01,Mars,True,D/18/P,TRAPPIST-1e,35.5,False,0,0,0,0,0,Remy Vivaldi,True
0748_02,Mars,False,A/16/S,55 Cancri e,30.0,False,352,1080,39,1359,639,Nova Stark,False
0749_01,Earth,False,A/50/S,TRAPPIST-1e,26.0,False,516,729,522,838,116,Leo Stark,False
0749_02,Earth,False,G/104/S,55 Cancri e,10.3,False,183,1139,161,542,1260,Aria Lin,True
0750_01,Europa,True,F/56/S,TRAPPIST-1e,8.3,False,0,0,0,0,0,Jordan Benson,True
0750_02,Mars,False,G/99/S,55 Cancri e,27.2,False,446,415,531,440,737,Hiro Tanaka,False
0751_01,Europa,False,F/122/P,TRAPPIST-1e,25.5,True,710,394,325,1114,749,Remy Vivaldi,False
0751_02,Earth,False,E/38/P,TRAPPIST-1e,11.3,False,1093,1189,641,213,1358,Mila Benson,False
0752_01,Earth,True,G/113/S,PSO J318.5-22,38.4,False,0,0,0,0,0,Kai Vega,True
0752_02,Earth,True,D/97/S,PSO J318.5-22,32.5,False,0,0,0,0,0,Kai Vega,False
0753_01,Earth,False,E/55/P,PSO J318.5-22,46.6,False,1262,132,998,785,1189,Ethan Zhao,True
0753_02,Mars,False,D/178/S,PSO J318.5-22,37.8,False,1397,372,478,831,649,Leo Stark,False
0754_01,Earth,True,C/120/S,PSO J318.5-22,23.3,False,0,0,0,0,0,Hiro Tanaka,True
0754_02,Earth,False,B/192/P,TRAPPIST-1e,11.8,False,1323,81,86,224,15,Priya Kaur,True
0755_01,Europa,False,A/95/S,55 Cancri e,28.8,False,680,1487,1398,1115,180,Hiro Tanaka,True
0755_02,Europa,True,D/102/P,PSO J318.5-22,38.5,False,0,0,0,0,0,Kai Vega,True
0756_01,Europa,False,G/184/S,PSO J318.5-22,31.8,False,1212,1337,492,922,127,Ilya Komarov,True
0756_02,Europa,False,G/140/P,TRAPPIST-1e,22.2,False,1449,564,1210,549,452,Hiro Tanaka,False
0757_01,Earth,False,B/34/P,55 Cancri e,29.5,False,223,153,559,350,1170,Jordan Benson,True
0757_02,Europa,False,C/25/S,TRAPPIST-1e,33.9,False,348,181,636,1017,178,Ethan Zhao,True
0758_01,Europa,False,C/182/P,55 Cancri e,14.3,False,1015,63,28,371,96,Nova Stark,False
0758_02,Europa,False,G/171/P,TRAPPIST-1e,3.9,False,1465,1226,1434,992,20,Priya Kaur,True
0759_01,Earth,True,D/12/S,PSO J318.5-22,10.6,False,0,0,0,0,0,Priya Kaur,True
0759_02,Europa,False,G/1/S,TRAPPIST-1e,17.5,False,65,602,1187,1134,337,Jordan Benson,False
0760_01,Mars,False,A/145/S,TRAPPIST-1e,28.4,False,1314,670,1435,614,896,Jordan Benson,True
0760_02,Earth,True,E/161/P,PSO J318.5-22,38.5,False,0,0,0,0,0,Mila Benson,True
0761_01,Mars,False,F/64/S,PSO J318.5-22,26.7,False,702,1074,209,125,491,Remy Vivaldi,False
0761_02,Europa,True,A/98/S,TRAPPIST-1e,36.5,False,0,0,0,0,0,Hiro Tanaka,True
0762_01,Earth,False,C/52/P,TRAPPIST-1e,40.0,False,776,257,1211,229,188,Ilya Komarov,True
0762_02,Mars,False,C/90/S,PSO J318.5-22,31.4,False,1438,9,1137,1099,675,Lara Xel'Naga,True
0763_01,Europa,False,E/146/P,PSO J318.5-22,20.5,False,837,1007,688,386,969,Aria Lin,False
0763_02,Earth,True,F/129/S,TRAPPIST-1e,28.4,False,0,0,0,0,0,Remy Vivaldi,True
0764_01,Mars,True,A/133/P,55 Cancri e,38.4,False,0,0,0,0,0,Hiro Tanaka,True
0764_02,Mars,False,E/9/S,PSO J318.5-22,33.3,False,1004,1369,1253,254,235,Nova Stark,False
0765_01,Earth,True,D/86/S,PSO J318.5-22,26.3,False,0,0,0,0,0,Lara Xel'Naga,False
0765_02,Earth,True,E/48/P,55 Cancri e,23.3,False,0,0,0,0,0,Ilya Komarov,True
0766_01,Europa,False,D/122/P,TRAPPIST-1e,20.9,False,1444,258,947,46,862,Hiro Tanaka,False
0766_02,Europa,False,A/60/P,55 Cancri e,31.0,False,524,887,207,1334,746,Kai Vega,False
0767_01,Mars,False,B/132/P,TRAPPIST-1e,30.3,False,1113,357,1197,1240,455,Ethan Zhao,False
0767_02,Earth,False,E/193/P,TRAPPIST-1e,22.4,False,775,628,1222,831,485,Mila Benson,False
0768_01,Earth,False,B/89/S,TRAPPIST-1e,33.5,False,787,263,1081,1325,30,Mila Benson,False
0768_02,Earth,False,C/79/P,TRAPPIST-1e,34.8,False,1272,604,1294,1417,501,Remy Vivaldi,False
0769_01,Europa,True,F/143/S,TRAPPIST-1e,23.1,False,0,0,0,0,0,Nova Stark,True
0769_02,Mars,False,F/55/S,PSO J318.5-22,23.0,False,885,548,1365,838,1430,Ilya Komarov,False
0770_01,Europa,False,D/33/S,PSO J318.5-22,18.3,False,613,411,431,677,158,Leo Stark,False
0770_02,Earth,False,F/109/S,55 Cancri e,25.3,False,13,372,224,1096,1272,Ilya Komarov,False
0771_01,Europa,True,E/46/P,TRAPPIST-1e,12.5,False,0,0,0,0,0,Priya Kaur,False
0771_02,Europa,False,D/20/P,TRAPPIST-1e,34.6,False,987,1243,839,726,1244,Mila Benson,True
0772_01,Mars,True,D/168/P,55 Cancri e,17.4,False,0,0,0,0,0,Kai Vega,True
0772_02,Mars,True,D/46/P,TRAPPIST-1e,34.3,False,0,0,0,0,0,Jordan Benson,True
0773_01,Earth,False,F/26/S,TRAPPIST-1e,19.3,False,833,536,1096,922,1152,Lara Xel'Naga,False
0773_02,Mars,False,A/125/S,55 Cancri e,24.6,False,841,1449,947,664,1148,Kai Vega,False
0774_01,Europa,False,E/116/S,PSO J318.5-22,31.2,False,1349,564,825,505,1105,Nova Stark,False
0774_02,Mars,True,B/109/S,PSO J318.5-22,40.8,False,0,0,0,0,0,Mila Benson,True
0775_01,Europa,False,B/132/S,55 Cancri e,34.4,True,1391,1235,576,1232,762,Kai Vega,True
0775_02,Mars,False,A/154/S,TRAPPIST-1e,32.5,False,116,627,748,104,494,Aria Lin,True
0776_01,Earth,False,B/76/S,55 Cancri e,34.6,True,1239,981,959,844,448,Nova Stark,True
0776_02,Earth,False,C/188/P,55 Cancri e,34.9,False,535,510,1481,539,15,Remy Vivaldi,True
0777_01,Mars,True,F/38/S,55 Cancri e,19.8,False,0,0,0,0,0,Nova Stark,False
0777_02,Europa,False,G/188/S,TRAPPIST-1e,36.4,False,1230,911,1294,760,704,Nova Stark,True
0778_01,Europa,False,F/26/S,55 Cancri e,19.9,False,1322,396,393,1098,977,Jordan Benson,False
0778_02,Europa,False,D/103/P,TRAPPIST-1e,38.8,False,1126,296,1001,177,1238,Kai Vega,False
0779_01,Europa,False,G/111/P,TRAPPIST-1e,26.4,False,6,48,160,175,1025,Kai Vega,False
0779_02,Mars,False,B/178/P,TRAPPIST-1e,40.5,False,1000,454,275,497,675,Remy Vivaldi,False
0780_01,Mars,True,F/200/P,TRAPPIST-1e,28.9,False,0,0,0,0,0,Mila Benson,True
0780_02,Earth,False,C/2/S,TRAPPIST-1e,14.2,True,1211,55,546,1135,1333,Leo Stark,False
0781_01,Earth,True,E/163/S,TRAPPIST-1e,36.3,False,0,0,0,0,0,Mila Benson,True
0781_02,Earth,True,C/187/S,55 Cancri e,9.6,False,0,0,0,0,0,Hiro Tanaka,True
0782_01,Mars,False,E/4/S,TRAPPIST-1e,52.0,False,1348,306,618,1132,1395,Ilya Komarov,True
0782_02,Europa,False,E/179/P,PSO J318.5-22,54.7,False,356,180,1379,67,291,Leo Stark,True
0783_01,Europa,False,F/125/S,TRAPPIST-1e,21.7,False,1487,913,65,1044,383,Priya Kaur,False
0783_02,Earth,False,D/173/S,TRAPPIST-1e,23.1,False,38,1308,821,601,784,Hiro Tanaka,True
0784_01,Mars,False,D/196/P,PSO J318.5-22,29.7,False,1096,478,560,100,513,Priya Kaur,False
0784_02,Earth,False,E/34/S,PSO J318.5-22,37.5,False,175,237,909,1082,1122,Jordan Benson,True
0785_01,Earth,True,A/147/S,TRAPPIST-1e,23.3,False,0,0,0,0,0,Ethan Zhao,False
0785_02,Mars,False,G/56/S,55 Cancri e,24.5,False,946,754,1320,210,1146,Nova Stark,False
0786_01,Europa,False,F/196/S,55 Cancri e,25.8,False,139,540,1414,269,1035,Leo Stark,True
0786_02,Mars,False,D/74/S,TRAPPIST-1e,35.7,False,1412,1360,505,1129,31,Lara Xel'Naga,False
0787_01,Earth,False,C/196/S,PSO J318.5-22,31.7,False,928,99,8,696,1052,Jordan Benson,False
0787_02,Europa,False,D/106/P,PSO J318.5-22,33.8,True,1137,461,920,1166,389,Remy Vivaldi,True
0788_01,Europa,False,A/154/S,TRAPPIST-1e,42.5,False,1464,1195,1254,719,74,Remy Vivaldi,True
0788_02,Europa,False,A/95/P,PSO J318.5-22,13.7,False,1293,625,61,873,319,Aria Lin,False
0789_01,Mars,False,G/42/S,TRAPPIST-1e,29.0,False,953,254,569,111,984,Remy Vivaldi,True
0789_02,Europa,False,C/34/S,TRAPPIST-1e,22.4,False,1336,997,460,707,886,Remy Vivaldi,False
0790_01,Mars,True,E/114/P,TRAPPIST-1e,30.2,False,0,0,0,0,0,Priya Kaur,True
0790_02,Europa,False,G/41/P,55 Cancri e,28.8,False,519,811,1121,235,1397,Jordan Benson,True
0791_01,Earth,False,D/134/S,TRAPPIST-1e,28.7,False,578,541,113,203,1052,Leo Stark,False
0791_02,Europa,False,F/199/P,55 Cancri e,26.6,False,642,473,696,252,904,Ethan Zhao,True
0792_01,Mars,False,F/197/P,TRAPPIST-1e,16.2,False,1164,742,1323,674,310,Priya Kaur,False
0792_02,Mars,False,A/27/P,TRAPPIST-1e,46.2,False,470,1416,1468,808,171,Hiro Tanaka,False
0793_01,Earth,False,C/106/S,TRAPPIST-1e,30.1,False,129,351,977,57,1129,Ilya Komarov,True
0793_02,Earth,False,F/19/S,PSO J318.5-22,18.2,False,811,1353,767,682,1406,Remy Vivaldi,False
0794_01,Earth,True,D/85/S,PSO J318.5-22,41.6,False,0,0,0,0,0,Kai Vega,True
0794_02,Europa,True,E/74/P,TRAPPIST-1e,14.2,False,0,0,0,0,0,Hiro Tanaka,True
0795_01,Earth,False,F/41/S,55 Cancri e,26.0,False,396,25,312,125,1431,Aria Lin,True
0795_02,Europa,False,B/38/S,TRAPPIST-1e,21.9,False,1221,810,187,697,809,Remy Vivaldi,True
0796_01,Earth,False,B/150/P,TRAPPIST-1e,33.9,False,522,1377,985,657,596,Priya Kaur,False
0796_02,Mars,False,E/44/S,PSO J318.5-22,36.6,False,99,615,947,555,277,Priya Kaur,False
0797_01,Mars,False,D/166/P,55 Cancri e,24.1,False,490,254,380,891,541,Ilya Komarov,False
0797_02,Earth,False,A/88/P,TRAPPIST-1e,10.7,False,1287,824,878,1352,1138,Lara Xel'Naga,True
0798_01,Europa,False,A/167/P,TRAPPIST-1e,42.4,False,327,210,726,922,551,Hiro Tanaka,False
0798_02,Earth,False,G/135/P,PSO J318.5-22,22.9,False,25,26,701,1106,681,Aria Lin,True
0799_01,Europa,True,C/130/P,TRAPPIST-1e,36.3,False,0,0,0,0,0,Priya Kaur,False
0799_02,Mars,False,G/15/S,55 Cancri e,36.5,False,228,366,527,790,523,Remy Vivaldi,True
0800_01,Europa,True,F/63/P,PSO J318.5-22,20.0,False,0,0,0,0,0,Lara Xel'Naga,True
0800_02,Europa,True,C/24/P,PSO J318.5-22,8.2,False,0,0,0,0,0,Jordan Benson,False
0801_01,Earth,False,A/54/P,TRAPPIST-1e,29.3,False,132,533,974,268,1435,Hiro Tanaka,False
0801_02,Earth,False,G/14/S,PSO J318.5-22,20.8,False,672,790,17,116,797,Ilya Komarov,True
0802_01,Earth,False,A/139/P,55 Cancri e,30.6,False,928,752,421,1392,645,Hiro Tanaka,True
0802_02,Mars,False,A/185/S,PSO J318.5-22,33.3,False,557,49,677,105,1239,Hiro Tanaka,False
0803_01,Europa,False,A/65/S,55 Cancri e,43.8,False,987,841,445,1209,69,Aria Lin,True
0803_02,Mars,False,C/166/S,TRAPPIST-1e,34.8,False,149,1269,773,1122,1301,Remy Vivaldi,False
0804_01,Europa,False,C/161/S,TRAPPIST-1e,27.0,False,1127,945,600,652,724,Lara Xel'Naga,False
0804_02,Earth,False,E/121/S,TRAPPIST-1e,37.3,False,232,1417,250,78,1075,Leo Stark,False
0805_01,Earth,False,D/88/P,TRAPPIST-1e,35.2,False,1074,1209,1057,802,741,Remy Vivaldi,True
0805_02,Mars,False,G/136/S,TRAPPIST-1e,26.4,False,130,1022,631,1466,837,Hiro Tanaka,True
0806_01,Europa,True,B/50/S,TRAPPIST-1e,41.3,False,0,0,0,0,0,Hiro Tanaka,True
0806_02,Earth,False,D/168/S,PSO J318.5-22,13.7,False,1426,322,1233,614,328,Remy Vivaldi,False
0807_01,Mars,False,G/78/S,TRAPPIST-1e,32.8,False,650,120,605,1475,964,Ethan Zhao,False
0807_02,Europa,False,C/109/S,PSO J318.5-22,17.4,False,128,1114,28,721,332,Leo Stark,True
0808_01,Mars,False,G/36/S,PSO J318.5-22,23.5,False,943,1047,1122,1429,355,Ethan Zhao,True
0808_02,Europa,False,C/96/P,TRAPPIST-1e,28.1,False,138,1197,28,930,495,Leo Stark,False
0809_01,Mars,False,G/56/S,TRAPPIST-1e,21.5,False,553,298,1215,63,754,Remy Vivaldi,True
0809_02,Europa,False,F/152/S,TRAPPIST-1e,11.9,False,769,1238,833,165,1255,Leo Stark,False
0810_01,Europa,False,C/156/S,TRAPPIST-1e,26.1,False,1357,792,1327,832,1460,Aria Lin,False
0810_02,Mars,False,C/29/S,TRAPPIST-1e,26.0,False,1346,857,1416,805,1172,Jordan Benson,False
0811_01,Europa,False,G/39/P,55 Cancri e,24.0,False,1385,378,197,1014,1023,Remy Vivaldi,False
0811_02,Mars,True,E/140/S,55 Cancri e,40.4,False,0,0,0,0,0,Kai Vega,True
0812_01,Earth,False,A/180/S,TRAPPIST-1e,40.1,False,505,898,75,230,961,Ilya Komarov,False
0812_02,Earth,True,D/59/S,TRAPPIST-1e,39.0,False,0,0,0,0,0,Aria Lin,False
0813_01,Earth,True,F/6/P,TRAPPIST-1e,33.7,False,0,0,0,0,0,Leo Stark,True
0813_02,Mars,False,G/136/P,55 Cancri e,22.4,False,1181,68,392,1108,266,Hiro Tanaka,False
0814_01,Earth,False,G/84/S,TRAPPIST-1e,30.7,False,961,727,672,422,1197,Aria Lin,True
0814_02,Earth,False,E/200/P,55 Cancri e,15.1,False,114,219,30,1366,1400,Priya Kaur,False
0815_01,Earth,False,D/157/P,PSO J318.5-22,28.4,False,738,1025,870,100,1081,Aria Lin,False
0815_02,Earth,False,F/39/S,TRAPPIST-1e,25.3,False,1412,691,940,340,860,Hiro Tanaka,False
0816_01,Mars,False,F/111/P,TRAPPIST-1e,36.6,False,659,1409,927,1049,453,Mila Benson,False
0816_02,Mars,True,B/83/S,TRAPPIST-1e,33.8,False,0,0,0,0,0,Remy Vivaldi,True
0817_01,Europa,False,D/168/P,PSO J318.5-22,37.8,False,818,772,12,914,920,Nova Stark,False
0817_02,Europa,False,B/49/P,TRAPPIST-1e,22.6,False,824,370,1314,331,260,Jordan Benson,True
0818_01,Europa,False,A/200/P,55 Cancri e,12.3,False,696,686,949,386,820,Jordan Benson,False
0818_02,Earth,False,F/54/P,TRAPPIST-1e,33.7,False,467,1438,68,1495,1127,Kai Vega,True
0819_01,Earth,False,A/36/S,TRAPPIST-1e,22.5,False,211,507,15,883,331,Leo Stark,True
0819_02,Europa,False,B/98/P,55 Cancri e,31.8,False,716,550,941,255,991,Remy Vivaldi,True
0820_01,Mars,False,A/24/P,55 Cancri e,26.7,False,1195,648,999,470,1407,Ethan Zhao,False
0820_02,Earth,False,A/126/S,PSO J318.5-22,28.8,False,689,699,506,991,1009,Leo Stark,True
0821_01,Earth,False,C/123/S,55 Cancri e,22.1,False,1348,213,1231,168,1353,Ilya Komarov,True
0821_02,Mars,False,D/26/S,TRAPPIST-1e,30.9,False,1303,977,1328,145,515,Jordan Benson,False
0822_01,Europa,False,F/22/S,55 Cancri e,18.1,True,527,1250,1023,473,756,Kai Vega,False
0822_02,Earth,True,G/64/P,55 Cancri e,30.5,True,0,0,0,0,0,Priya Kaur,True
0823_01,Europa,False,A/16/P,PSO J318.5-22,28.2,False,1176,400,1302,56,1002,Nova Stark,False
0823_02,Earth,False,B/133/P,PSO J318.5-22,18.3,False,185,397,604,787,157,Aria Lin,True
0824_01,Earth,False,A/128/P,TRAPPIST-1e,27.8,False,588,465,445,800,1096,Nova Stark,False
0824_02,Earth,False,A/7/S,TRAPPIST-1e,40.0,False,928,16,730,325,994,Mila Benson,False
0825_01,Earth,False,A/139/S,PSO J318.5-22,34.3,False,920,841,1225,343,858,Priya Kaur,True
0825_02,Earth,True,B/24/S,TRAPPIST-1e,51.9,False,0,0,0,0,0,Ilya Komarov,True
0826_01,Mars,False,E/113/P,PSO J318.5-22,22.1,False,221,1406,591,1030,1295,Mila Benson,False
0826_02,Mars,False,C/33/S,PSO J318.5-22,33.0,False,1017,15,1447,523,802,Hiro Tanaka,False
0827_01,Earth,False,F/147/P,TRAPPIST-1e,33.1,False,227,1007,1311,808,1157,Lara Xel'Naga,False
0827_02,Earth,True,A/191/P,PSO J318.5-22,27.4,False,0,0,0,0,0,Hiro Tanaka,True
0828_01,Earth,True,F/169/S,TRAPPIST-1e,43.8,False,0,0,0,0,0,Ilya Komarov,True
0828_02,Mars,False,C/195/P,TRAPPIST-1e,25.4,False,1089,436,828,933,258,Aria Lin,True
0829_01,Europa,False,A/192/S,PSO J318.5-22,9.6,True,768,1124,1221,812,225,Remy Vivaldi,False
0829_02,Earth,True,A/61/P,TRAPPIST-1e,27.1,False,0,0,0,0,0,Hiro Tanaka,True
0830_01,Mars,True,G/148/S,55 Cancri e,17.3,False,0,0,0,0,0,Ilya Komarov,True
0830_02,Mars,False,F/72/S,TRAPPIST-1e,51.8,False,1144,505,1205,813,766,Lara Xel'Naga,True
0831_01,Mars,False,D/170/P,PSO J318.5-22,18.6,False,990,617,272,231,1443,Priya Kaur,True
0831_02,Mars,False,A/140/P,TRAPPIST-1e,39.6,False,767,1465,495,1047,1132,Ilya Komarov,False
0832_01,Earth,False,C/33/S,TRAPPIST-1e,43.7,False,1210,287,337,1060,136,Priya Kaur,False
0832_02,Earth,False,E/47/S,55 Cancri e,33.6,False,507,226,319,915,1205,Aria Lin,True
0833_01,Earth,True,F/91/P,55 Cancri e,24.2,False,0,0,0,0,0,Priya Kaur,True
0833_02,Mars,False,B/178/P,TRAPPIST-1e,29.5,False,52,859,866,1258,432,Aria Lin,True
0834_01,Europa,False,B/193/P,55 Cancri e,28.5,False,598,402,395,414,938,Hiro Tanaka,False
0834_02,Earth,True,D/76/S,55 Cancri e,42.9,False,0,0,0,0,0,Ilya Komarov,True
0835_01,Earth,False,C/1/P,TRAPPIST-1e,41.5,False,1387,1153,83,270,243,Aria Lin,False
0835_02,Europa,False,A/16/S,TRAPPIST-1e,21.5,False,387,213,817,1189,58,Lara Xel'Naga,False
0836_01,Earth,False,B/166/S,TRAPPIST-1e,26.4,False,122,1436,1162,1252,1297,Remy Vivaldi,False
0836_02,Earth,True,C/36/S,TRAPPIST-1e,42.0,False,0,0,0,0,0,Hiro Tanaka,False
0837_01,Earth,True,B/173/S,PSO J318.5-22,28.5,False,0,0,0,0,0,Aria Lin,True
0837_02,Earth,False,G/161/S,TRAPPIST-1e,15.2,False,117,904,394,875,1483,Kai Vega,False
0838_01,Mars,False,D/40/P,PSO J318.5-22,33.5,False,951,1435,74,294,20,Nova Stark,False
0838_02,Earth,False,C/29/S,55 Cancri e,20.1,False,1194,1038,1234,559,1109,Ethan Zhao,False
0839_01,Mars,False,B/134/P,TRAPPIST-1e,36.2,False,817,1174,1164,1092,1283,Hiro Tanaka,False
0839_02,Mars,True,G/171/S,PSO J318.5-22,27.9,False,0,0,0,0,0,Leo Stark,True
0840_01,Earth,False,C/186/S,TRAPPIST-1e,27.2,False,370,1442,100,660,967,Nova Stark,False
0840_02,Earth,False,A/4/P,PSO J318.5-22,21.0,False,242,752,511,848,554,Remy Vivaldi,False
0841_01,Earth,False,F/69/P,PSO J318.5-22,9.5,False,1422,406,924,646,221,Ilya Komarov,False
0841_02,Mars,False,E/171/S,TRAPPIST-1e,35.9,False,1179,653,427,1181,976,Hiro Tanaka,False
0842_01,Europa,False,E/25/P,PSO J318.5-22,25.8,False,855,228,279,1313,1070,Hiro Tanaka,False
0842_02,Europa,False,D/184/P,TRAPPIST-1e,24.3,False,974,1237,757,1047,320,Ilya Komarov,False
0843_01,Europa,False,A/103/S,PSO J318.5-22,29.2,False,710,1493,745,674,115,Remy Vivaldi,False
0843_02,Earth,False,C/26/S,55 Cancri e,33.0,False,604,1065,378,1229,465,Ethan Zhao,False
0844_01,Earth,False,F/89/S,TRAPPIST-1e,34.6,False,117,1260,308,1479,1498,Mila Benson,False
0844_02,Europa,False,C/197/P,TRAPPIST-1e,38.5,False,99,260,992,1328,1377,Priya Kaur,False
0845_01,Europa,False,C/200/P,55 Cancri e,24.1,False,686,1305,1464,1316,737,Nova Stark,False
0845_02,Mars,False,G/59/S,TRAPPIST-1e,17.8,False,1030,638,935,1115,1213,Ethan Zhao,True
0846_01,Mars,False,D/164/P,PSO J318.5-22,23.1,False,52,753,485,1387,1135,Kai Vega,False
0846_02,Mars,False,G/113/S,PSO J318.5-22,26.7,False,408,1030,667,1220,834,Lara Xel'Naga,False
0847_01,Earth,True,C/130/S,PSO J318.5-22,3.8,False,0,0,0,0,0,Lara Xel'Naga,True
0847_02,Europa,True,A/24/S,TRAPPIST-1e,28.2,False,0,0,0,0,0,Nova Stark,True
0848_01,Mars,True,D/27/S,PSO J318.5-22,17.9,False,0,0,0,0,0,Jordan Benson,True
0848_02,Earth,False,A/63/P,PSO J318.5-22,9.6,False,1494,774,918,454,365,Mila Benson,False
0849_01,Europa,False,B/58/S,PSO J318.5-22,35.2,False,520,1327,1138,209,1064,Lara Xel'Naga,True
0849_02,Earth,False,G/157/S,55 Cancri e,19.2,False,815,172,233,792,792,Priya Kaur,False
0850_01,Earth,False,G/133/S,PSO J318.5-22,15.1,False,1359,1097,1214,323,1010,Leo Stark,False
0850_02,Europa,False,C/68/S,TRAPPIST-1e,26.6,False,1170,283,212,928,751,Remy Vivaldi,False
0851_01,Mars,True,F/35/S,PSO J318.5-22,28.0,False,0,0,0,0,0,Priya Kaur,True
0851_02,Earth,False,G/130/S,55 Cancri e,40.3,False,762,1244,378,1245,1281,Hiro Tanaka,True
0852_01,Mars,False,F/142/P,55 Cancri e,50.1,False,182,711,443,622,1029,Mila Benson,False
0852_02,Mars,False,D/17/P,TRAPPIST-1e,40.0,False,1259,1150,1127,748,154,Priya Kaur,False
0853_01,Mars,False,F/38/P,PSO J318.5-22,26.4,False,509,708,784,893,775,Ethan Zhao,True
0853_02,Earth,False,F/8/S,55 Cancri e,21.9,False,297,136,375,86,1442,Lara Xel'Naga,False
0854_01,Earth,False,C/138/S,TRAPPIST-1e,38.1,False,941,151,1325,1301,1031,Priya Kaur,False
0854_02,Earth,False,F/151/S,TRAPPIST-1e,15.9,False,806,234,674,560,1325,Mila Benson,False
0855_01,Mars,False,G/19/P,55 Cancri e,17.9,False,1242,347,1102,747,272,Lara Xel'Naga,False
0855_02,Earth,False,G/195/P,TRAPPIST-1e,7.1,True,1184,307,1397,975,732,Ilya Komarov,False
0856_01,Earth,True,D/147/S,55 Cancri e,30.9,False,0,0,0,0,0,Ilya Komarov,True
0856_02,Earth,True,C/91/P,PSO J318.5-22,26.5,False,0,0,0,0,0,Kai Vega,True
0857_01,Earth,True,B/59/S,PSO J318.5-22,33.6,False,0,0,0,0,0,Nova Stark,True
0857_02,Earth,False,A/156/P,55 Cancri e,44.4,False,852,1220,777,114,1144,Nova Stark,True
0858_01,Earth,False,E/4/P,TRAPPIST-1e,21.6,False,238,301,1415,968,368,Mila Benson,False
0858_02,Mars,False,G/18/P,TRAPPIST-1e,25.9,False,232,194,906,1035,920,Ilya Komarov,True
0859_01,Earth,False,A/175/P,55 Cancri e,13.4,False,52,217,998,823,1383,Lara Xel'Naga,False
0859_02,Europa,False,G/46/P,55 Cancri e,20.9,True,384,55,117,899,1276,Mila Benson,False
0860_01,Earth,False,C/75/P,TRAPPIST-1e,18.2,False,844,1203,1438,1258,854,Hiro Tanaka,False
0860_02,Earth,False,E/40/S,55 Cancri e,19.7,False,707,1103,21,842,1463,Priya Kaur,False
0861_01,Mars,False,F/142/P,TRAPPIST-1e,44.0,False,1018,1126,395,1030,639,Lara Xel'Naga,True
0861_02,Mars,True,D/11/S,TRAPPIST-1e,35.3,False,0,0,0,0,0,Ilya Komarov,False
0862_01,Europa,False,G/152/P,55 Cancri e,32.2,False,573,239,89,231,456,Aria Lin,False
0862_02,Mars,False,F/137/S,PSO J318.5-22,22.7,False,232,353,1004,1356,438,Remy Vivaldi,True
0863_01,Earth,False,B/75/S,TRAPPIST-1e,32.8,False,1451,656,129,140,414,Jordan Benson,False
0863_02,Mars,True,E/124/S,TRAPPIST-1e,24.0,False,0,0,0,0,0,Kai Vega,True
0864_01,Europa,True,G/11/P,TRAPPIST-1e,50.8,False,0,0,0,0,0,Hiro Tanaka,True
0864_02,Europa,False,F/81/P,55 Cancri e,15.7,True,222,743,462,1299,1163,Kai Vega,False
0865_01,Mars,False,A/176/S,PSO J318.5-22,15.9,False,1293,858,664,1356,1014,Lara Xel'Naga,False
0865_02,Europa,False,B/26/S,TRAPPIST-1e,32.6,False,84,620,1054,239,362,Ethan Zhao,False
0866_01,Europa,True,B/147/P,TRAPPIST-1e,38.4,False,0,0,0,0,0,Remy Vivaldi,False
0866_02,Earth,False,A/62/S,TRAPPIST-1e,41.6,False,46,838,421,61,1132,Remy Vivaldi,False
0867_01,Mars,True,B/154/P,PSO J318.5-22,35.4,False,0,0,0,0,0,Leo Stark,True
0867_02,Europa,False,F/80/P,PSO J318.5-22,22.8,False,597,1405,391,976,1075,Kai Vega,False
0868_01,Earth,False,D/97/S,TRAPPIST-1e,36.3,False,809,1227,1261,1405,751,Ilya Komarov,True
0868_02,Earth,False,D/11/S,TRAPPIST-1e,38.7,False,1159,1430,1385,1404,880,Remy Vivaldi,True
0869_01,Earth,True,G/126/P,TRAPPIST-1e,42.1,False,0,0,0,0,0,Lara Xel'Naga,False
0869_02,Earth,False,F/178/S,TRAPPIST-1e,30.3,False,1137,19,527,1168,1231,Kai Vega,False
0870_01,Earth,True,A/102/P,TRAPPIST-1e,24.7,False,0,0,0,0,0,Ilya Komarov,True
0870_02,Mars,False,D/123/P,TRAPPIST-1e,35.4,False,165,1204,860,616,611,Leo Stark,True
0871_01,Europa,False,A/62/S,PSO J318.5-22,26.6,False,1355,502,912,78,584,Ethan Zhao,True
0871_02,Europa,False,F/129/P,PSO J318.5-22,23.8,False,687,395,1126,401,974,Nova Stark,True
0872_01,Earth,False,C/65/P,TRAPPIST-1e,31.1,False,1450,115,1186,225,229,Aria Lin,True
0872_02,Mars,True,C/130/P,TRAPPIST-1e,28.0,False,0,0,0,0,0,Remy Vivaldi,True
0873_01,Europa,False,G/113/P,TRAPPIST-1e,19.1,False,209,1415,95,893,755,Kai Vega,False
0873_02,Earth,False,C/15/P,PSO J318.5-22,29.9,False,1109,414,393,695,843,Priya Kaur,False
0874_01,Europa,False,F/83/S,TRAPPIST-1e,29.9,False,132,790,648,1337,220,Jordan Benson,False
0874_02,Earth,False,E/15/S,PSO J318.5-22,21.1,False,975,1461,1069,1215,1402,Remy Vivaldi,False
0875_01,Earth,False,A/6/S,55 Cancri e,17.0,False,1316,689,161,1354,1127,Kai Vega,False
0875_02,Mars,False,F/61/S,PSO J318.5-22,33.7,False,160,1077,1057,241,966,Aria Lin,False
0876_01,Earth,False,C/58/P,TRAPPIST-1e,53.3,False,1141,700,1018,1235,1441,Lara Xel'Naga,False
0876_02,Mars,False,B/95/P,55 Cancri e,27.8,False,1136,1067,127,875,157,Lara Xel'Naga,True
0877_01,Mars,False,E/59/S,TRAPPIST-1e,20.3,False,314,176,227,266,869,Nova Stark,True
0877_02,Mars,False,D/118/S,55 Cancri e,28.7,False,837,1402,488,701,686,Ilya Komarov,False
0878_01,Earth,False,B/186/P,TRAPPIST-1e,28.3,False,871,203,1236,551,322,Remy Vivaldi,False
0878_02,Europa,False,E/94/S,55 Cancri e,36.1,False,593,180,498,1343,82,Leo Stark,False
0879_01,Earth,True,B/121/P,55 Cancri e,27.4,False,0,0,0,0,0,Kai Vega,False
0879_02,Europa,False,D/14/P,TRAPPIST-1e,10.5,False,682,1318,688,395,1161,Lara Xel'Naga,False
0880_01,Mars,False,D/7/P,TRAPPIST-1e,18.0,False,48,788,292,535,310,Lara Xel'Naga,True
0880_02,Europa,False,G/40/S,55 Cancri e,35.9,False,536,638,233,1232,604,Remy Vivaldi,True
0881_01,Earth,False,G/190/P,PSO J318.5-22,25.3,False,1035,34,446,1475,1243,Nova Stark,False
0881_02,Europa,False,F/161/P,PSO J318.5-22,27.9,False,440,652,594,228,343,Jordan Benson,True
0882_01,Earth,False,G/14/S,TRAPPIST-1e,33.2,False,1478,988,1151,908,1382,Nova Stark,True
0882_02,Earth,False,C/17/S,PSO J318.5-22,32.3,False,526,1336,74,195,28,Hiro Tanaka,False
0883_01,Mars,False,F/45/S,TRAPPIST-1e,22.3,False,804,1428,939,966,1100,Priya Kaur,True
0883_02,Earth,True,A/137/S,TRAPPIST-1e,33.4,False,0,0,0,0,0,Aria Lin,True
0884_01,Earth,False,B/30/P,55 Cancri e,24.0,False,714,983,572,614,325,Mila Benson,True
0884_02,Mars,False,D/44/P,55 Cancri e,33.4,False,1386,874,358,323,1349,Nova Stark,False
0885_01,Europa,False,D/6/S,PSO J318.5-22,27.6,False,1176,1150,192,626,529,Nova Stark,False
0885_02,Mars,True,B/160/S,PSO J318.5-22,10.5,False,0,0,0,0,0,Lara Xel'Naga,True
0886_01,Europa,True,F/83/S,PSO J318.5-22,36.6,False,0,0,0,0,0,Jordan Benson,True
0886_02,Mars,True,E/107/P,TRAPPIST-1e,36.4,False,0,0,0,0,0,Remy Vivaldi,True
0887_01,Mars,False,A/126/S,TRAPPIST-1e,26.2,False,1075,465,717,798,474,Remy Vivaldi,False
0887_02,Earth,False,D/87/P,TRAPPIST-1e,8.1,False,400,1462,604,931,996,Aria Lin,False
0888_01,Earth,False,A/34/P,PSO J318.5-22,30.3,False,1176,513,1029,499,716,Kai Vega,False
0888_02,Mars,False,A/178/S,PSO J318.5-22,37.5,False,1141,600,665,467,160,Nova Stark,False
0889_01,Mars,False,C/34/S,PSO J318.5-22,30.2,False,631,1363,412,519,1367,Remy Vivaldi,False
0889_02,Earth,True,D/172/P,PSO J318.5-22,23.5,False,0,0,0,0,0,Priya Kaur,False
0890_01,Earth,False,G/196/P,TRAPPIST-1e,49.2,False,1089,1102,597,1225,557,Nova Stark,True
0890_02,Europa,False,G/23/P,TRAPPIST-1e,28.4,False,112,1114,140,1312,729,Ethan Zhao,False
0891_01,Europa,True,E/161/S,PSO J318.5-22,20.6,False,0,0,0,0,0,Aria Lin,True
0891_02,Earth,True,B/52/P,TRAPPIST-1e,15.1,False,0,0,0,0,0,Jordan Benson,True
0892_01,Europa,True,A/184/P,TRAPPIST-1e,33.5,False,0,0,0,0,0,Priya Kaur,True
0892_02,Earth,False,D/155/P,55 Cancri e,18.9,False,626,1342,1392,994,702,Aria Lin,False
0893_01,Earth,False,E/2/P,TRAPPIST-1e,24.7,False,476,938,400,807,176,Kai Vega,True
0893_02,Mars,False,B/180/P,PSO J318.5-22,22.9,False,1364,56,447,202,737,Remy Vivaldi,True
0894_01,Earth,False,B/42/S,PSO J318.5-22,35.2,False,554,886,22,154,1209,Kai Vega,False
0894_02,Mars,False,B/110/S,TRAPPIST-1e,28.6,False,248,748,804,133,320,Priya Kaur,True
0895_01,Europa,True,G/42/P,TRAPPIST-1e,30.9,False,0,0,0,0,0,Nova Stark,False
0895_02,Earth,False,G/111/P,PSO J318.5-22,22.9,False,1148,1102,857,50,175,Ethan Zhao,False
0896_01,Europa,False,C/151/S,PSO J318.5-22,49.4,False,738,1129,1216,1339,301,Aria Lin,False
0896_02,Mars,True,G/82/S,TRAPPIST-1e,31.5,False,0,0,0,0,0,Ilya Komarov,True
0897_01,Earth,False,C/140/P,TRAPPIST-1e,32.4,False,778,267,1193,1009,550,Mila Benson,False
0897_02,Mars,False,D/84/S,55 Cancri e,23.3,False,1478,1315,1164,1169,1448,Ilya Komarov,False
0898_01,Earth,False,D/108/P,TRAPPIST-1e,14.0,False,127,1310,1276,699,385,Leo Stark,False
0898_02,Europa,True,C/4/S,PSO J318.5-22,40.0,False,0,0,0,0,0,Lara Xel'Naga,True
0899_01,Earth,True,A/101/S,TRAPPIST-1e,35.5,False,0,0,0,0,0,Remy Vivaldi,True
0899_02,Mars,True,G/141/S,TRAPPIST-1e,34.5,False,0,0,0,0,0,Hiro Tanaka,True
0900_01,Mars,False,G/41/S,PSO J318.5-22,37.7,False,830,1226,627,603,1161,Jordan Benson,True
0900_02,Earth,False,E/75/P,TRAPPIST-1e,27.9,False,1445,1080,1009,70,910,Ilya Komarov,False
0901_01,Mars,False,C/162/P,TRAPPIST-1e,24.0,False,599,513,83,993,1066,Aria Lin,False
0901_02,Europa,True,B/136/S,TRAPPIST-1e,36.2,False,0,0,0,0,0,Ethan Zhao,False
0902_01,Mars,False,D/17/P,55 Cancri e,19.8,False,809,132,1418,1088,289,Remy Vivaldi,True
0902_02,Earth,False,G/81/S,TRAPPIST-1e,16.7,False,375,768,466,1236,1171,Hiro Tanaka,False
0903_01,Europa,True,B/83/P,PSO J318.5-22,21.6,False,0,0,0,0,0,Remy Vivaldi,False
0903_02,Earth,False,D/5/S,55 Cancri e,37.8,False,1347,395,789,1427,1105,Leo Stark,False
0904_01,Europa,False,E/126/S,PSO J318.5-22,21.3,False,1293,1315,1476,23,955,Ethan Zhao,True
0904_02,Mars,False,B/198/S,PSO J318.5-22,36.9,False,310,1484,1231,663,437,Mila Benson,False
0905_01,Earth,False,C/92/S,55 Cancri e,40.9,False,320,586,946,1186,1188,Kai Vega,False
0905_02,Mars,False,E/138/P,PSO J318.5-22,53.9,False,848,1318,41,1308,938,Hiro Tanaka,False
0906_01,Earth,False,F/50/S,TRAPPIST-1e,34.1,False,909,715,430,553,1439,Leo Stark,False
0906_02,Earth,True,B/37/S,TRAPPIST-1e,22.1,True,0,0,0,0,0,Aria Lin,True
0907_01,Earth,False,G/38/S,PSO J318.5-22,44.2,False,1394,384,55,1276,633,Lara Xel'Naga,False
0907_02,Europa,False,C/117/S,TRAPPIST-1e,32.2,False,105,1153,848,669,375,Ilya Komarov,True
0908_01,Europa,True,A/32/P,TRAPPIST-1e,21.1,False,0,0,0,0,0,Nova Stark,True
0908_02,Europa,False,A/161/S,PSO J318.5-22,41.9,False,1416,801,109,584,339,Lara Xel'Naga,False
0909_01,Europa,True,C/83/P,55 Cancri e,48.1,False,0,0,0,0,0,Ethan Zhao,True
0909_02,Mars,True,A/36/P,TRAPPIST-1e,33.6,False,0,0,0,0,0,Ethan Zhao,True
0910_01,Europa,False,C/87/P,55 Cancri e,35.6,False,715,873,298,1190,645,Jordan Benson,False
0910_02,Mars,True,D/165/S,PSO J318.5-22,18.2,False,0,0,0,0,0,Jordan Benson,False
0911_01,Mars,True,G/67/P,TRAPPIST-1e,26.7,False,0,0,0,0,0,Aria Lin,True
0911_02,Earth,False,F/58/S,TRAPPIST-1e,19.5,True,1030,463,452,783,896,Remy Vivaldi,False
0912_01,Earth,False,C/100/S,TRAPPIST-1e,42.0,False,1351,956,380,672,797,Kai Vega,False
0912_02,Europa,False,D/141/P,TRAPPIST-1e,31.7,False,238,699,1105,1386,504,Mila Benson,True
0913_01,Europa,False,C/180/P,55 Cancri e,16.6,False,36,643,1425,764,705,Priya Kaur,False
0913_02,Earth,False,B/138/P,PSO J318.5-22,25.2,False,1199,544,1490,1224,539,Kai Vega,True
0914_01,Mars,False,B/52/S,TRAPPIST-1e,37.8,False,393,832,1065,596,392,Kai Vega,False
0914_02,Europa,True,A/115/S,TRAPPIST-1e,31.8,False,0,0,0,0,0,Mila Benson,True
0915_01,Earth,False,G/53/P,PSO J318.5-22,11.9,False,917,319,552,1238,1094,Ethan Zhao,True
0915_02,Europa,False,E/78/S,55 Cancri e,21.0,False,567,918,235,1304,986,Aria Lin,True
0916_01,Earth,True,A/80/P,TRAPPIST-1e,30.6,False,0,0,0,0,0,Nova Stark,True
0916_02,Europa,False,C/118/S,PSO J318.5-22,39.9,False,1214,1032,59,892,224,Ilya Komarov,False
0917_01,Europa,True,F/64/P,PSO J318.5-22,25.0,False,0,0,0,0,0,Mila Benson,False
0917_02,Europa,True,A/71/P,TRAPPIST-1e,25.0,False,0,0,0,0,0,Ethan Zhao,True
0918_01,Earth,True,C/56/P,55 Cancri e,37.1,False,0,0,0,0,0,Nova Stark,True
0918_02,Mars,False,C/198/P,TRAPPIST-1e,21.3,False,1372,1465,13,163,1443,Kai Vega,False
0919_01,Earth,True,F/191/P,55 Cancri e,13.4,False,0,0,0,0,0,Jordan Benson,True
0919_02,Earth,False,E/178/S,TRAPPIST-1e,34.9,True,1051,445,1231,1493,715,Hiro Tanaka,False
0920_01,Europa,False,B/17/S,PSO J318.5-22,11.0,False,425,1124,638,849,1129,Mila Benson,False
0920_02,Mars,False,A/148/P,PSO J318.5-22,22.4,False,768,276,1088,899,187,Kai Vega,False
0921_01,Europa,False,G/69/P,PSO J318.5-22,34.1,False,104,545,379,109,544,Remy Vivaldi,True
0921_02,Mars,False,F/12/S,55 Cancri e,31.8,False,353,742,316,1289,1088,Ilya Komarov,False
0922_01,Europa,False,A/74/S,TRAPPIST-1e,31.2,False,782,539,734,620,618,Ilya Komarov,False
0922_02,Mars,True,F/96/P,TRAPPIST-1e,21.3,False,0,0,0,0,0,Nova Stark,True
0923_01,Europa,False,D/89/S,TRAPPIST-1e,46.6,False,991,98,316,122,1343,Ilya Komarov,False
0923_02,Mars,False,D/23/S,TRAPPIST-1e,39.6,False,798,456,521,519,916,Nova Stark,False
0924_01,Mars,False,G/175/P,TRAPPIST-1e,15.2,False,709,1043,559,968,1153,Aria Lin,True
0924_02,Earth,False,G/191/P,55 Cancri e,30.6,False,1316,1155,355,1077,889,Remy Vivaldi,False
0925_01,Mars,True,D/29/P,55 Cancri e,32.3,False,0,0,0,0,0,Mila Benson,True
0925_02,Mars,False,B/190/P,PSO J318.5-22,35.4,False,1238,1483,1481,801,42,Nova Stark,False
0926_01,Earth,False,G/96/S,55 Cancri e,35.5,False,1153,349,1129,911,0,Leo Stark,True
0926_02,Mars,False,F/193/P,TRAPPIST-1e,36.2,False,583,431,1329,52,939,Ilya Komarov,True
0927_01,Europa,False,B/184/P,55 Cancri e,24.0,False,1402,1162,628,298,1299,Ilya Komarov,True
0927_02,Earth,False,C/62/S,TRAPPIST-1e,17.7,False,788,849,177,841,1377,Priya Kaur,False
0928_01,Earth,True,A/76/P,TRAPPIST-1e,24.4,False,0,0,0,0,0,Aria Lin,True
0928_02,Earth,False,A/109/S,PSO J318.5-22,15.0,False,1091,1468,444,1349,707,Ethan Zhao,False
0929_01,Earth,False,B/78/S,PSO J318.5-22,29.0,False,752,476,1437,1176,1127,Ilya Komarov,False
0929_02,Europa,True,D/9/S,TRAPPIST-1e,29.5,False,0,0,0,0,0,Kai Vega,True
0930_01,Mars,False,G/26/S,PSO J318.5-22,13.8,False,567,1368,530,158,1449,Nova Stark,False
0930_02,Europa,False,A/98/P,55 Cancri e,42.1,False,680,22,1070,524,728,Jordan Benson,False
0931_01,Mars,True,B/186/P,55 Cancri e,31.1,False,0,0,0,0,0,Nova Stark,True
0931_02,Mars,True,C/142/S,TRAPPIST-1e,15.5,False,0,0,0,0,0,Jordan Benson,True
0932_01,Earth,False,F/200/P,55 Cancri e,28.0,False,972,798,84,415,693,Priya Kaur,True
0932_02,Earth,False,D/138/P,TRAPPIST-1e,33.9,False,481,455,826,296,1135,Ethan Zhao,False
0933_01,Earth,False,C/42/P,TRAPPIST-1e,22.7,False,679,377,1179,420,104,Leo Stark,True
0933_02,Earth,False,A/51/S,55 Cancri e,22.8,False,329,438,1155,381,137,Leo Stark,False
0934_01,Europa,False,G/97/P,TRAPPIST-1e,49.2,False,1308,1297,19,238,1293,Nova Stark,False
0934_02,Europa,False,B/183/S,PSO J318.5-22,25.7,False,417,1333,1054,1127,185,Jordan Benson,True
0935_01,Earth,True,E/145/P,55 Cancri e,20.3,False,0,0,0,0,0,Ethan Zhao,True
0935_02,Europa,False,F/95/P,55 Cancri e,10.3,False,252,18,711,1159,222,Kai Vega,False
0936_01,Europa,False,A/23/S,PSO J318.5-22,35.7,False,853,1488,227,912,498,Leo Stark,False
0936_02,Earth,False,B/31/P,TRAPPIST-1e,35.6,False,520,701,916,1162,1299,Lara Xel'Naga,False
0937_01,Mars,False,E/96/S,55 Cancri e,21.0,False,714,947,647,1027,683,Aria Lin,True
0937_02,Mars,True,A/60/P,TRAPPIST-1e,18.5,False,0,0,0,0,0,Ethan Zhao,True
0938_01,Earth,False,E/4/P,55 Cancri e,14.5,False,939,559,212,435,851,Hiro Tanaka,False
0938_02,Earth,False,B/82/P,55 Cancri e,45.7,False,507,835,650,204,380,Remy Vivaldi,False
0939_01,Mars,False,A/45/S,55 Cancri e,45.0,False,76,815,767,409,105,Priya Kaur,False
0939_02,Earth,True,B/131/P,PSO J318.5-22,16.9,False,0,0,0,0,0,Priya Kaur,False
0940_01,Earth,False,B/161/S,PSO J318.5-22,26.5,False,1298,87,880,1100,1100,Remy Vivaldi,False
0940_02,Mars,True,D/11/S,PSO J318.5-22,19.4,False,0,0,0,0,0,Remy Vivaldi,True
0941_01,Mars,False,E/58/P,55 Cancri e,38.9,False,1405,981,716,141,892,Priya Kaur,False
0941_02,Europa,False,F/41/P,55 Cancri e,20.5,False,1391,1107,1166,351,544,Ilya Komarov,False
0942_01,Mars,False,D/17/P,PSO J318.5-22,22.7,False,652,957,762,1326,623,Lara Xel'Naga,False
0942_02,Earth,False,D/72/S,PSO J318.5-22,31.9,False,655,449,720,1247,42,Nova Stark,False
0943_01,Mars,False,C/121/S,TRAPPIST-1e,26.2,False,1291,595,1039,1357,1487,Ethan Zhao,False
0943_02,Mars,False,E/154/P,55 Cancri e,27.8,False,1082,1012,176,62,957,Ethan Zhao,False
0944_01,Earth,False,E/162/P,TRAPPIST-1e,28.4,False,1312,954,1355,849,1278,Kai Vega,False
0944_02,Europa,False,C/83/P,55 Cancri e,34.0,False,603,605,829,1486,1222,Kai Vega,True
0945_01,Earth,False,D/72/S,55 Cancri e,46.7,False,248,1269,939,156,734,Aria Lin,True
0945_02,Europa,False,B/198/S,TRAPPIST-1e,38.1,False,984,1111,1336,1089,661,Nova Stark,False
0946_01,Mars,False,G/119/P,TRAPPIST-1e,35.4,False,557,72,824,1366,1156,Kai Vega,False
0946_02,Earth,False,F/87/P,PSO J318.5-22,28.6,False,1078,60,271,245,1199,Nova Stark,True
0947_01,Mars,False,E/118/S,TRAPPIST-1e,31.4,False,704,661,1154,1125,309,Jordan Benson,True
0947_02,Mars,False,D/1/P,TRAPPIST-1e,32.0,False,1315,494,1384,337,578,Kai Vega,False
0948_01,Mars,False,E/150/S,55 Cancri e,36.8,False,1344,730,794,970,132,Remy Vivaldi,True
0948_02,Mars,False,D/153/P,55 Cancri e,33.6,False,82,56,375,348,270,Nova Stark,True
0949_01,Earth,True,G/14/P,TRAPPIST-1e,20.5,False,0,0,0,0,0,Priya Kaur,True
0949_02,Earth,False,F/176/S,TRAPPIST-1e,21.4,True,328,121,40,1190,921,Aria Lin,False
0950_01,Earth,True,E/185/S,TRAPPIST-1e,28.2,False,0,0,0,0,0,Remy Vivaldi,True
0950_02,Europa,False,C/142/S,TRAPPIST-1e,14.1,False,468,1423,8,12,923,Priya Kaur,False
0951_01,Europa,True,G/99/P,55 Cancri e,35.5,False,0,0,0,0,0,Lara Xel'Naga,True
0951_02,Europa,False,C/125/P,TRAPPIST-1e,19.5,False,1425,1214,1074,1416,652,Leo Stark,True
0952_01,Mars,False,B/57/S,TRAPPIST-1e,26.4,True,1323,195,416,663,1443,Aria Lin,False
0952_02,Europa,False,G/99/S,TRAPPIST-1e,53.0,False,1379,147,1000,1388,363,Jordan Benson,False
0953_01,Mars,False,F/99/S,TRAPPIST-1e,23.9,False,1428,1034,1343,125,305,Kai Vega,True
0953_02,Europa,False,G/135/S,TRAPPIST-1e,34.4,True,1112,1378,627,1375,688,Priya Kaur,False
0954_01,Mars,False,C/37/P,55 Cancri e,24.1,False,442,836,388,616,146,Aria Lin,False
0954_02,Mars,True,C/91/S,TRAPPIST-1e,31.2,False,0,0,0,0,0,Kai Vega,False
0955_01,Mars,False,D/7/P,PSO J318.5-22,9.6,False,433,143,288,1409,13,Ilya Komarov,False
0955_02,Earth,False,C/93/S,TRAPPIST-1e,0.0,False,256,1369,1368,1423,1230,Ethan Zhao,False
0956_01,Mars,True,C/90/P,TRAPPIST-1e,48.2,False,0,0,0,0,0,Kai Vega,True
0956_02,Earth,True,E/166/P,TRAPPIST-1e,30.3,False,0,0,0,0,0,Nova Stark,True
0957_01,Earth,True,B/24/P,TRAPPIST-1e,23.5,False,0,0,0,0,0,Kai Vega,True
0957_02,Earth,True,D/72/P,TRAPPIST-1e,31.4,False,0,0,0,0,0,Lara Xel'Naga,True
0958_01,Earth,False,E/14/P,TRAPPIST-1e,23.7,False,1441,1306,73,354,496,Leo Stark,False
0958_02,Earth,True,B/155/P,TRAPPIST-1e,28.9,False,0,0,0,0,0,Kai Vega,False
0959_01,Earth,False,G/119/S,PSO J318.5-22,26.3,False,1215,718,780,1019,1217,Priya Kaur,False
0959_02,Earth,False,C/44/S,55 Cancri e,28.3,False,1403,1426,663,599,10,Priya Kaur,False
0960_01,Earth,False,B/13/S,TRAPPIST-1e,12.8,False,1320,410,955,584,1075,Remy Vivaldi,False
0960_02,Mars,False,C/119/P,55 Cancri e,37.5,False,1051,576,1040,1374,1451,Jordan Benson,False
0961_01,Earth,False,G/11/P,TRAPPIST-1e,17.0,False,988,1233,1454,1317,742,Kai Vega,False
0961_02,Mars,False,D/141/S,55 Cancri e,16.3,False,1127,203,1076,973,939,Aria Lin,False
0962_01,Mars,False,E/184/S,PSO J318.5-22,26.5,False,104,1289,252,294,667,Leo Stark,True
0962_02,Mars,True,A/53/P,55 Cancri e,8.3,False,0,0,0,0,0,Kai Vega,True
0963_01,Mars,False,C/96/P,TRAPPIST-1e,32.2,False,298,1486,100,1079,331,Mila Benson,True
0963_02,Europa,False,B/116/P,PSO J318.5-22,30.2,False,835,392,873,380,91,Leo Stark,True
0964_01,Earth,False,D/65/S,TRAPPIST-1e,30.7,False,1191,1458,441,217,1245,Ilya Komarov,False
0964_02,Earth,False,D/14/P,TRAPPIST-1e,24.2,False,672,277,1008,568,1009,Jordan Benson,True
0965_01,Earth,False,D/168/S,TRAPPIST-1e,27.2,False,837,29,358,1311,85,Nova Stark,False
0965_02,Mars,False,G/123/P,TRAPPIST-1e,29.7,False,1257,746,312,364,904,Kai Vega,False
0966_01,Earth,True,A/38/S,TRAPPIST-1e,31.5,True,0,0,0,0,0,Remy Vivaldi,True
0966_02,Mars,True,D/86/S,TRAPPIST-1e,23.3,False,0,0,0,0,0,Kai Vega,True
0967_01,Mars,False,D/195/S,55 Cancri e,30.0,False,1186,1119,773,509,364,Mila Benson,False
0967_02,Mars,False,E/130/P,TRAPPIST-1e,26.9,False,980,352,799,1459,1106,Leo Stark,False
0968_01,Europa,False,F/163/S,TRAPPIST-1e,24.8,False,589,658,106,381,782,Remy Vivaldi,True
0968_02,Mars,True,B/11/P,TRAPPIST-1e,33.4,True,0,0,0,0,0,Lara Xel'Naga,True
0969_01,Mars,True,G/39/S,55 Cancri e,18.8,False,0,0,0,0,0,Remy Vivaldi,True
0969_02,Earth,True,A/68/S,TRAPPIST-1e,38.1,False,0,0,0,0,0,Lara Xel'Naga,False
0970_01,Mars,True,F/118/S,PSO J318.5-22,25.6,False,0,0,0,0,0,Nova Stark,False
0970_02,Earth,False,E/190/S,PSO J318.5-22,29.3,False,1233,603,1014,1096,1332,Priya Kaur,True
0971_01,Europa,False,E/134/S,55 Cancri e,26.7,False,859,1209,1276,12,298,Remy Vivaldi,True
0971_02,Earth,False,C/85/S,55 Cancri e,39.3,False,1099,1074,786,148,121,Leo Stark,True
0972_01,Europa,False,G/66/P,TRAPPIST-1e,27.5,False,1179,1261,375,81,491,Remy Vivaldi,False
0972_02,Earth,False,B/26/S,55 Cancri e,18.8,False,355,924,1296,1067,1004,Leo Stark,False
0973_01,Earth,True,B/160/S,PSO J318.5-22,34.9,False,0,0,0,0,0,Nova Stark,False
0973_02,Earth,False,G/111/P,55 Cancri e,35.2,False,329,1432,990,322,1134,Mila Benson,False
0974_01,Mars,True,B/125/S,TRAPPIST-1e,25.1,False,0,0,0,0,0,Leo Stark,True
0974_02,Earth,True,E/43/S,TRAPPIST-1e,25.3,False,0,0,0,0,0,Hiro Tanaka,True
0975_01,Earth,True,A/189/P,TRAPPIST-1e,31.3,False,0,0,0,0,0,Ilya Komarov,False
0975_02,Europa,False,A/1/S,TRAPPIST-1e,26.0,True,538,600,1169,256,1212,Kai Vega,False
0976_01,Mars,False,G/180/S,PSO J318.5-22,29.5,False,808,676,270,549,1137,Mila Benson,True
0976_02,Earth,False,A/150/P,TRAPPIST-1e,29.2,False,1362,567,985,358,1357,Remy Vivaldi,False
0977_01,Mars,False,D/28/S,55 Cancri e,25.6,False,1284,886,1222,210,286,Priya Kaur,True
0977_02,Europa,True,A/119/S,TRAPPIST-1e,32.9,False,0,0,0,0,0,Ethan Zhao,True
0978_01,Mars,False,F/73/P,TRAPPIST-1e,34.3,False,1046,1132,295,5,549,Aria Lin,True
0978_02,Mars,False,C/131/S,TRAPPIST-1e,26.9,False,680,794,202,324,824,Leo Stark,False
0979_01,Earth,False,G/80/S,TRAPPIST-1e,32.4,False,1036,906,1403,364,1365,Lara Xel'Naga,False
0979_02,Earth,True,E/31/P,TRAPPIST-1e,28.5,False,0,0,0,0,0,Lara Xel'Naga,True
0980_01,Earth,True,C/177/S,55 Cancri e,34.2,False,0,0,0,0,0,Ilya Komarov,True
0980_02,Earth,False,F/172/S,PSO J318.5-22,23.8,False,1069,273,207,123,1033,Ilya Komarov,False
0981_01,Mars,True,B/89/P,TRAPPIST-1e,7.8,True,0,0,0,0,0,Kai Vega,True
0981_02,Mars,False,D/182/S,55 Cancri e,33.5,False,59,898,885,781,441,Nova Stark,False
0982_01,Europa,False,C/193/P,TRAPPIST-1e,44.2,False,1188,997,733,90,166,Lara Xel'Naga,False
0982_02,Mars,True,C/38/P,TRAPPIST-1e,36.3,False,0,0,0,0,0,Hiro Tanaka,True
0983_01,Earth,False,F/47/S,TRAPPIST-1e,26.7,False,515,1180,746,305,394,Aria Lin,False
0983_02,Earth,False,C/87/P,TRAPPIST-1e,29.4,False,1097,186,1360,622,729,Priya Kaur,True
0984_01,Earth,False,F/189/S,55 Cancri e,23.7,False,138,458,69,384,629,Priya Kaur,False
0984_02,Europa,False,B/112/P,55 Cancri e,45.2,False,197,204,567,981,804,Hiro Tanaka,False
0985_01,Mars,False,D/12/S,TRAPPIST-1e,23.5,True,973,639,1454,324,441,Hiro Tanaka,False
0985_02,Earth,False,D/119/P,TRAPPIST-1e,15.9,False,803,287,225,1087,966,Remy Vivaldi,False
0986_01,Earth,False,G/10/P,PSO J318.5-22,19.9,False,1420,256,576,238,37,Kai Vega,False
0986_02,Earth,False,A/57/S,TRAPPIST-1e,46.9,False,24,409,460,987,1440,Leo Stark,True
0987_01,Earth,False,C/138/S,TRAPPIST-1e,41.0,False,568,1456,1071,1351,432,Ethan Zhao,False
0987_02,Europa,False,G/154/P,55 Cancri e,29.1,False,1454,55,576,267,68,Remy Vivaldi,False
0988_01,Mars,True,A/61/S,55 Cancri e,28.6,False,0,0,0,0,0,Lara Xel'Naga,True
0988_02,Earth,True,D/21/S,PSO J318.5-22,33.4,False,0,0,0,0,0,Ilya Komarov,True
0989_01,Earth,False,F/67/P,PSO J318.5-22,29.8,False,489,745,48,315,412,Kai Vega,False
0989_02,Mars,True,B/93/P,PSO J318.5-22,22.4,False,0,0,0,0,0,Kai Vega,False
0990_01,Europa,False,A/20/P,TRAPPIST-1e,13.7,False,843,1467,915,433,642,Mila Benson,False
0990_02,Earth,False,G/195/S,TRAPPIST-1e,37.0,False,56,963,976,1201,1316,Ilya Komarov,False
0991_01,Mars,False,G/137/S,55 Cancri e,28.3,False,847,138,246,1171,229,Aria Lin,False
0991_02,Earth,False,A/91/P,TRAPPIST-1e,33.2,False,791,636,373,1103,737,Priya Kaur,False
0992_01,Europa,True,E/197/P,TRAPPIST-1e,34.3,False,0,0,0,0,0,Nova Stark,True
0992_02,Europa,False,D/194/S,TRAPPIST-1e,27.2,False,1227,1405,600,1499,538,Leo Stark,False
0993_01,Mars,True,E/199/S,TRAPPIST-1e,36.1,False,0,0,0,0,0,Hiro Tanaka,True
0993_02,Europa,False,F/18/P,PSO J318.5-22,40.2,False,1242,11,813,1438,31,Ilya Komarov,False
0994_01,Mars,False,F/95/P,TRAPPIST-1e,14.7,True,1204,557,1364,1481,1103,Remy Vivaldi,True
0994_02,Mars,True,F/96/S,55 Cancri e,30.3,False,0,0,0,0,0,Mila Benson,False
0995_01,Mars,True,G/25/P,55 Cancri e,32.6,False,0,0,0,0,0,Ilya Komarov,True
0995_02,Mars,False,C/31/P,PSO J318.5-22,49.0,False,111,1315,382,16,492,Kai Vega,False
0996_01,Mars,True,G/28/P,TRAPPIST-1e,43.3,False,0,0,0,0,0,Lara Xel'Naga,True
0996_02,Mars,False,C/88/S,TRAPPIST-1e,38.4,False,879,114,813,643,1359,Nova Stark,True
0997_01,Earth,False,D/6/P,TRAPPIST-1e,15.4,False,146,121,80,684,661,Ethan Zhao,True
0997_02,Earth,False,E/154/P,TRAPPIST-1e,29.7,False,374,62,503,667,448,Kai Vega,False
0998_01,Earth,False,B/148/P,55 Cancri e,16.6,False,1345,679,1189,460,458,Remy Vivaldi,True
0998_02,Earth,False,E/194/P,PSO J318.5-22,44.0,False,1212,463,911,378,1025,Hiro Tanaka,False
0999_01,Mars,True,E/169/S,TRAPPIST-1e,9.1,False,0,0,0,0,0,Mila Benson,True
0999_02,Mars,True,C/69/P,TRAPPIST-1e,29.8,False,0,0,0,0,0,Hiro Tanaka,True
1000_01,Mars,True,G/93/S,55 Cancri e,10.9,False,0,0,0,0,0,Lara Xel'Naga,True
1000_02,Mars,False,B/21/S,TRAPPIST-1e,21.4,False,336,1495,194,1011,652,Hiro Tanaka,False
1001_01,Earth,False,A/121/P,PSO J318.5-22,19.9,False,565,615,572,598,769,Lara Xel'Naga,False
1001_02,Europa,False,D/2/S,55 Cancri e,29.8,False,1201,241,1226,1485,1103,Remy Vivaldi,False
1002_01,Earth,True,B/157/S,TRAPPIST-1e,27.8,False,0,0,0,0,0,Kai Vega,True
1002_02,Mars,False,D/149/S,TRAPPIST-1e,27.3,False,390,895,687,1149,46,Jordan Benson,False
1003_01,Earth,False,D/1/P,TRAPPIST-1e,44.3,False,463,122,1497,133,840,Ethan Zhao,True
1003_02,Earth,False,G/165/P,PSO J318.5-22,32.1,False,848,606,22,565,765,Ethan Zhao,True
1004_01,Earth,False,F/19/S,TRAPPIST-1e,15.7,False,1187,825,215,1206,656,Kai Vega,False
1004_02,Europa,True,B/184/P,PSO J318.5-22,22.1,True,0,0,0,0,0,Jordan Benson,True
1005_01,Mars,True,F/166/P,TRAPPIST-1e,26.6,False,0,0,0,0,0,Leo Stark,True
1005_02,Mars,False,D/170/P,PSO J318.5-22,19.5,False,556,971,256,532,51,Leo Stark,False
1006_01,Europa,False,F/63/S,55 Cancri e,9.3,False,299,671,777,831,231,Leo Stark,True
1006_02,Earth,False,B/16/P,PSO J318.5-22,32.2,False,974,1091,27,1074,1283,Kai Vega,True
1007_01,Earth,False,B/73/S,TRAPPIST-1e,45.2,False,585,1001,183,1046,128,Mila Benson,False
1007_02,Europa,False,E/117/S,TRAPPIST-1e,30.0,False,290,500,185,478,491,Ilya Komarov,True
1008_01,Earth,False,D/70/P,55 Cancri e,28.7,False,466,284,600,1440,1123,Lara Xel'Naga,True
1008_02,Earth,False,D/57/P,TRAPPIST-1e,40.2,False,188,988,889,387,240,Nova Stark,False
1009_01,Europa,True,G/169/S,PSO J318.5-22,31.6,False,0,0,0,0,0,Jordan Benson,True
1009_02,Earth,True,C/65/P,PSO J318.5-22,18.9,False,0,0,0,0,0,Priya Kaur,False
1010_01,Europa,False,E/47/S,55 Cancri e,40.7,True,852,1256,662,451,276,Mila Benson,False
1010_02,Europa,False,D/146/S,TRAPPIST-1e,18.2,False,1252,1194,212,1305,40,Lara Xel'Naga,True
1011_01,Earth,False,D/65/S,55 Cancri e,47.6,False,1290,540,450,1472,1084,Leo Stark,False
1011_02,Europa,False,C/25/S,55 Cancri e,23.4,False,1170,789,333,890,1165,Remy Vivaldi,False
1012_01,Earth,False,G/62/S,55 Cancri e,29.3,False,997,1419,54,1330,869,Priya Kaur,True
1012_02,Earth,True,B/60/S,TRAPPIST-1e,37.1,False,0,0,0,0,0,Leo Stark,True
1013_01,Europa,True,F/141/S,PSO J318.5-22,17.2,False,0,0,0,0,0,Ethan Zhao,True
1013_02,Mars,True,C/3/S,TRAPPIST-1e,38.2,False,0,0,0,0,0,Aria Lin,True
1014_01,Mars,False,A/88/P,PSO J318.5-22,15.4,False,1054,984,1135,557,864,Kai Vega,False
1014_02,Mars,False,G/62/P,55 Cancri e,17.2,False,716,471,73,588,1410,Priya Kaur,True
1015_01,Europa,False,A/126/P,55 Cancri e,24.1,False,991,736,993,247,1143,Jordan Benson,True
1015_02,Europa,True,E/72/P,55 Cancri e,30.1,False,0,0,0,0,0,Nova Stark,True
1016_01,Mars,False,A/190/P,PSO J318.5-22,40.6,False,702,469,492,662,285,Aria Lin,True
1016_02,Earth,False,B/189/P,PSO J318.5-22,32.1,False,311,308,774,1120,964,Remy Vivaldi,True
1017_01,Earth,False,F/116/P,PSO J318.5-22,29.7,False,964,928,120,1220,633,Jordan Benson,False
1017_02,Europa,True,F/194/S,PSO J318.5-22,2.3,False,0,0,0,0,0,Ethan Zhao,True
1018_01,Earth,False,A/44/S,TRAPPIST-1e,26.8,False,565,511,1497,1184,288,Aria Lin,False
1018_02,Mars,True,G/41/P,TRAPPIST-1e,34.1,False,0,0,0,0,0,Jordan Benson,True
1019_01,Europa,False,C/183/S,55 Cancri e,22.4,False,1271,1406,1241,1110,1105,Hiro Tanaka,False
1019_02,Mars,True,D/109/P,PSO J318.5-22,21.6,False,0,0,0,0,0,Ilya Komarov,True
1020_01,Earth,False,F/198/P,TRAPPIST-1e,22.3,False,11,832,840,642,1138,Leo Stark,False
1020_02,Mars,False,G/149/P,PSO J318.5-22,36.5,False,1241,105,690,527,1495,Mila Benson,True
1021_01,Europa,False,G/29/S,TRAPPIST-1e,18.4,False,1480,897,710,638,1044,Hiro Tanaka,False
1021_02,Earth,True,B/138/P,TRAPPIST-1e,37.5,False,0,0,0,0,0,Mila Benson,True
1022_01,Europa,False,A/62/P,TRAPPIST-1e,25.1,False,202,416,415,1471,84,Jordan Benson,True
1022_02,Earth,False,G/46/P,55 Cancri e,24.0,False,166,383,467,1095,809,Remy Vivaldi,True
1023_01,Earth,False,A/133/P,PSO J318.5-22,22.7,False,992,1281,274,1043,489,Leo Stark,False
1023_02,Mars,True,G/83/S,TRAPPIST-1e,36.4,False,0,0,0,0,0,Nova Stark,True
1024_01,Europa,True,A/199/P,PSO J318.5-22,27.5,True,0,0,0,0,0,Nova Stark,True
1024_02,Europa,False,E/21/P,PSO J318.5-22,33.5,False,88,485,707,349,1107,Jordan Benson,False
1025_01,Mars,False,A/162/P,PSO J318.5-22,30.6,False,1177,439,739,263,976,Nova Stark,False
1025_02,Europa,True,E/166/S,PSO J318.5-22,29.2,False,0,0,0,0,0,Lara Xel'Naga,True
1026_01,Earth,False,E/139/S,TRAPPIST-1e,19.9,False,992,410,172,3,853,Jordan Benson,True
1026_02,Europa,True,E/11/S,TRAPPIST-1e,49.1,False,0,0,0,0,0,Priya Kaur,True
1027_01,Earth,True,A/1/S,TRAPPIST-1e,40.6,False,0,0,0,0,0,Aria Lin,True
1027_02,Mars,False,C/136/P,TRAPPIST-1e,30.9,False,1133,1060,582,1054,380,Jordan Benson,True
1028_01,Earth,False,E/59/S,TRAPPIST-1e,26.9,False,979,1207,544,1033,191,Nova Stark,False
1028_02,Earth,False,D/187/P,55 Cancri e,24.2,False,319,579,474,636,426,Aria Lin,False
1029_01,Mars,True,D/155/S,PSO J318.5-22,30.4,False,0,0,0,0,0,Mila Benson,True
1029_02,Europa,False,G/135/P,TRAPPIST-1e,32.9,False,495,660,1301,1288,8,Kai Vega,False
1030_01,Earth,False,C/136/P,55 Cancri e,28.9,False,1031,207,1146,1056,203,Ethan Zhao,True
1030_02,Europa,False,G/165/P,55 Cancri e,17.6,False,517,516,442,688,849,Ilya Komarov,False
1031_01,Earth,False,D/184/P,55 Cancri e,29.1,False,1159,386,1048,505,1348,Leo Stark,True
1031_02,Earth,False,B/179/S,PSO J318.5-22,29.4,False,679,1361,689,884,1118,Ethan Zhao,True
1032_01,Europa,False,F/188/S,55 Cancri e,25.2,False,952,1254,783,494,1061,Mila Benson,True
1032_02,Mars,False,B/95/S,TRAPPIST-1e,34.4,False,1448,746,436,1391,344,Kai Vega,True
1033_01,Earth,False,C/162/S,TRAPPIST-1e,27.0,False,819,540,143,587,656,Nova Stark,False
1033_02,Earth,True,G/59/S,TRAPPIST-1e,40.3,False,0,0,0,0,0,Lara Xel'Naga,True
1034_01,Europa,True,A/121/S,TRAPPIST-1e,33.7,False,0,0,0,0,0,Kai Vega,False
1034_02,Mars,False,G/136/P,PSO J318.5-22,17.9,False,267,168,32,376,1237,Jordan Benson,False
1035_01,Mars,False,E/46/S,TRAPPIST-1e,35.9,False,488,721,945,1052,38,Lara Xel'Naga,False
1035_02,Europa,True,F/88/P,TRAPPIST-1e,31.1,False,0,0,0,0,0,Mila Benson,False
1036_01,Earth,True,B/54/S,TRAPPIST-1e,22.7,False,0,0,0,0,0,Kai Vega,True
1036_02,Europa,True,F/57/P,TRAPPIST-1e,28.9,False,0,0,0,0,0,Ethan Zhao,True
1037_01,Mars,False,G/32/P,PSO J318.5-22,38.1,False,1220,834,1046,998,236,Remy Vivaldi,False
1037_02,Europa,False,D/56/P,TRAPPIST-1e,28.7,False,956,918,1161,472,552,Remy Vivaldi,True
1038_01,Mars,False,F/20/P,PSO J318.5-22,11.7,False,316,597,767,885,560,Priya Kaur,False
1038_02,Earth,False,A/119/S,PSO J318.5-22,23.8,False,1224,257,1201,756,122,Priya Kaur,False
1039_01,Earth,False,B/7/P,55 Cancri e,36.2,False,259,1396,94,1148,40,Leo Stark,True
1039_02,Earth,False,E/4/P,PSO J318.5-22,36.2,False,253,6,1494,727,68,Ilya Komarov,False
1040_01,Mars,True,C/153/P,PSO J318.5-22,5.6,False,0,0,0,0,0,Mila Benson,False
1040_02,Europa,True,C/157/S,TRAPPIST-1e,28.1,False,0,0,0,0,0,Jordan Benson,True
1041_01,Earth,False,G/135/S,TRAPPIST-1e,36.6,False,833,265,911,292,1230,Remy Vivaldi,True
1041_02,Mars,False,G/7/P,PSO J318.5-22,14.6,False,332,1100,1311,1004,46,Remy Vivaldi,True
1042_01,Europa,True,B/156/P,TRAPPIST-1e,28.7,False,0,0,0,0,0,Kai Vega,True
1042_02,Mars,True,C/10/S,TRAPPIST-1e,38.3,False,0,0,0,0,0,Leo Stark,False
1043_01,Earth,False,F/6/S,TRAPPIST-1e,54.4,False,414,1376,1180,1284,1100,Leo Stark,False
1043_02,Europa,True,F/25/P,PSO J318.5-22,34.0,False,0,0,0,0,0,Mila Benson,False
1044_01,Earth,False,A/134/P,TRAPPIST-1e,30.7,False,578,1478,739,162,1038,Hiro Tanaka,True
1044_02,Europa,True,B/176/S,TRAPPIST-1e,26.6,False,0,0,0,0,0,Ethan Zhao,True
1045_01,Earth,False,C/88/S,TRAPPIST-1e,18.9,False,358,849,1354,426,496,Priya Kaur,False
1045_02,Mars,False,D/161/S,55 Cancri e,27.6,False,827,485,1472,1436,329,Aria Lin,False
1046_01,Europa,True,E/68/S,PSO J318.5-22,21.6,False,0,0,0,0,0,Jordan Benson,True
1046_02,Mars,True,E/115/P,TRAPPIST-1e,32.3,False,0,0,0,0,0,Ilya Komarov,False
1047_01,Mars,False,E/35/S,TRAPPIST-1e,30.1,False,746,626,1388,89,719,Aria Lin,False
1047_02,Europa,True,A/171/S,55 Cancri e,37.7,False,0,0,0,0,0,Mila Benson,True
1048_01,Earth,False,E/149/P,TRAPPIST-1e,15.2,False,672,516,484,781,103,Lara Xel'Naga,False
1048_02,Europa,False,C/150/P,TRAPPIST-1e,19.0,False,1475,338,686,899,606,Ethan Zhao,False
1049_01,Europa,False,E/147/S,PSO J318.5-22,15.0,False,821,623,164,1302,1050,Priya Kaur,False
1049_02,Europa,False,F/174/S,TRAPPIST-1e,21.4,False,1093,1241,1388,1329,1147,Kai Vega,True
1050_01,Mars,False,F/146/P,TRAPPIST-1e,32.0,False,551,1071,694,586,720,Jordan Benson,True
1050_02,Europa,False,C/146/P,TRAPPIST-1e,30.5,False,1206,1458,106,1211,775,Jordan Benson,True
1051_01,Europa,False,B/76/P,PSO J318.5-22,12.3,False,606,837,1492,601,402,Leo Stark,False
1051_02,Earth,False,F/6/S,TRAPPIST-1e,16.6,False,539,1095,23,623,1079,Jordan Benson,False
1052_01,Mars,False,A/165/S,TRAPPIST-1e,19.0,False,799,433,1473,792,883,Kai Vega,False
1052_02,Europa,True,E/57/S,PSO J318.5-22,38.6,False,0,0,0,0,0,Nova Stark,True
1053_01,Mars,True,E/194/P,TRAPPIST-1e,19.3,False,0,0,0,0,0,Nova Stark,False
1053_02,Europa,True,B/178/S,TRAPPIST-1e,38.6,True,0,0,0,0,0,Lara Xel'Naga,True
1054_01,Europa,False,F/38/S,PSO J318.5-22,18.5,False,648,1187,1278,475,1440,Priya Kaur,False
1054_02,Mars,False,F/19/P,TRAPPIST-1e,32.5,False,169,1340,173,469,344,Leo Stark,True
1055_01,Europa,False,G/49/S,55 Cancri e,32.6,False,455,1292,810,187,1020,Jordan Benson,True
1055_02,Earth,False,D/139/P,TRAPPIST-1e,15.7,False,710,528,433,287,498,Kai Vega,False
1056_01,Earth,False,A/8/P,55 Cancri e,31.0,False,829,437,540,1045,832,Mila Benson,True
1056_02,Mars,False,D/100/P,TRAPPIST-1e,22.5,False,796,559,761,466,1124,Leo Stark,False
1057_01,Earth,True,B/157/S,TRAPPIST-1e,28.3,True,0,0,0,0,0,Jordan Benson,True
1057_02,Earth,False,C/21/S,PSO J318.5-22,28.2,False,1164,137,577,709,227,Ethan Zhao,False
1058_01,Mars,False,B/162/P,55 Cancri e,27.8,False,1234,301,1109,1420,1276,Aria Lin,False
1058_02,Earth,True,C/57/S,TRAPPIST-1e,34.8,True,0,0,0,0,0,Ilya Komarov,True
1059_01,Europa,True,B/15/S,TRAPPIST-1e,18.3,False,0,0,0,0,0,Leo Stark,True
1059_02,Europa,True,A/143/P,PSO J318.5-22,44.0,False,0,0,0,0,0,Ethan Zhao,True
1060_01,Mars,False,A/42/P,PSO J318.5-22,34.6,False,738,795,69,1477,1462,Mila Benson,False
1060_02,Mars,False,C/18/P,TRAPPIST-1e,29.6,False,1387,982,480,1167,23,Remy Vivaldi,True
1061_01,Earth,False,C/92/P,TRAPPIST-1e,47.7,False,1198,324,1371,797,17,Leo Stark,True
1061_02,Mars,False,D/3/P,TRAPPIST-1e,22.7,False,43,154,866,921,1400,Jordan Benson,False
1062_01,Earth,False,B/193/S,TRAPPIST-1e,46.0,False,1425,224,216,30,1082,Aria Lin,False
1062_02,Mars,False,E/89/S,TRAPPIST-1e,14.7,False,897,1376,934,444,1258,Ilya Komarov,True
1063_01,Europa,False,C/68/P,PSO J318.5-22,8.6,False,737,873,565,1268,75,Hiro Tanaka,False
1063_02,Earth,False,C/131/P,TRAPPIST-1e,36.9,False,546,266,316,1144,24,Kai Vega,False
1064_01,Earth,False,F/65/P,TRAPPIST-1e,18.2,False,899,501,1189,1012,702,Jordan Benson,False
1064_02,Mars,False,D/171/P,TRAPPIST-1e,25.5,False,1198,0,740,1109,319,Lara Xel'Naga,False
1065_01,Mars,False,E/138/P,TRAPPIST-1e,37.6,False,1341,1273,897,716,1279,Kai Vega,False
1065_02,Mars,True,E/88/S,PSO J318.5-22,24.9,False,0,0,0,0,0,Ilya Komarov,True
1066_01,Mars,False,B/139/P,TRAPPIST-1e,27.8,False,390,1192,989,297,232,Lara Xel'Naga,False
1066_02,Earth,False,C/59/S,PSO J318.5-22,40.8,True,270,1083,1319,1490,1258,Ethan Zhao,False
1067_01,Europa,False,D/175/P,55 Cancri e,30.1,False,844,1255,490,502,889,Mila Benson,False
1067_02,Mars,True,D/133/P,TRAPPIST-1e,17.3,False,0,0,0,0,0,Mila Benson,True
1068_01,Earth,True,G/44/P,TRAPPIST-1e,9.2,False,0,0,0,0,0,Nova Stark,True
1068_02,Earth,False,F/169/S,TRAPPIST-1e,42.4,False,731,799,363,201,881,Priya Kaur,False
1069_01,Earth,False,D/146/P,PSO J318.5-22,15.4,False,134,625,1287,63,490,Aria Lin,False
1069_02,Earth,True,E/36/S,55 Cancri e,14.3,False,0,0,0,0,0,Ilya Komarov,True
1070_01,Earth,False,E/198/S,TRAPPIST-1e,20.0,False,912,974,1133,1244,1393,Hiro Tanaka,False
1070_02,Mars,False,B/33/P,TRAPPIST-1e,39.7,False,367,1459,917,1027,243,Hiro Tanaka,False
1071_01,Earth,False,E/111/S,55 Cancri e,43.3,False,1497,1040,727,1115,482,Aria Lin,True
1071_02,Europa,False,F/157/P,PSO J318.5-22,22.8,False,542,1228,930,399,1230,Nova Stark,False
1072_01,Mars,False,G/193/P,PSO J318.5-22,11.9,False,879,829,1264,758,162,Jordan Benson,False
1072_02,Earth,True,E/103/S,TRAPPIST-1e,18.7,False,0,0,0,0,0,Priya Kaur,True
1073_01,Europa,True,E/116/S,TRAPPIST-1e,23.4,False,0,0,0,0,0,Hiro Tanaka,True
1073_02,Europa,False,D/127/S,TRAPPIST-1e,0.0,False,1307,1382,380,869,904,Hiro Tanaka,False
1074_01,Mars,False,F/40/P,TRAPPIST-1e,13.2,False,1186,1001,608,306,1362,Remy Vivaldi,False
1074_02,Europa,True,F/137/S,PSO J318.5-22,10.3,False,0,0,0,0,0,Leo Stark,True
1075_01,Europa,False,B/95/P,PSO J318.5-22,36.3,False,704,242,599,1432,502,Mila Benson,False
1075_02,Mars,False,D/98/S,PSO J318.5-22,21.7,False,603,302,1487,234,1061,Mila Benson,True
1076_01,Earth,True,E/46/S,TRAPPIST-1e,23.2,False,0,0,0,0,0,Lara Xel'Naga,False
1076_02,Mars,False,D/51/P,TRAPPIST-1e,44.4,False,646,0,560,1119,712,Hiro Tanaka,True
1077_01,Europa,True,B/175/S,TRAPPIST-1e,20.4,False,0,0,0,0,0,Remy Vivaldi,False
1077_02,Earth,False,E/27/S,TRAPPIST-1e,31.6,False,234,348,395,1374,415,Jordan Benson,False
1078_01,Earth,True,G/87/S,TRAPPIST-1e,27.5,False,0,0,0,0,0,Nova Stark,True
1078_02,Europa,True,E/57/P,TRAPPIST-1e,26.7,False,0,0,0,0,0,Aria Lin,True
1079_01,Earth,False,E/28/S,TRAPPIST-1e,38.3,False,881,756,622,467,1165,Aria Lin,False
1079_02,Earth,False,G/144/S,TRAPPIST-1e,13.6,False,355,708,1494,1019,901,Ilya Komarov,False
1080_01,Earth,False,B/2/P,TRAPPIST-1e,18.2,False,204,28,444,965,463,Jordan Benson,False
1080_02,Mars,False,A/29/S,55 Cancri e,26.6,False,1303,150,239,265,1128,Mila Benson,True
1081_01,Europa,False,B/69/P,TRAPPIST-1e,23.5,False,1463,684,157,171,493,Remy Vivaldi,False
1081_02,Earth,False,D/28/S,TRAPPIST-1e,24.3,False,969,1334,1426,675,658,Remy Vivaldi,False
1082_01,Mars,False,B/108/S,PSO J318.5-22,29.5,False,549,642,254,207,449,Priya Kaur,True
1082_02,Mars,False,C/12/P,PSO J318.5-22,21.6,False,94,838,477,682,761,Lara Xel'Naga,False
1083_01,Europa,False,C/198/P,TRAPPIST-1e,32.8,False,755,1446,835,132,54,Lara Xel'Naga,False
1083_02,Europa,False,A/179/S,55 Cancri e,42.6,False,509,669,409,1234,1316,Ethan Zhao,False
1084_01,Europa,False,C/93/P,TRAPPIST-1e,15.9,False,296,361,588,1486,1461,Priya Kaur,False
1084_02,Europa,False,B/36/S,55 Cancri e,28.6,False,126,196,220,994,90,Leo Stark,False
1085_01,Earth,False,E/130/S,PSO J318.5-22,9.4,False,319,1417,268,1214,60,Ilya Komarov,True
1085_02,Earth,True,F/87/S,PSO J318.5-22,22.8,False,0,0,0,0,0,Kai Vega,True
1086_01,Earth,False,D/94/S,PSO J318.5-22,33.1,False,552,925,1493,660,715,Kai Vega,True
1086_02,Earth,False,E/31/P,PSO J318.5-22,32.4,False,778,193,481,1359,1458,Nova Stark,True
1087_01,Earth,False,A/40/S,TRAPPIST-1e,36.8,False,211,664,669,1489,220,Hiro Tanaka,False
1087_02,Earth,True,B/34/P,TRAPPIST-1e,27.0,False,0,0,0,0,0,Jordan Benson,True
1088_01,Earth,False,A/134/P,PSO J318.5-22,21.5,False,275,1004,513,1111,922,Priya Kaur,False
1088_02,Europa,True,C/73/S,TRAPPIST-1e,26.6,False,0,0,0,0,0,Ethan Zhao,True
1089_01,Mars,False,F/57/S,55 Cancri e,29.6,False,1264,739,674,1259,1013,Ilya Komarov,False
1089_02,Earth,False,B/192/P,TRAPPIST-1e,23.9,False,127,502,1223,901,542,Priya Kaur,False
1090_01,Europa,True,C/74/P,TRAPPIST-1e,37.4,False,0,0,0,0,0,Lara Xel'Naga,True
1090_02,Earth,False,B/17/P,TRAPPIST-1e,18.4,False,1257,713,790,415,147,Aria Lin,True
1091_01,Earth,False,A/97/P,TRAPPIST-1e,16.5,False,161,868,851,60,124,Leo Stark,True
1091_02,Earth,True,E/119/S,TRAPPIST-1e,50.6,False,0,0,0,0,0,Ilya Komarov,True
1092_01,Europa,True,D/46/P,TRAPPIST-1e,41.9,False,0,0,0,0,0,Nova Stark,True
1092_02,Mars,False,C/124/P,TRAPPIST-1e,29.1,False,465,242,1244,472,958,Hiro Tanaka,False
1093_01,Earth,True,A/131/S,TRAPPIST-1e,32.1,False,0,0,0,0,0,Priya Kaur,True
1093_02,Earth,False,E/47/S,TRAPPIST-1e,33.2,False,855,878,922,11,1286,Lara Xel'Naga,True
1094_01,Europa,True,D/184/P,55 Cancri e,18.7,False,0,0,0,0,0,Lara Xel'Naga,False
1094_02,Earth,False,B/40/P,PSO J318.5-22,26.9,False,606,1058,1479,890,760,Lara Xel'Naga,False
1095_01,Europa,False,C/169/P,PSO J318.5-22,31.4,False,1035,1342,0,1458,1159,Priya Kaur,False
1095_02,Earth,False,C/168/S,PSO J318.5-22,21.6,False,1219,132,85,1499,1347,Hiro Tanaka,False
1096_01,Mars,True,E/79/S,55 Cancri e,27.9,False,0,0,0,0,0,Ethan Zhao,True
1096_02,Europa,False,D/57/P,TRAPPIST-1e,24.6,False,48,527,144,1363,761,Mila Benson,False
1097_01,Earth,False,E/199/S,PSO J318.5-22,22.8,False,928,793,318,1110,697,Jordan Benson,True
1097_02,Mars,False,G/150/S,TRAPPIST-1e,24.3,False,846,782,41,1116,528,Lara Xel'Naga,False
1098_01,Earth,True,B/171/S,PSO J318.5-22,35.3,False,0,0,0,0,0,Ilya Komarov,True
1098_02,Earth,False,G/84/P,55 Cancri e,36.5,False,968,1487,96,1118,1349,Priya Kaur,True
1099_01,Earth,True,F/193/P,TRAPPIST-1e,26.3,False,0,0,0,0,0,Leo Stark,True
1099_02,Europa,False,E/49/P,TRAPPIST-1e,39.0,False,1244,1285,409,330,343,Kai Vega,False
1100_01,Mars,False,F/120/S,TRAPPIST-1e,25.4,False,819,985,331,1421,1368,Ethan Zhao,False
1100_02,Europa,False,F/132/S,TRAPPIST-1e,14.6,False,746,835,454,1138,312,Priya Kaur,False
1101_01,Earth,False,G/197/P,TRAPPIST-1e,45.0,True,1268,817,1017,527,949,Kai Vega,True
1101_02,Mars,False,G/147/S,TRAPPIST-1e,27.6,False,426,41,464,277,835,Nova Stark,False
1102_01,Earth,False,G/187/P,TRAPPIST-1e,37.7,False,1019,402,408,111,1297,Aria Lin,False
1102_02,Europa,False,E/192/S,PSO J318.5-22,18.8,True,1430,1396,596,650,1062,Kai Vega,True
1103_01,Earth,False,F/131/P,TRAPPIST-1e,15.1,False,991,1437,428,634,729,Remy Vivaldi,False
1103_02,Europa,False,D/22/P,PSO J318.5-22,37.2,False,888,1084,1330,1377,392,Jordan Benson,False
1104_01,Earth,True,A/163/P,PSO J318.5-22,45.6,False,0,0,0,0,0,Remy Vivaldi,True
1104_02,Europa,False,D/105/S,PSO J318.5-22,47.3,False,445,1203,1023,341,132,Mila Benson,True
1105_01,Europa,False,A/30/P,TRAPPIST-1e,37.4,False,92,1434,137,1231,1001,Lara Xel'Naga,False
1105_02,Earth,True,F/9/S,TRAPPIST-1e,12.6,False,0,0,0,0,0,Aria Lin,True
1106_01,Mars,False,B/51/P,TRAPPIST-1e,10.4,False,265,645,317,1136,900,Remy Vivaldi,False
1106_02,Earth,True,A/170/P,55 Cancri e,12.7,False,0,0,0,0,0,Aria Lin,False
1107_01,Europa,False,B/196/S,TRAPPIST-1e,25.7,False,1112,186,818,1020,131,Kai Vega,True
1107_02,Mars,False,F/135/P,TRAPPIST-1e,33.5,False,871,634,1399,690,691,Hiro Tanaka,False
1108_01,Earth,True,C/97/P,TRAPPIST-1e,39.0,False,0,0,0,0,0,Hiro Tanaka,True
1108_02,Mars,False,C/185/S,TRAPPIST-1e,28.0,False,581,170,1389,783,1082,Ethan Zhao,False
1109_01,Earth,False,E/153/S,TRAPPIST-1e,21.7,False,174,1245,53,694,862,Hiro Tanaka,False
1109_02,Earth,False,B/117/P,TRAPPIST-1e,1.8,False,1426,1341,348,442,832,Leo Stark,False
1110_01,Mars,False,C/100/S,PSO J318.5-22,33.1,False,359,914,822,891,952,Remy Vivaldi,False
1110_02,Earth,False,F/200/P,TRAPPIST-1e,33.3,False,640,1031,562,490,340,Ilya Komarov,False
1111_01,Mars,True,E/42/S,TRAPPIST-1e,21.3,False,0,0,0,0,0,Kai Vega,True
1111_02,Europa,False,D/185/P,55 Cancri e,16.4,False,1291,1440,631,528,1276,Hiro Tanaka,True
1112_01,Earth,True,G/73/P,TRAPPIST-1e,15.6,False,0,0,0,0,0,Lara Xel'Naga,False
1112_02,Europa,False,A/57/S,TRAPPIST-1e,15.9,False,1339,837,1296,1329,1233,Jordan Benson,True
1113_01,Mars,False,D/128/S,TRAPPIST-1e,22.8,False,463,711,727,716,1439,Kai Vega,False
1113_02,Mars,False,F/200/S,TRAPPIST-1e,15.5,False,1239,79,479,901,890,Lara Xel'Naga,False
1114_01,Earth,False,A/36/S,55 Cancri e,34.6,False,201,740,1369,1389,1471,Jordan Benson,True
1114_02,Earth,False,G/132/P,TRAPPIST-1e,26.6,False,318,216,1057,265,723,Ethan Zhao,False
1115_01,Mars,True,D/103/S,PSO J318.5-22,30.9,False,0,0,0,0,0,Ilya Komarov,True
1115_02,Mars,True,A/133/P,PSO J318.5-22,33.0,False,0,0,0,0,0,Ilya Komarov,True
1116_01,Europa,True,F/28/S,PSO J318.5-22,19.9,False,0,0,0,0,0,Jordan Benson,True
1116_02,Earth,False,A/64/P,55 Cancri e,25.3,False,722,1401,750,267,297,Nova Stark,True
1117_01,Earth,False,C/93/S,55 Cancri e,23.0,False,270,1497,738,536,1257,Leo Stark,True
1117_02,Europa,True,A/145/S,TRAPPIST-1e,21.3,False,0,0,0,0,0,Priya Kaur,True
1118_01,Mars,False,D/153/S,55 Cancri e,30.8,True,764,604,255,765,863,Jordan Benson,False
1118_02,Earth,True,F/199/P,PSO J318.5-22,8.5,False,0,0,0,0,0,Ilya Komarov,False
1119_01,Mars,False,D/39/P,TRAPPIST-1e,46.2,False,1092,1469,387,1109,785,Priya Kaur,True
1119_02,Earth,False,D/5/P,TRAPPIST-1e,32.3,False,1250,592,1207,1345,908,Leo Stark,False
1120_01,Earth,False,C/161/P,PSO J318.5-22,47.1,False,898,1316,292,484,1470,Jordan Benson,True
1120_02,Europa,False,D/32/S,TRAPPIST-1e,23.2,True,802,1435,889,243,1443,Aria Lin,True
1121_01,Earth,False,E/18/S,55 Cancri e,38.7,True,1447,272,519,1151,1396,Remy Vivaldi,False
1121_02,Europa,True,G/45/P,TRAPPIST-1e,25.4,False,0,0,0,0,0,Priya Kaur,True
1122_01,Europa,True,G/154/S,TRAPPIST-1e,15.8,False,0,0,0,0,0,Priya Kaur,False
1122_02,Europa,True,A/51/S,55 Cancri e,42.2,False,0,0,0,0,0,Jordan Benson,False
1123_01,Mars,False,F/75/P,55 Cancri e,43.5,False,1205,1357,1052,713,1116,Jordan Benson,True
1123_02,Mars,True,A/125/S,55 Cancri e,36.8,False,0,0,0,0,0,Remy Vivaldi,False
1124_01,Europa,False,B/54/S,55 Cancri e,44.9,False,1207,94,784,648,352,Jordan Benson,False
1124_02,Mars,False,A/183/S,TRAPPIST-1e,29.4,False,929,940,983,1288,1042,Aria Lin,True
1125_01,Earth,False,E/118/P,TRAPPIST-1e,37.0,False,138,715,761,254,1108,Mila Benson,False
1125_02,Europa,False,A/162/S,TRAPPIST-1e,10.6,False,1481,675,91,1092,36,Priya Kaur,False
1126_01,Earth,True,F/180/S,TRAPPIST-1e,33.8,False,0,0,0,0,0,Jordan Benson,False
1126_02,Earth,False,E/129/S,PSO J318.5-22,32.6,False,866,679,1201,136,189,Jordan Benson,False
1127_01,Mars,False,C/137/P,TRAPPIST-1e,18.5,False,971,1280,661,242,414,Ilya Komarov,False
1127_02,Mars,False,F/60/S,55 Cancri e,35.0,False,706,342,681,1402,652,Mila Benson,False
1128_01,Earth,False,C/139/P,55 Cancri e,26.2,False,600,474,569,574,346,Ilya Komarov,False
1128_02,Earth,False,D/145/P,TRAPPIST-1e,34.5,False,819,1496,381,1303,71,Jordan Benson,False
1129_01,Europa,True,B/131/S,PSO J318.5-22,45.9,False,0,0,0,0,0,Kai Vega,True
1129_02,Europa,False,E/130/P,55 Cancri e,31.7,False,1396,338,1460,1359,663,Leo Stark,False
1130_01,Europa,False,D/171/P,TRAPPIST-1e,44.6,True,965,580,1421,169,700,Nova Stark,True
1130_02,Earth,True,G/23/S,TRAPPIST-1e,25.6,False,0,0,0,0,0,Mila Benson,True
1131_01,Mars,False,B/125/S,PSO J318.5-22,35.0,False,458,528,340,56,217,Ethan Zhao,False
1131_02,Earth,False,D/91/P,PSO J318.5-22,27.4,False,618,815,730,463,246,Hiro Tanaka,False
1132_01,Europa,False,D/47/S,PSO J318.5-22,33.2,True,1139,255,1104,779,1151,Hiro Tanaka,False
1132_02,Europa,False,G/157/S,TRAPPIST-1e,27.3,False,837,914,234,552,180,Ethan Zhao,True
1133_01,Europa,False,C/116/S,TRAPPIST-1e,49.7,False,1047,1496,1423,947,591,Mila Benson,True
1133_02,Earth,True,B/41/S,55 Cancri e,4.9,False,0,0,0,0,0,Aria Lin,True
1134_01,Mars,False,A/129/P,TRAPPIST-1e,38.5,False,481,347,165,936,347,Priya Kaur,False
1134_02,Earth,False,D/36/S,TRAPPIST-1e,0.0,False,848,397,582,725,1458,Priya Kaur,False
1135_01,Europa,True,A/160/P,TRAPPIST-1e,25.8,False,0,0,0,0,0,Remy Vivaldi,False
1135_02,Earth,False,G/186/P,TRAPPIST-1e,16.2,False,797,718,465,98,1265,Hiro Tanaka,False
1136_01,Earth,False,G/53/S,TRAPPIST-1e,16.6,False,919,226,422,1095,242,Ilya Komarov,False
1136_02,Earth,False,B/12/S,TRAPPIST-1e,24.1,False,529,1068,1495,370,651,Jordan Benson,False
1137_01,Europa,False,A/43/S,TRAPPIST-1e,30.3,False,1045,171,1215,1100,1304,Ilya Komarov,True
1137_02,Earth,False,D/82/P,TRAPPIST-1e,40.4,False,1387,178,237,1158,876,Kai Vega,True
1138_01,Mars,False,G/17/S,PSO J318.5-22,37.2,False,869,1018,220,919,303,Ethan Zhao,True
1138_02,Mars,True,C/153/P,55 Cancri e,34.9,False,0,0,0,0,0,Ethan Zhao,True
1139_01,Mars,False,E/38/P,TRAPPIST-1e,28.0,False,1193,374,380,985,13,Kai Vega,False
1139_02,Earth,False,G/84/P,TRAPPIST-1e,34.0,False,742,668,499,1414,564,Kai Vega,False
1140_01,Europa,False,E/64/S,PSO J318.5-22,6.7,False,299,814,546,726,730,Ilya Komarov,False
1140_02,Mars,False,C/177/P,TRAPPIST-1e,31.2,False,827,601,1331,1275,1031,Kai Vega,False
1141_01,Europa,True,A/158/P,PSO J318.5-22,43.1,False,0,0,0,0,0,Lara Xel'Naga,True
1141_02,Europa,False,C/64/S,PSO J318.5-22,32.1,True,130,607,25,1477,634,Jordan Benson,True
1142_01,Earth,False,F/16/P,55 Cancri e,20.9,False,4,588,1183,207,256,Priya Kaur,False
1142_02,Earth,False,B/106/P,TRAPPIST-1e,36.6,False,1228,10,948,7,1432,Kai Vega,False
1143_01,Europa,True,D/2/P,TRAPPIST-1e,24.9,False,0,0,0,0,0,Aria Lin,True
1143_02,Earth,True,E/65/P,TRAPPIST-1e,12.0,False,0,0,0,0,0,Leo Stark,False
1144_01,Europa,False,G/190/S,55 Cancri e,28.3,False,206,1341,556,347,792,Mila Benson,False
1144_02,Mars,True,A/80/S,55 Cancri e,26.8,False,0,0,0,0,0,Ilya Komarov,True
1145_01,Earth,False,A/147/S,TRAPPIST-1e,33.6,False,736,941,1165,175,448,Remy Vivaldi,True
1145_02,Mars,False,A/109/P,TRAPPIST-1e,12.6,False,591,81,134,855,1200,Nova Stark,True
1146_01,Mars,False,G/34/P,PSO J318.5-22,22.5,False,1480,439,1079,696,418,Ethan Zhao,True
1146_02,Earth,False,C/155/S,TRAPPIST-1e,46.2,False,87,655,1031,214,551,Mila Benson,False
1147_01,Europa,False,G/48/P,TRAPPIST-1e,36.3,False,698,244,308,230,1406,Lara Xel'Naga,False
1147_02,Mars,False,D/178/S,TRAPPIST-1e,21.7,False,154,1198,847,114,1413,Nova Stark,False
1148_01,Mars,True,A/46/S,PSO J318.5-22,30.6,False,0,0,0,0,0,Jordan Benson,True
1148_02,Mars,False,C/137/S,TRAPPIST-1e,32.8,True,729,1301,1376,1017,998,Priya Kaur,True
1149_01,Mars,False,D/124/S,55 Cancri e,29.4,False,1038,675,524,346,171,Jordan Benson,True
1149_02,Europa,False,C/114/P,TRAPPIST-1e,27.2,False,1350,711,488,1485,377,Ethan Zhao,False
1150_01,Earth,False,F/109/P,TRAPPIST-1e,32.8,False,999,976,1447,756,476,Lara Xel'Naga,True
1150_02,Mars,True,F/195/S,TRAPPIST-1e,23.1,False,0,0,0,0,0,Nova Stark,True
1151_01,Europa,False,G/137/P,55 Cancri e,23.9,False,673,67,343,1300,672,Aria Lin,True
1151_02,Earth,False,B/80/P,TRAPPIST-1e,35.0,False,390,1472,258,306,1118,Ethan Zhao,False
1152_01,Mars,False,C/93/S,TRAPPIST-1e,32.7,True,924,784,1396,1429,407,Leo Stark,True
1152_02,Europa,False,F/120/S,PSO J318.5-22,21.0,False,1148,1360,340,562,1201,Remy Vivaldi,False
1153_01,Earth,True,B/40/S,TRAPPIST-1e,39.3,False,0,0,0,0,0,Hiro Tanaka,True
1153_02,Europa,False,F/159/P,55 Cancri e,26.5,False,1062,68,1259,380,56,Leo Stark,False
1154_01,Earth,False,F/165/P,55 Cancri e,10.8,False,324,460,178,843,573,Remy Vivaldi,False
1154_02,Mars,False,F/44/P,55 Cancri e,26.8,False,118,1492,548,645,1478,Mila Benson,False
1155_01,Earth,False,A/156/S,TRAPPIST-1e,23.9,False,968,532,148,1048,654,Kai Vega,False
1155_02,Europa,True,D/156/P,TRAPPIST-1e,28.3,False,0,0,0,0,0,Priya Kaur,False
1156_01,Earth,False,B/85/P,TRAPPIST-1e,28.4,True,424,292,1208,553,430,Ethan Zhao,False
1156_02,Europa,True,A/184/S,55 Cancri e,24.6,False,0,0,0,0,0,Kai Vega,True
1157_01,Earth,False,C/45/S,TRAPPIST-1e,22.4,False,595,545,75,864,915,Aria Lin,False
1157_02,Earth,True,A/137/P,55 Cancri e,19.6,False,0,0,0,0,0,Ethan Zhao,True
1158_01,Europa,False,D/181/P,TRAPPIST-1e,38.3,False,746,1255,1030,549,975,Aria Lin,False
1158_02,Europa,False,B/165/P,TRAPPIST-1e,33.9,False,1075,941,918,1419,1244,Priya Kaur,False
1159_01,Earth,False,F/99/S,55 Cancri e,30.5,False,1300,270,1037,297,1003,Lara Xel'Naga,False
1159_02,Europa,False,A/79/S,55 Cancri e,21.0,False,1487,233,574,26,1494,Lara Xel'Naga,False
1160_01,Earth,True,D/175/P,TRAPPIST-1e,24.2,False,0,0,0,0,0,Mila Benson,False
1160_02,Europa,False,E/192/S,PSO J318.5-22,31.8,False,318,180,1143,874,1066,Kai Vega,True
1161_01,Earth,False,F/58/S,TRAPPIST-1e,36.2,False,196,644,970,254,731,Remy Vivaldi,False
1161_02,Earth,True,A/166/S,TRAPPIST-1e,28.8,False,0,0,0,0,0,Lara Xel'Naga,False
1162_01,Mars,True,B/133/P,PSO J318.5-22,12.3,False,0,0,0,0,0,Remy Vivaldi,True
1162_02,Earth,True,A/4/P,TRAPPIST-1e,13.1,False,0,0,0,0,0,Mila Benson,True
1163_01,Europa,False,D/112/S,TRAPPIST-1e,18.0,True,241,148,1322,756,619,Mila Benson,False
1163_02,Europa,False,G/143/S,PSO J318.5-22,18.8,False,452,1416,211,667,593,Mila Benson,False
1164_01,Earth,True,D/24/S,TRAPPIST-1e,32.1,False,0,0,0,0,0,Remy Vivaldi,False
1164_02,Earth,False,F/63/P,55 Cancri e,30.9,False,255,560,62,1334,406,Mila Benson,False
1165_01,Earth,False,G/197/P,TRAPPIST-1e,34.7,False,14,258,722,1435,1282,Leo Stark,False
1165_02,Europa,False,F/26/P,TRAPPIST-1e,34.2,False,613,1283,1068,812,330,Mila Benson,False
1166_01,Europa,False,B/1/S,TRAPPIST-1e,6.8,False,1397,1088,386,1438,1053,Ethan Zhao,False
1166_02,Mars,False,C/6/P,55 Cancri e,32.1,False,1289,327,1240,319,398,Aria Lin,False
1167_01,Earth,True,A/166/S,TRAPPIST-1e,27.8,False,0,0,0,0,0,Jordan Benson,True
1167_02,Europa,False,B/73/P,55 Cancri e,19.7,False,329,659,1070,598,820,Jordan Benson,False
1168_01,Europa,True,E/121/P,55 Cancri e,45.1,False,0,0,0,0,0,Nova Stark,True
1168_02,Europa,True,D/141/P,TRAPPIST-1e,9.8,False,0,0,0,0,0,Leo Stark,True
1169_01,Mars,False,D/41/S,PSO J318.5-22,25.8,False,485,409,26,1052,270,Mila Benson,False
1169_02,Mars,False,E/134/P,55 Cancri e,36.3,False,685,500,1276,384,59,Aria Lin,False
1170_01,Mars,False,A/94/P,TRAPPIST-1e,28.1,False,563,545,95,988,1112,Leo Stark,True
1170_02,Mars,False,E/117/S,TRAPPIST-1e,14.6,False,827,230,967,274,245,Remy Vivaldi,True
1171_01,Earth,True,F/196/S,55 Cancri e,17.0,False,0,0,0,0,0,Aria Lin,True
1171_02,Mars,False,B/98/P,TRAPPIST-1e,34.9,False,416,677,1151,1260,802,Priya Kaur,False
1172_01,Europa,False,E/95/P,TRAPPIST-1e,33.4,False,1417,474,654,394,110,Nova Stark,False
1172_02,Earth,False,A/118/S,55 Cancri e,33.5,False,89,762,1303,1356,1247,Jordan Benson,False
1173_01,Earth,False,D/155/P,TRAPPIST-1e,18.5,False,1464,97,1143,292,1024,Aria Lin,False
1173_02,Europa,False,C/24/S,TRAPPIST-1e,18.9,False,571,249,651,148,1418,Lara Xel'Naga,True
1174_01,Europa,False,C/132/P,55 Cancri e,17.9,False,252,131,1471,473,1132,Ethan Zhao,False
1174_02,Earth,False,C/69/P,TRAPPIST-1e,28.0,False,705,1058,1490,274,186,Nova Stark,False
1175_01,Mars,False,G/12/S,55 Cancri e,32.8,False,209,45,1490,25,1289,Lara Xel'Naga,True
1175_02,Europa,True,G/94/S,TRAPPIST-1e,17.7,False,0,0,0,0,0,Mila Benson,False
1176_01,Earth,True,D/57/S,55 Cancri e,57.6,False,0,0,0,0,0,Mila Benson,True
1176_02,Earth,False,C/121/P,55 Cancri e,36.0,False,1158,54,1179,667,146,Priya Kaur,False
1177_01,Europa,False,C/2/P,TRAPPIST-1e,23.2,False,910,400,949,1329,27,Aria Lin,False
1177_02,Mars,True,F/68/S,TRAPPIST-1e,32.6,False,0,0,0,0,0,Leo Stark,True
1178_01,Mars,False,G/198/S,TRAPPIST-1e,46.1,False,100,550,801,352,1323,Mila Benson,False
1178_02,Mars,False,G/16/P,TRAPPIST-1e,17.8,False,295,352,907,1153,1018,Mila Benson,False
1179_01,Mars,False,A/169/P,TRAPPIST-1e,22.0,False,711,979,1355,738,976,Jordan Benson,False
1179_02,Earth,False,B/113/P,55 Cancri e,26.3,False,1371,232,1023,101,952,Mila Benson,True
1180_01,Earth,False,E/81/P,TRAPPIST-1e,40.7,False,972,703,334,85,733,Kai Vega,False
1180_02,Europa,True,E/147/S,55 Cancri e,35.6,False,0,0,0,0,0,Ethan Zhao,True
1181_01,Europa,True,E/134/S,55 Cancri e,33.9,False,0,0,0,0,0,Hiro Tanaka,True
1181_02,Mars,False,E/66/S,55 Cancri e,15.8,False,363,59,1273,559,116,Leo Stark,False
1182_01,Earth,False,G/185/P,55 Cancri e,34.7,False,998,43,508,1188,1391,Kai Vega,False
1182_02,Earth,True,G/186/P,TRAPPIST-1e,32.7,False,0,0,0,0,0,Mila Benson,True
1183_01,Europa,False,E/104/P,PSO J318.5-22,8.2,False,916,897,798,875,285,Ilya Komarov,False
1183_02,Earth,False,G/187/S,55 Cancri e,27.5,False,1227,683,818,120,944,Remy Vivaldi,False
1184_01,Earth,False,A/104/S,55 Cancri e,22.0,False,1211,906,12,602,199,Ethan Zhao,False
1184_02,Earth,False,B/184/S,TRAPPIST-1e,16.1,False,585,1479,447,840,1094,Priya Kaur,True
1185_01,Earth,False,C/59/S,PSO J318.5-22,0.2,False,42,519,1036,724,622,Kai Vega,False
1185_02,Earth,False,C/86/P,55 Cancri e,17.7,False,987,802,534,301,526,Kai Vega,False
1186_01,Mars,False,E/86/S,TRAPPIST-1e,28.2,False,831,504,1331,931,324,Leo Stark,True
1186_02,Mars,True,G/3/P,55 Cancri e,21.3,False,0,0,0,0,0,Nova Stark,True
1187_01,Mars,False,C/188/P,PSO J318.5-22,15.6,False,501,333,283,474,1077,Jordan Benson,False
1187_02,Earth,False,A/119/S,TRAPPIST-1e,32.5,False,1481,1443,631,702,408,Aria Lin,True
1188_01,Earth,False,F/114/S,TRAPPIST-1e,43.7,False,221,157,347,1182,888,Lara Xel'Naga,True
1188_02,Earth,False,E/95/P,TRAPPIST-1e,22.5,False,921,1258,661,404,1280,Kai Vega,False
1189_01,Earth,False,A/22/P,TRAPPIST-1e,36.9,False,478,486,565,1365,523,Nova Stark,False
1189_02,Mars,False,A/3/P,55 Cancri e,28.8,False,703,1029,820,1167,857,Ethan Zhao,False
1190_01,Earth,False,C/55/P,TRAPPIST-1e,24.7,False,269,939,1470,873,1245,Aria Lin,False
1190_02,Europa,True,F/159/S,TRAPPIST-1e,22.2,False,0,0,0,0,0,Mila Benson,False
1191_01,Mars,True,D/181/P,TRAPPIST-1e,23.7,False,0,0,0,0,0,Priya Kaur,True
1191_02,Mars,False,E/173/S,PSO J318.5-22,36.1,True,540,1042,814,1415,790,Remy Vivaldi,False
1192_01,Earth,True,D/74/P,TRAPPIST-1e,45.5,False,0,0,0,0,0,Mila Benson,True
1192_02,Europa,True,C/90/P,TRAPPIST-1e,27.7,False,0,0,0,0,0,Leo Stark,True
1193_01,Europa,False,G/73/P,TRAPPIST-1e,30.6,False,260,1296,159,869,761,Aria Lin,False
1193_02,Earth,False,F/87/P,55 Cancri e,21.7,False,223,1279,179,19,631,Remy Vivaldi,False
1194_01,Europa,False,B/12/S,TRAPPIST-1e,28.2,False,57,1116,1244,722,1255,Mila Benson,False
1194_02,Mars,False,E/4/P,TRAPPIST-1e,16.7,False,1387,614,561,373,621,Priya Kaur,True
1195_01,Mars,False,D/123/S,TRAPPIST-1e,19.7,False,13,132,1057,891,1231,Remy Vivaldi,False
1195_02,Mars,True,F/33/P,PSO J318.5-22,37.6,False,0,0,0,0,0,Kai Vega,True
1196_01,Europa,False,C/58/P,TRAPPIST-1e,23.7,False,1178,1101,1195,288,1012,Ilya Komarov,False
1196_02,Earth,False,A/56/P,PSO J318.5-22,15.0,False,878,1443,6,1183,239,Mila Benson,True
1197_01,Earth,False,C/66/P,TRAPPIST-1e,21.6,False,69,215,1127,1077,805,Jordan Benson,False
1197_02,Earth,True,A/161/P,PSO J318.5-22,25.6,False,0,0,0,0,0,Ethan Zhao,True
1198_01,Earth,False,C/85/P,TRAPPIST-1e,38.1,True,44,828,197,1239,1332,Mila Benson,False
1198_02,Europa,False,D/174/P,TRAPPIST-1e,14.7,False,895,1458,331,695,26,Aria Lin,False
1199_01,Mars,False,D/131/S,TRAPPIST-1e,15.6,True,372,244,1192,1441,1379,Jordan Benson,True
1199_02,Mars,False,G/35/P,TRAPPIST-1e,38.8,False,477,124,536,705,1425,Nova Stark,False
1200_01,Mars,False,E/143/S,TRAPPIST-1e,28.5,False,253,120,1055,660,1060,Lara Xel'Naga,True
1200_02,Europa,False,G/109/S,TRAPPIST-1e,14.4,False,1365,1036,1206,1288,87,Remy Vivaldi,False
1201_01,Earth,False,G/46/P,PSO J318.5-22,17.3,False,1142,932,1470,744,966,Nova Stark,False
1201_02,Earth,True,D/119/P,PSO J318.5-22,27.5,False,0,0,0,0,0,Mila Benson,False
1202_01,Earth,True,C/42/P,PSO J318.5-22,34.4,False,0,0,0,0,0,Mila Benson,True
1202_02,Mars,False,B/26/P,TRAPPIST-1e,23.1,False,1069,557,525,596,839,Priya Kaur,False
1203_01,Mars,False,D/186/P,PSO J318.5-22,47.4,False,854,510,1356,686,1137,Jordan Benson,False
1203_02,Europa,True,D/55/S,TRAPPIST-1e,36.5,False,0,0,0,0,0,Jordan Benson,True
1204_01,Earth,False,D/177/S,TRAPPIST-1e,16.7,False,333,112,361,800,96,Jordan Benson,False
1204_02,Mars,True,A/193/S,TRAPPIST-1e,13.1,False,0,0,0,0,0,Ethan Zhao,True
1205_01,Earth,True,D/156/P,55 Cancri e,38.0,False,0,0,0,0,0,Ilya Komarov,False
1205_02,Mars,True,C/14/P,55 Cancri e,22.2,False,0,0,0,0,0,Ethan Zhao,True
1206_01,Earth,True,B/142/P,PSO J318.5-22,39.1,False,0,0,0,0,0,Lara Xel'Naga,True
1206_02,Earth,True,B/16/S,TRAPPIST-1e,37.4,False,0,0,0,0,0,Ilya Komarov,False
1207_01,Europa,True,B/192/P,TRAPPIST-1e,17.3,False,0,0,0,0,0,Nova Stark,True
1207_02,Europa,True,A/173/P,PSO J318.5-22,39.2,False,0,0,0,0,0,Mila Benson,True
1208_01,Europa,True,A/71/P,TRAPPIST-1e,25.2,False,0,0,0,0,0,Lara Xel'Naga,True
1208_02,Mars,False,B/179/P,TRAPPIST-1e,23.0,False,417,1498,606,567,543,Remy Vivaldi,True
1209_01,Europa,False,E/24/S,TRAPPIST-1e,35.9,False,702,1223,845,672,20,Leo Stark,True
1209_02,Earth,True,G/15/S,PSO J318.5-22,11.9,False,0,0,0,0,0,Remy Vivaldi,False
1210_01,Mars,False,C/102/P,PSO J318.5-22,26.4,False,1457,370,77,1308,647,Lara Xel'Naga,False
1210_02,Europa,True,B/154/P,55 Cancri e,33.3,False,0,0,0,0,0,Aria Lin,False
1211_01,Earth,False,D/156/P,TRAPPIST-1e,14.7,False,439,269,1157,745,103,Priya Kaur,True
1211_02,Earth,True,G/190/S,TRAPPIST-1e,24.8,False,0,0,0,0,0,Leo Stark,True
1212_01,Mars,True,G/52/P,55 Cancri e,25.5,False,0,0,0,0,0,Priya Kaur,True
1212_02,Mars,False,C/107/S,55 Cancri e,30.3,False,479,779,1264,12,1170,Mila Benson,False
1213_01,Europa,False,B/22/S,TRAPPIST-1e,32.5,False,1189,938,761,1110,653,Kai Vega,False
1213_02,Europa,False,C/77/P,55 Cancri e,37.9,False,984,637,490,1164,1126,Leo Stark,False
1214_01,Europa,False,G/49/P,55 Cancri e,33.0,False,895,1329,1277,1203,39,Mila Benson,False
1214_02,Europa,False,D/49/P,TRAPPIST-1e,18.2,False,775,519,545,235,462,Leo Stark,False
1215_01,Earth,True,B/66/P,55 Cancri e,37.8,False,0,0,0,0,0,Ethan Zhao,True
1215_02,Europa,False,C/69/P,TRAPPIST-1e,22.1,False,1196,1462,1202,132,350,Priya Kaur,False
1216_01,Earth,False,D/153/P,PSO J318.5-22,28.3,False,992,1487,829,860,342,Leo Stark,True
1216_02,Earth,False,G/183/P,PSO J318.5-22,30.8,False,1303,865,1286,1189,292,Aria Lin,False
1217_01,Earth,True,C/62/P,PSO J318.5-22,13.7,False,0,0,0,0,0,Kai Vega,False
1217_02,Earth,False,F/15/S,55 Cancri e,31.1,False,1001,854,501,763,734,Remy Vivaldi,True
1218_01,Earth,False,A/177/P,TRAPPIST-1e,42.0,False,1432,600,124,112,980,Nova Stark,False
1218_02,Mars,False,A/96/S,TRAPPIST-1e,40.5,False,1160,149,874,342,579,Ethan Zhao,False
1219_01,Europa,False,C/128/S,55 Cancri e,12.5,False,531,1312,491,611,251,Ethan Zhao,False
1219_02,Earth,False,F/86/P,TRAPPIST-1e,34.7,False,1100,1415,1435,172,874,Leo Stark,False
1220_01,Mars,False,C/101/S,PSO J318.5-22,35.7,False,10,1035,891,434,817,Priya Kaur,False
1220_02,Earth,False,C/33/P,TRAPPIST-1e,35.3,False,1396,1296,930,690,1155,Nova Stark,True
1221_01,Europa,False,E/86/S,55 Cancri e,9.3,False,843,620,784,1191,396,Nova Stark,True
1221_02,Mars,False,C/96/S,TRAPPIST-1e,25.8,False,1203,1081,459,60,368,Ilya Komarov,True
1222_01,Earth,True,G/71/P,TRAPPIST-1e,48.0,False,0,0,0,0,0,Ethan Zhao,True
1222_02,Earth,True,D/32/S,TRAPPIST-1e,18.2,False,0,0,0,0,0,Kai Vega,True
1223_01,Europa,True,G/41/S,TRAPPIST-1e,15.2,False,0,0,0,0,0,Nova Stark,False
1223_02,Earth,False,A/116/S,TRAPPIST-1e,17.7,False,968,1338,1092,160,717,Ilya Komarov,True
1224_01,Europa,False,A/137/P,55 Cancri e,48.4,False,1408,268,1477,698,864,Nova Stark,False
1224_02,Earth,False,A/95/S,TRAPPIST-1e,22.7,False,349,109,406,649,50,Priya Kaur,True
1225_01,Earth,True,G/169/S,PSO J318.5-22,25.4,False,0,0,0,0,0,Leo Stark,False
1225_02,Mars,False,C/69/S,TRAPPIST-1e,30.0,False,1091,595,978,1065,730,Remy Vivaldi,False
1226_01,Earth,False,G/174/P,PSO J318.5-22,39.0,False,1085,1286,111,764,710,Nova Stark,False
1226_02,Earth,True,D/119/S,TRAPPIST-1e,7.9,False,0,0,0,0,0,Leo Stark,True
1227_01,Mars,True,D/1/P,TRAPPIST-1e,41.1,False,0,0,0,0,0,Aria Lin,False
1227_02,Europa,False,C/40/S,55 Cancri e,18.5,False,757,530,1340,1129,748,Nova Stark,False
1228_01,Mars,False,A/10/P,TRAPPIST-1e,41.4,False,661,908,395,521,925,Aria Lin,True
1228_02,Earth,True,B/82/S,PSO J318.5-22,9.3,False,0,0,0,0,0,Remy Vivaldi,True
1229_01,Earth,False,B/147/P,PSO J318.5-22,25.0,False,1049,1492,475,355,1049,Leo Stark,False
1229_02,Europa,False,D/43/P,TRAPPIST-1e,11.5,False,33,263,1161,815,874,Leo Stark,False
1230_01,Mars,False,E/199/S,TRAPPIST-1e,27.3,False,654,80,756,869,1430,Mila Benson,False
1230_02,Earth,False,F/125/P,TRAPPIST-1e,26.2,False,1069,598,806,1076,983,Nova Stark,False
1231_01,Mars,False,G/169/P,TRAPPIST-1e,22.7,False,15,1383,486,705,1164,Lara Xel'Naga,False
1231_02,Europa,False,B/180/P,55 Cancri e,41.5,False,619,1018,776,446,289,Lara Xel'Naga,True
1232_01,Mars,False,F/178/P,TRAPPIST-1e,29.1,False,1450,1394,663,289,1455,Remy Vivaldi,False
1232_02,Earth,False,A/121/S,TRAPPIST-1e,10.6,False,1291,150,1278,1376,1400,Priya Kaur,False
1233_01,Earth,False,D/156/S,TRAPPIST-1e,38.2,False,369,1250,704,1326,825,Lara Xel'Naga,False
1233_02,Earth,False,A/4/S,TRAPPIST-1e,36.6,False,1004,1412,376,972,117,Jordan Benson,False
1234_01,Mars,True,E/174/P,PSO J318.5-22,16.1,False,0,0,0,0,0,Ilya Komarov,True
1234_02,Europa,False,F/196/S,55 Cancri e,47.9,False,657,1300,821,1417,663,Leo Stark,False
1235_01,Earth,False,C/34/P,TRAPPIST-1e,36.6,False,918,1173,451,1185,119,Remy Vivaldi,False
1235_02,Earth,True,B/183/P,PSO J318.5-22,27.0,False,0,0,0,0,0,Hiro Tanaka,True
1236_01,Earth,False,F/190/P,PSO J318.5-22,15.7,False,1190,513,663,400,364,Aria Lin,False
1236_02,Earth,True,C/104/P,TRAPPIST-1e,28.8,False,0,0,0,0,0,Hiro Tanaka,False
1237_01,Earth,True,F/13/S,TRAPPIST-1e,22.3,False,0,0,0,0,0,Aria Lin,True
1237_02,Mars,False,B/18/P,55 Cancri e,34.4,False,620,827,246,433,1116,Leo Stark,False
1238_01,Mars,True,G/61/P,55 Cancri e,21.8,False,0,0,0,0,0,Remy Vivaldi,False
1238_02,Earth,False,F/144/S,TRAPPIST-1e,35.2,True,623,320,855,61,299,Aria Lin,True
1239_01,Europa,False,D/170/P,55 Cancri e,48.9,False,159,960,1189,204,1290,Aria Lin,False
1239_02,Europa,False,D/169/S,TRAPPIST-1e,23.7,False,1161,1391,1466,857,759,Ethan Zhao,True
1240_01,Mars,True,C/65/P,TRAPPIST-1e,47.2,False,0,0,0,0,0,Aria Lin,True
1240_02,Earth,False,F/69/P,TRAPPIST-1e,31.6,False,429,307,649,1197,411,Aria Lin,False
1241_01,Mars,True,E/172/P,55 Cancri e,47.8,False,0,0,0,0,0,Hiro Tanaka,False
1241_02,Europa,False,E/128/S,TRAPPIST-1e,34.4,False,1265,1327,1308,1050,1425,Mila Benson,False
1242_01,Earth,True,D/41/P,TRAPPIST-1e,28.6,False,0,0,0,0,0,Aria Lin,True
1242_02,Earth,False,A/39/S,TRAPPIST-1e,35.1,False,873,580,369,532,1175,Hiro Tanaka,True
1243_01,Europa,False,E/104/S,55 Cancri e,16.8,False,1469,872,1252,1148,769,Ilya Komarov,False
1243_02,Mars,False,D/56/P,TRAPPIST-1e,46.5,False,833,998,937,235,161,Ilya Komarov,True
1244_01,Europa,False,B/34/S,PSO J318.5-22,27.9,False,1196,558,260,216,1147,Mila Benson,False
1244_02,Earth,False,E/137/S,PSO J318.5-22,16.8,False,804,1185,200,1477,401,Nova Stark,True
1245_01,Europa,False,F/176/S,TRAPPIST-1e,26.0,False,1296,866,92,1065,1488,Jordan Benson,False
1245_02,Mars,False,B/8/S,TRAPPIST-1e,33.1,False,378,1130,1351,64,364,Lara Xel'Naga,True
1246_01,Earth,False,C/7/S,55 Cancri e,18.0,False,1047,539,1085,490,1296,Kai Vega,False
1246_02,Mars,False,G/73/S,TRAPPIST-1e,18.7,False,228,1043,2,1444,910,Mila Benson,True
1247_01,Mars,False,C/80/S,55 Cancri e,30.9,False,514,192,1438,872,1141,Hiro Tanaka,False
1247_02,Mars,False,A/108/P,TRAPPIST-1e,41.8,False,665,208,951,1057,648,Leo Stark,False
1248_01,Earth,True,C/9/P,55 Cancri e,37.7,False,0,0,0,0,0,Nova Stark,True
1248_02,Mars,True,E/190/S,TRAPPIST-1e,37.4,False,0,0,0,0,0,Hiro Tanaka,True
1249_01,Mars,False,A/163/S,TRAPPIST-1e,32.4,False,247,1341,435,1199,685,Leo Stark,True
1249_02,Earth,True,C/152/S,PSO J318.5-22,32.0,True,0,0,0,0,0,Nova Stark,True
1250_01,Earth,False,D/106/P,55 Cancri e,34.3,False,966,803,1421,717,642,Jordan Benson,False
1250_02,Europa,True,E/159/S,PSO J318.5-22,29.0,False,0,0,0,0,0,Kai Vega,True
1251_01,Mars,True,C/193/S,TRAPPIST-1e,16.6,False,0,0,0,0,0,Kai Vega,True
1251_02,Earth,False,C/157/P,TRAPPIST-1e,24.8,False,1405,1109,786,738,1483,Hiro Tanaka,False
1252_01,Europa,False,G/181/S,TRAPPIST-1e,31.3,False,396,895,354,946,287,Kai Vega,True
1252_02,Earth,False,C/5/P,TRAPPIST-1e,12.4,False,1482,997,535,1314,850,Hiro Tanaka,False
1253_01,Mars,True,F/123/P,55 Cancri e,35.7,False,0,0,0,0,0,Priya Kaur,True
1253_02,Mars,False,C/26/P,TRAPPIST-1e,21.3,False,427,489,354,195,544,Mila Benson,False
1254_01,Europa,False,B/16/P,TRAPPIST-1e,36.6,False,1002,658,938,779,10,Mila Benson,False
1254_02,Earth,False,E/90/P,TRAPPIST-1e,22.4,False,1279,395,730,408,361,Leo Stark,False
1255_01,Mars,False,B/200/P,TRAPPIST-1e,30.3,False,1199,706,471,618,1447,Mila Benson,False
1255_02,Mars,False,C/98/P,TRAPPIST-1e,24.3,False,133,787,906,863,1403,Remy Vivaldi,False
1256_01,Earth,True,F/92/P,TRAPPIST-1e,25.7,False,0,0,0,0,0,Remy Vivaldi,True
1256_02,Mars,False,D/92/S,TRAPPIST-1e,17.9,False,881,12,341,34,558,Nova Stark,False
1257_01,Mars,False,E/111/P,55 Cancri e,27.3,False,657,158,955,1133,548,Jordan Benson,True
1257_02,Mars,False,B/67/S,TRAPPIST-1e,46.9,False,984,1370,278,478,110,Jordan Benson,True
1258_01,Mars,False,A/53/S,TRAPPIST-1e,38.3,False,1138,1113,1235,359,371,Leo Stark,True
1258_02,Europa,False,A/64/P,TRAPPIST-1e,20.6,False,1238,1038,954,258,777,Lara Xel'Naga,True
1259_01,Earth,False,A/78/P,PSO J318.5-22,39.5,False,1151,722,522,324,1343,Hiro Tanaka,False
1259_02,Europa,False,G/169/S,55 Cancri e,32.9,False,1073,68,390,382,15,Mila Benson,False
1260_01,Europa,False,F/37/S,TRAPPIST-1e,42.7,False,131,1271,272,1372,483,Mila Benson,True
1260_02,Europa,True,F/125/S,TRAPPIST-1e,20.1,False,0,0,0,0,0,Kai Vega,True
1261_01,Earth,False,G/82/P,TRAPPIST-1e,28.9,False,1071,1033,232,35,412,Nova Stark,False
1261_02,Earth,True,E/157/S,55 Cancri e,29.8,False,0,0,0,0,0,Lara Xel'Naga,True
1262_01,Earth,False,G/195/P,TRAPPIST-1e,39.8,False,1278,739,113,396,1197,Priya Kaur,False
1262_02,Europa,False,A/35/P,TRAPPIST-1e,32.1,False,1278,465,1300,1487,846,Hiro Tanaka,False
1263_01,Earth,True,A/59/P,TRAPPIST-1e,39.3,False,0,0,0,0,0,Leo Stark,True
1263_02,Earth,False,A/172/S,55 Cancri e,42.6,False,325,66,303,971,483,Mila Benson,False
1264_01,Mars,True,D/157/S,PSO J318.5-22,19.8,False,0,0,0,0,0,Remy Vivaldi,False
1264_02,Earth,True,F/95/P,TRAPPIST-1e,15.7,False,0,0,0,0,0,Lara Xel'Naga,False
1265_01,Europa,False,G/67/S,TRAPPIST-1e,27.6,False,1301,528,262,579,1316,Remy Vivaldi,True
1265_02,Earth,True,E/76/S,TRAPPIST-1e,43.9,False,0,0,0,0,0,Hiro Tanaka,False
1266_01,Europa,True,D/184/P,TRAPPIST-1e,41.2,False,0,0,0,0,0,Lara Xel'Naga,True
1266_02,Mars,True,G/185/S,TRAPPIST-1e,18.5,False,0,0,0,0,0,Priya Kaur,True
1267_01,Europa,False,G/122/S,TRAPPIST-1e,36.6,False,692,234,951,1360,1031,Leo Stark,True
1267_02,Europa,False,B/68/P,TRAPPIST-1e,7.4,False,1466,538,819,1114,271,Priya Kaur,True
1268_01,Mars,True,F/121/P,TRAPPIST-1e,16.1,False,0,0,0,0,0,Jordan Benson,True
1268_02,Earth,False,G/150/S,TRAPPIST-1e,47.4,False,1242,1141,592,975,114,Priya Kaur,True
1269_01,Earth,False,F/190/P,TRAPPIST-1e,21.8,False,206,302,111,1440,1308,Aria Lin,True
1269_02,Europa,False,A/48/P,TRAPPIST-1e,16.9,False,184,900,220,1467,1140,Mila Benson,True
1270_01,Mars,False,A/61/S,PSO J318.5-22,44.7,False,426,643,567,442,600,Ethan Zhao,False
1270_02,Europa,False,A/117/P,55 Cancri e,35.7,False,1160,503,130,217,687,Mila Benson,False
1271_01,Earth,False,C/27/S,PSO J318.5-22,31.7,False,143,1074,367,1482,217,Hiro Tanaka,False
1271_02,Europa,True,A/45/P,TRAPPIST-1e,37.0,False,0,0,0,0,0,Leo Stark,True
1272_01,Earth,True,D/47/P,TRAPPIST-1e,34.3,False,0,0,0,0,0,Kai Vega,True
1272_02,Earth,False,D/174/S,PSO J318.5-22,22.7,False,1179,441,840,955,698,Hiro Tanaka,False
1273_01,Mars,False,B/50/P,PSO J318.5-22,30.1,False,944,922,934,24,805,Remy Vivaldi,True
1273_02,Earth,True,D/5/S,55 Cancri e,26.0,False,0,0,0,0,0,Ilya Komarov,True
1274_01,Europa,False,A/70/S,TRAPPIST-1e,26.4,False,1083,1490,433,878,1089,Mila Benson,False
1274_02,Europa,False,G/130/S,TRAPPIST-1e,28.7,False,909,564,105,95,167,Nova Stark,True
1275_01,Europa,False,C/160/P,TRAPPIST-1e,27.6,False,1066,946,1133,1233,748,Aria Lin,True
1275_02,Europa,False,D/60/S,TRAPPIST-1e,43.3,False,830,48,114,1178,502,Ilya Komarov,False
1276_01,Earth,True,C/146/P,TRAPPIST-1e,36.0,False,0,0,0,0,0,Leo Stark,True
1276_02,Earth,True,E/35/P,PSO J318.5-22,43.0,False,0,0,0,0,0,Ethan Zhao,False
1277_01,Earth,False,A/19/S,PSO J318.5-22,33.5,False,966,1236,180,612,696,Mila Benson,True
1277_02,Earth,False,F/180/S,TRAPPIST-1e,38.4,False,602,247,1237,358,248,Ilya Komarov,False
1278_01,Earth,False,B/160/S,PSO J318.5-22,30.3,False,1111,662,175,722,425,Lara Xel'Naga,True
1278_02,Mars,True,F/67/P,PSO J318.5-22,43.7,False,0,0,0,0,0,Nova Stark,True
1279_01,Earth,False,B/168/P,TRAPPIST-1e,31.8,False,702,80,926,137,1456,Priya Kaur,False
1279_02,Earth,False,B/17/P,TRAPPIST-1e,24.5,False,469,349,1149,1332,1253,Jordan Benson,False
1280_01,Earth,False,C/192/S,55 Cancri e,30.5,False,1043,1001,268,1026,769,Jordan Benson,False
1280_02,Mars,True,D/140/S,55 Cancri e,22.8,False,0,0,0,0,0,Leo Stark,True
1281_01,Earth,True,E/29/S,TRAPPIST-1e,30.0,False,0,0,0,0,0,Mila Benson,True
1281_02,Earth,False,G/173/P,TRAPPIST-1e,10.8,False,812,1156,1335,481,894,Lara Xel'Naga,False
1282_01,Mars,False,D/114/S,TRAPPIST-1e,37.8,False,1299,388,721,443,998,Priya Kaur,False
1282_02,Europa,False,F/103/S,TRAPPIST-1e,48.6,False,1450,1080,696,970,720,Ethan Zhao,True
1283_01,Mars,False,B/76/P,TRAPPIST-1e,33.1,False,303,763,1397,815,111,Ethan Zhao,False
1283_02,Earth,True,B/47/P,TRAPPIST-1e,12.1,False,0,0,0,0,0,Mila Benson,True
1284_01,Europa,True,B/29/S,PSO J318.5-22,21.8,False,0,0,0,0,0,Priya Kaur,False
1284_02,Mars,False,F/29/P,55 Cancri e,14.5,False,12,302,159,153,753,Ilya Komarov,True
1285_01,Europa,False,E/153/S,55 Cancri e,16.2,False,775,1191,1237,1173,15,Jordan Benson,False
1285_02,Mars,False,A/189/P,TRAPPIST-1e,16.5,False,1114,1143,252,1083,1289,Leo Stark,False
1286_01,Earth,False,F/44/P,TRAPPIST-1e,37.5,True,288,497,1497,1428,547,Remy Vivaldi,False
1286_02,Mars,False,E/102/P,TRAPPIST-1e,24.9,True,960,131,1347,857,1155,Aria Lin,True
1287_01,Earth,True,E/61/P,TRAPPIST-1e,36.8,False,0,0,0,0,0,Lara Xel'Naga,False
1287_02,Europa,True,G/145/P,TRAPPIST-1e,18.2,False,0,0,0,0,0,Priya Kaur,True
1288_01,Earth,False,G/112/P,TRAPPIST-1e,18.3,False,1260,15,996,1469,955,Priya Kaur,False
1288_02,Earth,False,E/157/S,PSO J318.5-22,37.8,False,1253,1130,1412,262,1088,Remy Vivaldi,True
1289_01,Mars,False,F/22/S,PSO J318.5-22,22.4,False,1198,962,1175,475,1289,Aria Lin,False
1289_02,Europa,False,D/46/S,55 Cancri e,24.9,False,328,1186,437,1366,1390,Leo Stark,False
1290_01,Europa,True,A/49/P,PSO J318.5-22,25.4,False,0,0,0,0,0,Lara Xel'Naga,True
1290_02,Earth,False,B/26/P,TRAPPIST-1e,20.3,False,510,983,1262,580,1324,Ilya Komarov,False
1291_01,Europa,False,E/123/S,PSO J318.5-22,32.9,False,1476,1456,806,1409,618,Ethan Zhao,False
1291_02,Earth,False,D/127/S,TRAPPIST-1e,17.3,False,1318,1141,404,996,593,Leo Stark,False
1292_01,Europa,False,E/43/P,PSO J318.5-22,34.3,False,77,1457,613,868,811,Priya Kaur,False
1292_02,Europa,False,B/198/P,PSO J318.5-22,28.6,False,1100,1071,766,81,208,Hiro Tanaka,False
1293_01,Mars,True,E/178/P,TRAPPIST-1e,21.0,False,0,0,0,0,0,Leo Stark,True
1293_02,Mars,False,E/178/S,TRAPPIST-1e,20.3,False,1052,1327,993,464,1469,Lara Xel'Naga,False
1294_01,Earth,False,G/188/P,PSO J318.5-22,27.4,False,558,1382,959,90,1076,Nova Stark,False
1294_02,Mars,False,G/44/S,55 Cancri e,11.2,False,859,1227,555,155,1,Lara Xel'Naga,False
1295_01,Earth,False,E/152/P,TRAPPIST-1e,38.2,False,943,1312,370,586,328,Hiro Tanaka,True
1295_02,Mars,False,A/196/S,PSO J318.5-22,24.0,False,589,776,303,578,220,Lara Xel'Naga,False
1296_01,Europa,True,C/161/S,TRAPPIST-1e,22.7,False,0,0,0,0,0,Leo Stark,True
1296_02,Earth,True,D/147/S,55 Cancri e,17.2,True,0,0,0,0,0,Mila Benson,True
1297_01,Europa,False,F/175/S,TRAPPIST-1e,23.7,False,187,1214,1412,1238,1398,Aria Lin,False
1297_02,Europa,True,C/20/P,PSO J318.5-22,6.8,False,0,0,0,0,0,Kai Vega,True
1298_01,Mars,True,G/118/S,TRAPPIST-1e,27.7,False,0,0,0,0,0,Hiro Tanaka,True
1298_02,Mars,True,D/75/P,TRAPPIST-1e,22.8,False,0,0,0,0,0,Mila Benson,True
1299_01,Earth,False,E/101/P,TRAPPIST-1e,41.9,False,1116,425,1491,1117,132,Jordan Benson,False
1299_02,Earth,True,B/118/P,TRAPPIST-1e,41.2,False,0,0,0,0,0,Priya Kaur,True
1300_01,Earth,True,E/46/S,55 Cancri e,31.5,False,0,0,0,0,0,Nova Stark,True
1300_02,Europa,True,E/139/P,PSO J318.5-22,30.6,False,0,0,0,0,0,Nova Stark,True
1301_01,Europa,False,E/61/S,TRAPPIST-1e,30.8,False,1291,660,747,1497,800,Ethan Zhao,False
1301_02,Mars,False,G/61/P,TRAPPIST-1e,39.7,False,409,1497,1379,679,1216,Ilya Komarov,False
1302_01,Earth,True,B/12/S,PSO J318.5-22,24.4,False,0,0,0,0,0,Aria Lin,True
1302_02,Europa,False,G/153/S,PSO J318.5-22,39.9,False,1078,64,683,1295,1385,Nova Stark,False
1303_01,Earth,False,G/145/P,55 Cancri e,37.7,False,1033,738,185,1487,1157,Aria Lin,False
1303_02,Earth,False,E/14/S,PSO J318.5-22,36.7,False,834,808,170,212,26,Aria Lin,True
1304_01,Mars,True,F/9/P,TRAPPIST-1e,10.7,False,0,0,0,0,0,Remy Vivaldi,True
1304_02,Europa,True,B/70/S,TRAPPIST-1e,16.8,False,0,0,0,0,0,Kai Vega,True
1305_01,Europa,False,D/124/S,PSO J318.5-22,28.5,False,679,1285,1391,785,848,Leo Stark,False
1305_02,Mars,False,C/43/S,TRAPPIST-1e,42.7,False,869,236,726,1389,1309,Lara Xel'Naga,True
1306_01,Mars,False,D/123/P,TRAPPIST-1e,6.5,False,375,618,652,1099,1032,Lara Xel'Naga,True
1306_02,Earth,True,A/85/P,TRAPPIST-1e,27.7,False,0,0,0,0,0,Aria Lin,True
1307_01,Mars,False,C/128/S,55 Cancri e,42.8,False,1313,1084,936,1412,846,Kai Vega,False
1307_02,Europa,False,C/153/P,55 Cancri e,29.0,False,817,563,633,678,1017,Lara Xel'Naga,True
1308_01,Earth,False,C/2/S,TRAPPIST-1e,27.0,False,795,1398,1050,1216,848,Kai Vega,False
1308_02,Mars,True,B/180/P,TRAPPIST-1e,39.4,False,0,0,0,0,0,Leo Stark,True
1309_01,Earth,False,G/18/S,TRAPPIST-1e,17.6,False,632,791,550,1403,1300,Aria Lin,True
1309_02,Mars,False,D/198/S,55 Cancri e,38.2,False,605,1454,1138,1144,524,Ethan Zhao,True
1310_01,Mars,False,F/173/S,55 Cancri e,39.3,False,786,909,981,1360,378,Lara Xel'Naga,False
1310_02,Earth,True,G/89/P,PSO J318.5-22,7.7,False,0,0,0,0,0,Jordan Benson,True
1311_01,Mars,False,C/158/P,55 Cancri e,32.8,False,65,457,452,1282,1449,Nova Stark,False
1311_02,Mars,False,A/93/S,55 Cancri e,36.7,False,978,177,279,343,1040,Ilya Komarov,False
1312_01,Earth,False,G/94/P,TRAPPIST-1e,21.4,False,1217,1172,374,34,1392,Kai Vega,False
1312_02,Mars,False,G/188/S,TRAPPIST-1e,30.7,False,28,774,220,52,790,Ilya Komarov,True
1313_01,Europa,False,G/147/S,TRAPPIST-1e,34.2,False,116,279,1198,745,948,Hiro Tanaka,True
1313_02,Earth,True,E/137/P,TRAPPIST-1e,28.2,False,0,0,0,0,0,Priya Kaur,True
1314_01,Earth,False,A/177/P,TRAPPIST-1e,33.3,False,1044,1096,841,1059,1256,Priya Kaur,False
1314_02,Earth,False,A/132/S,55 Cancri e,16.6,False,496,205,425,43,1114,Lara Xel'Naga,False
1315_01,Mars,True,G/45/S,55 Cancri e,9.5,False,0,0,0,0,0,Mila Benson,True
1315_02,Mars,False,C/176/P,TRAPPIST-1e,41.6,False,1490,453,594,1356,506,Ilya Komarov,False
1316_01,Mars,False,F/55/S,PSO J318.5-22,24.6,False,1399,1153,619,413,1094,Priya Kaur,True
1316_02,Mars,False,A/92/S,PSO J318.5-22,16.8,False,1427,1420,336,909,275,Kai Vega,True
1317_01,Mars,False,F/123/S,PSO J318.5-22,4.3,False,174,1408,240,546,13,Lara Xel'Naga,False
1317_02,Mars,False,A/80/P,TRAPPIST-1e,17.8,False,1218,1420,1454,1329,1357,Lara Xel'Naga,False
1318_01,Europa,True,D/162/S,TRAPPIST-1e,43.2,False,0,0,0,0,0,Nova Stark,True
1318_02,Europa,False,G/8/P,TRAPPIST-1e,6.6,True,1475,746,768,871,494,Hiro Tanaka,False
1319_01,Mars,True,A/137/P,PSO J318.5-22,21.3,False,0,0,0,0,0,Lara Xel'Naga,True
1319_02,Earth,False,D/170/S,TRAPPIST-1e,34.6,False,1075,1399,1418,1020,141,Kai Vega,False
1320_01,Europa,False,G/133/S,PSO J318.5-22,7.5,False,572,648,912,639,615,Aria Lin,False
1320_02,Mars,False,D/44/S,PSO J318.5-22,21.2,False,697,908,177,868,1029,Nova Stark,False
1321_01,Europa,False,E/33/P,55 Cancri e,21.0,False,1379,394,299,748,284,Lara Xel'Naga,True
1321_02,Europa,False,F/138/P,TRAPPIST-1e,19.2,False,329,49,772,377,999,Priya Kaur,True
1322_01,Europa,False,D/21/S,TRAPPIST-1e,22.4,False,1083,867,1098,2,747,Hiro Tanaka,False
1322_02,Earth,False,G/26/S,TRAPPIST-1e,22.7,False,1471,274,214,328,254,Lara Xel'Naga,False
1323_01,Mars,False,A/22/P,PSO J318.5-22,41.8,False,1347,1227,1195,216,1268,Mila Benson,True
1323_02,Mars,False,D/138/P,PSO J318.5-22,22.6,False,1359,1321,831,181,333,Remy Vivaldi,False
1324_01,Mars,False,A/71/S,55 Cancri e,26.0,True,899,641,1250,633,450,Mila Benson,False
1324_02,Europa,False,G/185/P,TRAPPIST-1e,33.5,False,195,1227,457,829,256,Hiro Tanaka,True
1325_01,Earth,True,G/109/S,55 Cancri e,30.0,False,0,0,0,0,0,Nova Stark,True
1325_02,Europa,False,E/138/P,PSO J318.5-22,22.0,False,948,1224,1082,886,392,Ethan Zhao,True
1326_01,Europa,False,B/173/S,TRAPPIST-1e,25.5,False,479,133,915,934,354,Jordan Benson,True
1326_02,Earth,False,A/3/P,55 Cancri e,31.3,False,583,624,1130,289,824,Hiro Tanaka,False
1327_01,Earth,True,G/81/S,TRAPPIST-1e,33.6,False,0,0,0,0,0,Leo Stark,True
1327_02,Earth,False,C/137/P,55 Cancri e,18.2,False,326,1438,209,1319,1421,Mila Benson,True
1328_01,Earth,False,C/55/S,TRAPPIST-1e,12.5,False,427,392,825,915,1132,Nova Stark,False
1328_02,Mars,False,D/194/S,TRAPPIST-1e,41.2,False,347,49,915,1128,1443,Jordan Benson,True
1329_01,Mars,False,E/103/P,TRAPPIST-1e,25.2,False,1296,1016,648,1363,300,Hiro Tanaka,True
1329_02,Earth,False,E/83/S,TRAPPIST-1e,28.9,False,1288,165,315,0,1019,Kai Vega,False
1330_01,Earth,True,C/99/S,TRAPPIST-1e,17.4,False,0,0,0,0,0,Hiro Tanaka,True
1330_02,Mars,False,A/26/S,TRAPPIST-1e,46.0,False,1344,1224,221,151,643,Aria Lin,False
1331_01,Europa,True,E/62/S,55 Cancri e,9.0,False,0,0,0,0,0,Mila Benson,False
1331_02,Mars,False,G/167/S,55 Cancri e,24.7,True,1225,994,1014,646,1257,Remy Vivaldi,True
1332_01,Mars,True,G/66/S,TRAPPIST-1e,25.7,False,0,0,0,0,0,Aria Lin,True
1332_02,Earth,False,E/179/S,TRAPPIST-1e,28.4,False,1080,1165,721,639,105,Remy Vivaldi,False
1333_01,Europa,False,D/68/P,TRAPPIST-1e,31.3,False,89,873,1251,1102,607,Mila Benson,True
1333_02,Mars,False,B/126/P,TRAPPIST-1e,32.6,False,348,893,245,271,402,Ilya Komarov,False
1334_01,Mars,True,G/131/P,TRAPPIST-1e,9.1,False,0,0,0,0,0,Aria Lin,True
1334_02,Earth,False,E/59/S,TRAPPIST-1e,41.9,False,960,897,1079,1126,283,Hiro Tanaka,False
1335_01,Earth,False,D/67/P,55 Cancri e,25.1,False,85,319,1055,335,50,Priya Kaur,False
1335_02,Earth,False,E/117/S,TRAPPIST-1e,32.4,False,1102,173,500,75,315,Nova Stark,True
1336_01,Europa,True,G/197/S,55 Cancri e,39.1,False,0,0,0,0,0,Ilya Komarov,True
1336_02,Mars,True,C/51/P,PSO J318.5-22,25.0,False,0,0,0,0,0,Priya Kaur,False
1337_01,Earth,False,G/99/S,PSO J318.5-22,40.1,False,1009,731,1094,968,853,Mila Benson,True
1337_02,Earth,False,G/134/P,55 Cancri e,10.4,False,665,651,1094,45,1070,Priya Kaur,False
1338_01,Europa,False,E/57/P,TRAPPIST-1e,7.0,False,965,868,928,1023,1000,Ilya Komarov,False
1338_02,Earth,True,F/3/P,PSO J318.5-22,25.9,False,0,0,0,0,0,Nova Stark,True
1339_01,Europa,False,A/48/P,TRAPPIST-1e,36.4,False,1356,396,295,106,859,Kai Vega,False
1339_02,Earth,False,A/168/P,TRAPPIST-1e,41.3,False,953,529,1106,933,287,Hiro Tanaka,True
1340_01,Europa,False,D/35/P,TRAPPIST-1e,22.6,False,214,1304,731,1482,343,Jordan Benson,True
1340_02,Europa,False,F/152/S,TRAPPIST-1e,20.6,False,193,157,464,103,33,Lara Xel'Naga,True
1341_01,Europa,True,E/165/P,TRAPPIST-1e,33.0,False,0,0,0,0,0,Ethan Zhao,True
1341_02,Earth,False,B/37/S,55 Cancri e,28.7,False,690,591,140,473,1054,Mila Benson,False
1342_01,Europa,False,B/191/S,TRAPPIST-1e,22.8,False,1110,303,1084,395,333,Hiro Tanaka,False
1342_02,Earth,True,A/127/S,TRAPPIST-1e,33.0,False,0,0,0,0,0,Mila Benson,True
1343_01,Europa,False,B/45/S,TRAPPIST-1e,35.8,False,1100,732,1384,76,508,Hiro Tanaka,True
1343_02,Earth,False,E/111/P,PSO J318.5-22,34.6,False,1187,1032,1198,461,1330,Mila Benson,False
1344_01,Earth,False,D/178/P,TRAPPIST-1e,35.1,False,31,997,761,568,309,Lara Xel'Naga,False
1344_02,Earth,False,G/61/S,55 Cancri e,26.5,False,1395,829,991,1079,790,Jordan Benson,False
1345_01,Earth,False,E/150/P,TRAPPIST-1e,18.0,False,993,77,533,107,1296,Ilya Komarov,False
1345_02,Earth,True,D/63/P,TRAPPIST-1e,49.9,False,0,0,0,0,0,Hiro Tanaka,False
1346_01,Earth,False,B/158/S,TRAPPIST-1e,35.5,False,1327,204,1136,864,1276,Mila Benson,False
1346_02,Earth,True,A/53/S,55 Cancri e,25.6,True,0,0,0,0,0,Priya Kaur,True
1347_01,Earth,False,D/37/P,TRAPPIST-1e,15.2,True,527,353,622,1024,926,Kai Vega,False
1347_02,Europa,False,F/105/P,55 Cancri e,34.6,False,1443,1184,160,870,1151,Lara Xel'Naga,False
1348_01,Earth,False,A/117/S,TRAPPIST-1e,40.9,False,472,556,79,1062,239,Mila Benson,False
1348_02,Earth,False,G/78/S,TRAPPIST-1e,22.9,False,556,589,1360,1303,1139,Lara Xel'Naga,True
1349_01,Mars,True,C/47/P,55 Cancri e,17.3,False,0,0,0,0,0,Jordan Benson,True
1349_02,Europa,False,F/187/P,55 Cancri e,25.9,False,33,385,248,1134,1117,Ethan Zhao,False
1350_01,Mars,False,D/158/P,TRAPPIST-1e,17.7,False,851,873,375,723,201,Leo Stark,False
1350_02,Mars,False,B/34/S,55 Cancri e,43.8,False,444,296,1331,492,337,Ilya Komarov,False
1351_01,Earth,False,A/174/P,TRAPPIST-1e,22.0,False,1089,791,1445,961,316,Ethan Zhao,False
1351_02,Mars,False,D/10/P,TRAPPIST-1e,55.1,False,941,625,74,938,58,Aria Lin,True
1352_01,Mars,False,G/24/P,55 Cancri e,14.8,False,34,161,981,798,894,Leo Stark,False
1352_02,Europa,True,E/138/S,TRAPPIST-1e,25.6,False,0,0,0,0,0,Leo Stark,True
1353_01,Mars,False,B/55/S,TRAPPIST-1e,13.8,False,851,1446,347,693,934,Mila Benson,False
1353_02,Earth,False,C/7/P,55 Cancri e,41.0,False,912,146,1397,674,1439,Priya Kaur,False
1354_01,Mars,True,A/126/S,PSO J318.5-22,48.3,False,0,0,0,0,0,Lara Xel'Naga,True
1354_02,Earth,True,D/147/P,TRAPPIST-1e,25.6,False,0,0,0,0,0,Ethan Zhao,True
1355_01,Earth,False,B/72/S,55 Cancri e,22.4,False,418,349,41,1390,28,Ilya Komarov,False
1355_02,Earth,False,A/58/S,TRAPPIST-1e,25.6,False,965,784,13,919,817,Lara Xel'Naga,True
1356_01,Earth,True,B/52/S,PSO J318.5-22,12.2,False,0,0,0,0,0,Lara Xel'Naga,False
1356_02,Mars,False,A/54/P,TRAPPIST-1e,23.9,False,294,1206,863,547,1060,Mila Benson,False
1357_01,Mars,True,C/191/S,55 Cancri e,29.8,False,0,0,0,0,0,Jordan Benson,True
1357_02,Earth,False,E/197/P,TRAPPIST-1e,31.0,False,594,1182,1352,613,1106,Leo Stark,False
1358_01,Earth,False,G/24/S,55 Cancri e,35.7,False,1045,1155,464,1479,1325,Aria Lin,True
1358_02,Earth,True,D/52/S,PSO J318.5-22,35.8,False,0,0,0,0,0,Aria Lin,True
1359_01,Europa,False,D/190/P,TRAPPIST-1e,28.4,True,394,1143,245,567,37,Ethan Zhao,False
1359_02,Mars,False,A/141/S,55 Cancri e,7.1,False,244,20,1133,393,1433,Leo Stark,True
1360_01,Earth,True,E/151/S,PSO J318.5-22,26.3,False,0,0,0,0,0,Leo Stark,True
1360_02,Earth,False,B/115/P,TRAPPIST-1e,28.3,False,510,911,360,715,218,Jordan Benson,False
1361_01,Europa,False,F/95/S,TRAPPIST-1e,21.5,False,752,922,831,793,1243,Hiro Tanaka,False
1361_02,Earth,True,A/49/S,PSO J318.5-22,19.5,True,0,0,0,0,0,Nova Stark,True
1362_01,Europa,True,D/106/P,55 Cancri e,21.5,False,0,0,0,0,0,Hiro Tanaka,True
1362_02,Earth,True,F/70/S,55 Cancri e,17.9,False,0,0,0,0,0,Ethan Zhao,True
1363_01,Earth,False,C/165/P,TRAPPIST-1e,32.9,False,805,188,80,107,1344,Priya Kaur,False
1363_02,Europa,False,B/168/P,55 Cancri e,31.6,False,685,345,327,554,301,Kai Vega,False
1364_01,Earth,False,D/37/P,55 Cancri e,26.3,False,644,275,1175,1187,1313,Jordan Benson,False
1364_02,Europa,False,B/120/P,TRAPPIST-1e,41.6,False,1401,620,637,1333,929,Remy Vivaldi,False
1365_01,Earth,False,B/89/S,TRAPPIST-1e,28.8,True,182,1329,71,1242,718,Jordan Benson,True
1365_02,Earth,False,E/36/S,TRAPPIST-1e,36.5,False,1196,1295,725,1491,268,Aria Lin,False
1366_01,Earth,False,G/162/S,TRAPPIST-1e,32.4,False,146,1452,1188,889,309,Kai Vega,False
1366_02,Mars,True,A/16/S,PSO J318.5-22,30.7,False,0,0,0,0,0,Mila Benson,True
1367_01,Mars,True,A/33/P,55 Cancri e,25.5,False,0,0,0,0,0,Jordan Benson,True
1367_02,Europa,False,B/52/P,55 Cancri e,21.6,False,754,438,742,739,794,Aria Lin,False
1368_01,Mars,True,A/168/S,55 Cancri e,12.3,False,0,0,0,0,0,Mila Benson,True
1368_02,Mars,False,C/58/S,TRAPPIST-1e,33.1,False,257,1257,1359,408,974,Mila Benson,False
1369_01,Earth,False,B/113/S,TRAPPIST-1e,37.4,False,901,973,1104,273,275,Kai Vega,False
1369_02,Earth,True,A/86/P,TRAPPIST-1e,35.7,False,0,0,0,0,0,Ethan Zhao,True
1370_01,Europa,False,F/80/S,TRAPPIST-1e,20.2,False,1319,1062,287,1147,875,Nova Stark,False
1370_02,Mars,True,D/137/P,TRAPPIST-1e,35.4,False,0,0,0,0,0,Jordan Benson,True
1371_01,Earth,False,F/47/S,55 Cancri e,31.0,False,1120,1214,1097,446,784,Priya Kaur,False
1371_02,Mars,False,D/90/S,TRAPPIST-1e,31.1,False,560,483,848,721,115,Kai Vega,False
1372_01,Europa,False,D/140/S,55 Cancri e,25.4,False,406,1336,693,1171,1365,Kai Vega,False
1372_02,Earth,False,G/21/P,55 Cancri e,52.7,False,494,947,22,1128,557,Remy Vivaldi,False
1373_01,Earth,False,A/131/S,55 Cancri e,27.3,False,77,1345,806,1264,1041,Kai Vega,False
1373_02,Earth,True,G/70/P,TRAPPIST-1e,46.9,False,0,0,0,0,0,Ethan Zhao,True
1374_01,Europa,False,E/40/P,TRAPPIST-1e,31.1,False,276,1447,1499,1050,513,Aria Lin,False
1374_02,Earth,False,G/92/P,TRAPPIST-1e,29.9,False,463,806,823,362,1406,Lara Xel'Naga,True
1375_01,Mars,False,C/73/P,PSO J318.5-22,19.3,False,721,1207,1448,1398,40,Aria Lin,False
1375_02,Mars,False,E/141/P,55 Cancri e,47.5,False,1003,259,440,925,855,Remy Vivaldi,True
1376_01,Europa,False,C/58/S,PSO J318.5-22,36.7,False,985,1461,135,1206,1195,Kai Vega,False
1376_02,Mars,False,F/17/S,55 Cancri e,47.3,False,908,860,787,589,955,Priya Kaur,True
1377_01,Mars,False,G/199/P,TRAPPIST-1e,27.3,False,294,52,805,1455,51,Jordan Benson,False
1377_02,Earth,True,G/95/S,TRAPPIST-1e,40.1,False,0,0,0,0,0,Kai Vega,True
1378_01,Europa,True,G/8/P,PSO J318.5-22,58.8,False,0,0,0,0,0,Kai Vega,True
1378_02,Mars,False,G/62/S,TRAPPIST-1e,20.0,False,763,885,911,546,1424,Ethan Zhao,False
1379_01,Mars,False,A/52/P,TRAPPIST-1e,26.7,False,1489,559,378,1200,1075,Remy Vivaldi,True
1379_02,Mars,False,E/160/P,TRAPPIST-1e,17.2,False,78,1408,833,1031,1237,Kai Vega,True
1380_01,Earth,True,D/30/P,TRAPPIST-1e,24.0,False,0,0,0,0,0,Ilya Komarov,True
1380_02,Europa,False,G/167/S,TRAPPIST-1e,27.7,False,1480,1484,197,1117,436,Jordan Benson,False
1381_01,Europa,False,B/195/S,PSO J318.5-22,47.0,False,586,103,626,1062,457,Mila Benson,False
1381_02,Earth,True,F/73/S,55 Cancri e,32.2,False,0,0,0,0,0,Nova Stark,False
1382_01,Europa,True,B/113/S,TRAPPIST-1e,12.5,False,0,0,0,0,0,Lara Xel'Naga,True
1382_02,Earth,False,B/143/S,55 Cancri e,14.0,False,1255,38,818,46,35,Ilya Komarov,True
1383_01,Mars,False,A/184/P,55 Cancri e,27.6,False,1169,367,64,1251,753,Leo Stark,True
1383_02,Earth,False,E/29/S,TRAPPIST-1e,25.6,False,815,755,180,596,1178,Remy Vivaldi,False
1384_01,Europa,False,D/65/S,55 Cancri e,21.7,False,1458,1122,615,1395,1385,Priya Kaur,True
1384_02,Earth,False,A/115/S,55 Cancri e,20.9,False,111,452,755,1192,583,Mila Benson,True
1385_01,Earth,False,F/186/S,TRAPPIST-1e,22.6,False,983,252,1459,560,1445,Priya Kaur,True
1385_02,Earth,False,F/76/P,PSO J318.5-22,32.7,False,1326,71,1286,221,1100,Leo Stark,False
1386_01,Earth,False,A/101/P,TRAPPIST-1e,15.3,False,540,625,105,1154,1380,Leo Stark,False
1386_02,Mars,True,F/121/P,TRAPPIST-1e,28.1,False,0,0,0,0,0,Aria Lin,True
1387_01,Earth,False,F/31/P,55 Cancri e,28.3,False,232,368,1274,945,1131,Nova Stark,False
1387_02,Earth,True,A/189/P,55 Cancri e,24.4,False,0,0,0,0,0,Lara Xel'Naga,True
1388_01,Earth,False,A/56/P,TRAPPIST-1e,13.4,True,583,794,174,122,226,Aria Lin,False
1388_02,Earth,False,B/73/P,PSO J318.5-22,13.0,False,443,427,1106,764,631,Jordan Benson,False
1389_01,Earth,False,C/139/S,55 Cancri e,22.7,False,427,617,924,811,106,Mila Benson,True
1389_02,Earth,False,E/20/P,TRAPPIST-1e,35.8,False,658,1285,1182,264,1491,Mila Benson,True
1390_01,Mars,False,D/122/S,PSO J318.5-22,24.0,False,1320,895,992,244,1323,Priya Kaur,False
1390_02,Europa,True,F/63/P,PSO J318.5-22,30.5,False,0,0,0,0,0,Hiro Tanaka,False
1391_01,Earth,False,A/24/P,TRAPPIST-1e,34.6,True,385,758,1335,413,1301,Jordan Benson,False
1391_02,Earth,False,D/67/P,55 Cancri e,26.5,False,714,758,746,592,1379,Hiro Tanaka,False
1392_01,Earth,False,B/142/S,TRAPPIST-1e,29.4,False,1068,1344,650,1349,147,Jordan Benson,True
1392_02,Europa,True,D/127/S,TRAPPIST-1e,8.7,False,0,0,0,0,0,Hiro Tanaka,True
1393_01,Mars,False,A/88/S,TRAPPIST-1e,27.6,False,104,1497,395,1469,605,Aria Lin,True
1393_02,Europa,False,D/42/P,PSO J318.5-22,22.2,False,1243,850,441,872,666,Lara Xel'Naga,True
1394_01,Earth,False,F/95/S,55 Cancri e,29.0,False,1328,1428,501,347,1263,Ilya Komarov,True
1394_02,Mars,True,A/7/S,TRAPPIST-1e,22.8,False,0,0,0,0,0,Priya Kaur,True
1395_01,Mars,False,C/194/S,55 Cancri e,10.4,False,1360,25,1432,1100,216,Remy Vivaldi,False
1395_02,Europa,True,A/125/S,TRAPPIST-1e,15.3,False,0,0,0,0,0,Priya Kaur,True
1396_01,Earth,False,C/19/S,55 Cancri e,19.9,False,669,717,309,598,266,Ethan Zhao,False
1396_02,Earth,False,B/145/P,TRAPPIST-1e,33.1,False,1438,645,1290,1356,1022,Leo Stark,False
1397_01,Mars,False,D/48/S,TRAPPIST-1e,26.2,False,1270,1059,1424,27,219,Leo Stark,True
1397_02,Earth,False,D/175/P,TRAPPIST-1e,48.2,False,405,270,791,962,1309,Jordan Benson,False
1398_01,Europa,True,C/54/S,55 Cancri e,32.7,False,0,0,0,0,0,Lara Xel'Naga,True
1398_02,Earth,True,E/111/S,PSO J318.5-22,30.6,False,0,0,0,0,0,Aria Lin,True
1399_01,Earth,False,E/101/P,TRAPPIST-1e,30.8,False,491,8,560,439,791,Nova Stark,False
1399_02,Europa,True,A/89/P,PSO J318.5-22,26.2,False,0,0,0,0,0,Hiro Tanaka,True
1400_01,Mars,True,D/191/P,TRAPPIST-1e,12.7,False,0,0,0,0,0,Ilya Komarov,True
1400_02,Earth,False,C/50/S,55 Cancri e,26.8,False,1278,32,1046,844,565,Ethan Zhao,False
1401_01,Europa,False,D/182/S,TRAPPIST-1e,21.6,False,335,1381,1145,1467,358,Leo Stark,False
1401_02,Europa,False,A/62/S,TRAPPIST-1e,35.8,False,345,192,1439,1400,1486,Ilya Komarov,True
1402_01,Mars,False,B/117/P,TRAPPIST-1e,10.2,False,827,889,652,407,285,Lara Xel'Naga,True
1402_02,Europa,True,A/28/P,55 Cancri e,32.3,False,0,0,0,0,0,Aria Lin,False
1403_01,Mars,False,D/28/S,TRAPPIST-1e,19.2,False,792,49,1037,1157,587,Kai Vega,True
1403_02,Mars,False,C/69/S,55 Cancri e,33.1,False,595,1366,669,1309,313,Mila Benson,False
1404_01,Earth,False,E/3/P,55 Cancri e,16.9,False,1187,831,609,15,1367,Lara Xel'Naga,True
1404_02,Earth,False,E/141/P,TRAPPIST-1e,30.0,False,1101,1369,71,269,286,Kai Vega,True
1405_01,Mars,True,G/20/P,55 Cancri e,54.8,False,0,0,0,0,0,Jordan Benson,True
1405_02,Europa,True,B/21/S,TRAPPIST-1e,23.8,False,0,0,0,0,0,Mila Benson,False
1406_01,Europa,True,A/75/P,TRAPPIST-1e,21.3,False,0,0,0,0,0,Ilya Komarov,True
1406_02,Earth,False,B/29/S,TRAPPIST-1e,31.2,False,1191,1432,507,836,1125,Ilya Komarov,False
1407_01,Earth,False,A/139/P,55 Cancri e,40.0,True,421,774,477,925,119,Leo Stark,False
1407_02,Earth,True,B/90/S,TRAPPIST-1e,34.8,False,0,0,0,0,0,Remy Vivaldi,True
1408_01,Earth,True,F/41/S,TRAPPIST-1e,12.5,False,0,0,0,0,0,Jordan Benson,True
1408_02,Europa,True,D/57/S,PSO J318.5-22,17.3,True,0,0,0,0,0,Hiro Tanaka,False
1409_01,Earth,True,D/184/S,55 Cancri e,7.9,False,0,0,0,0,0,Nova Stark,False
1409_02,Mars,False,E/165/S,TRAPPIST-1e,21.2,False,611,1317,1423,916,1115,Hiro Tanaka,False
1410_01,Europa,False,E/96/P,55 Cancri e,28.5,False,894,270,810,558,98,Priya Kaur,False
1410_02,Mars,False,A/108/S,TRAPPIST-1e,32.6,False,525,193,1180,1138,395,Mila Benson,True
1411_01,Mars,True,F/27/P,55 Cancri e,20.1,True,0,0,0,0,0,Lara Xel'Naga,True
1411_02,Mars,False,C/61/P,TRAPPIST-1e,47.1,False,682,14,1442,367,637,Hiro Tanaka,False
1412_01,Europa,True,B/90/P,TRAPPIST-1e,23.7,False,0,0,0,0,0,Mila Benson,False
1412_02,Earth,False,A/40/S,PSO J318.5-22,19.9,False,4,230,1224,1425,1172,Nova Stark,False
1413_01,Earth,True,F/58/S,TRAPPIST-1e,21.6,False,0,0,0,0,0,Ethan Zhao,True
1413_02,Earth,True,D/149/S,PSO J318.5-22,28.6,False,0,0,0,0,0,Hiro Tanaka,True
1414_01,Europa,True,B/76/P,TRAPPIST-1e,28.4,False,0,0,0,0,0,Hiro Tanaka,True
1414_02,Earth,False,A/89/P,TRAPPIST-1e,44.9,False,791,999,151,1015,223,Kai Vega,False
1415_01,Earth,True,E/15/S,PSO J318.5-22,13.0,False,0,0,0,0,0,Hiro Tanaka,True
1415_02,Europa,False,B/15/P,TRAPPIST-1e,44.2,False,1264,929,842,350,22,Ilya Komarov,False
1416_01,Earth,False,C/151/S,TRAPPIST-1e,22.5,False,39,302,174,998,1484,Mila Benson,False
1416_02,Europa,False,C/165/P,55 Cancri e,28.8,False,620,1216,243,835,279,Ilya Komarov,False
1417_01,Earth,False,B/102/S,TRAPPIST-1e,30.4,False,1177,1046,718,931,90,Jordan Benson,False
1417_02,Earth,False,B/109/S,55 Cancri e,14.4,False,389,1382,549,930,1251,Aria Lin,False
1418_01,Europa,False,C/99/P,TRAPPIST-1e,20.1,False,1061,732,499,1066,870,Hiro Tanaka,False
1418_02,Mars,False,B/7/P,55 Cancri e,34.6,False,516,67,122,335,1176,Aria Lin,False
1419_01,Mars,False,C/36/S,TRAPPIST-1e,40.4,False,1466,422,938,803,633,Ethan Zhao,True
1419_02,Mars,False,G/85/S,TRAPPIST-1e,36.5,False,1253,1082,95,1285,353,Kai Vega,True
1420_01,Europa,True,E/164/P,TRAPPIST-1e,23.3,False,0,0,0,0,0,Mila Benson,True
1420_02,Mars,False,E/119/P,TRAPPIST-1e,21.0,False,966,922,472,429,974,Lara Xel'Naga,False
1421_01,Europa,True,B/40/P,55 Cancri e,11.6,False,0,0,0,0,0,Ethan Zhao,False
1421_02,Europa,False,C/180/P,55 Cancri e,25.3,False,1436,936,1004,648,190,Mila Benson,False
1422_01,Mars,False,A/111/S,PSO J318.5-22,61.8,False,1096,839,1190,167,565,Hiro Tanaka,True
1422_02,Earth,False,G/44/S,TRAPPIST-1e,34.8,False,1282,1462,1134,743,672,Hiro Tanaka,False
1423_01,Earth,False,F/139/S,55 Cancri e,48.1,False,301,184,1362,509,818,Priya Kaur,False
1423_02,Mars,False,C/189/P,PSO J318.5-22,17.6,False,1333,1369,1104,1397,155,Nova Stark,False
1424_01,Europa,False,B/104/P,TRAPPIST-1e,33.9,False,760,146,480,434,68,Kai Vega,False
1424_02,Earth,False,G/44/S,TRAPPIST-1e,28.0,False,874,185,903,681,203,Aria Lin,False
1425_01,Europa,False,G/150/S,TRAPPIST-1e,13.2,False,1321,50,499,368,723,Lara Xel'Naga,True
1425_02,Mars,True,A/137/P,TRAPPIST-1e,38.6,False,0,0,0,0,0,Aria Lin,False
1426_01,Mars,True,C/115/P,55 Cancri e,43.8,False,0,0,0,0,0,Hiro Tanaka,True
1426_02,Earth,False,A/44/P,TRAPPIST-1e,35.5,False,1498,846,255,1173,278,Jordan Benson,True
1427_01,Europa,True,A/4/S,TRAPPIST-1e,38.3,False,0,0,0,0,0,Ethan Zhao,True
1427_02,Earth,False,A/68/S,TRAPPIST-1e,21.7,False,727,1492,1005,719,1086,Nova Stark,False
1428_01,Earth,True,G/73/P,TRAPPIST-1e,21.9,False,0,0,0,0,0,Hiro Tanaka,True
1428_02,Europa,False,E/57/P,TRAPPIST-1e,24.4,False,176,1452,1096,846,1190,Priya Kaur,False
1429_01,Earth,True,G/119/P,TRAPPIST-1e,15.8,False,0,0,0,0,0,Remy Vivaldi,True
1429_02,Earth,False,D/6/P,55 Cancri e,16.4,False,8,235,709,923,684,Mila Benson,False
1430_01,Earth,False,F/192/S,TRAPPIST-1e,31.1,False,26,549,1219,1226,84,Leo Stark,False
1430_02,Mars,True,F/135/S,TRAPPIST-1e,46.4,True,0,0,0,0,0,Nova Stark,True
1431_01,Earth,True,D/24/S,55 Cancri e,42.5,False,0,0,0,0,0,Remy Vivaldi,True
1431_02,Earth,False,B/106/P,TRAPPIST-1e,23.2,False,1213,11,1012,1053,1061,Hiro Tanaka,True
1432_01,Europa,True,D/77/P,TRAPPIST-1e,36.3,False,0,0,0,0,0,Leo Stark,True
1432_02,Earth,True,F/51/S,TRAPPIST-1e,36.0,False,0,0,0,0,0,Aria Lin,False
1433_01,Mars,False,D/193/P,55 Cancri e,13.8,False,1168,1169,440,886,420,Remy Vivaldi,False
1433_02,Europa,True,E/12/S,55 Cancri e,47.1,False,0,0,0,0,0,Ilya Komarov,True
1434_01,Earth,True,E/113/P,TRAPPIST-1e,32.3,False,0,0,0,0,0,Ilya Komarov,True
1434_02,Mars,True,C/179/P,TRAPPIST-1e,32.3,False,0,0,0,0,0,Kai Vega,True
1435_01,Mars,False,G/69/P,PSO J318.5-22,16.9,False,1278,958,916,22,338,Remy Vivaldi,True
1435_02,Mars,False,G/51/S,55 Cancri e,16.3,False,822,365,1395,914,1242,Hiro Tanaka,False
1436_01,Earth,True,G/76/S,PSO J318.5-22,22.0,False,0,0,0,0,0,Lara Xel'Naga,True
1436_02,Mars,True,F/120/P,TRAPPIST-1e,30.1,False,0,0,0,0,0,Ethan Zhao,True
1437_01,Earth,False,A/153/S,TRAPPIST-1e,42.7,False,800,859,1246,863,689,Nova Stark,False
1437_02,Earth,False,C/45/P,TRAPPIST-1e,19.5,False,1171,1447,738,1374,1209,Remy Vivaldi,False
1438_01,Europa,False,G/9/P,55 Cancri e,28.3,False,40,904,1011,1416,702,Kai Vega,False
1438_02,Earth,False,G/166/S,PSO J318.5-22,35.0,False,78,716,543,1473,473,Remy Vivaldi,False
1439_01,Mars,True,B/118/P,TRAPPIST-1e,23.2,False,0,0,0,0,0,Jordan Benson,True
1439_02,Mars,False,G/90/S,TRAPPIST-1e,36.1,False,135,483,1335,813,554,Ilya Komarov,True
1440_01,Mars,False,D/142/P,TRAPPIST-1e,29.5,False,1184,1451,70,519,897,Ethan Zhao,True
1440_02,Mars,False,F/156/P,TRAPPIST-1e,26.3,False,912,1075,1068,292,937,Ilya Komarov,False
1441_01,Earth,False,A/3/S,TRAPPIST-1e,23.2,True,866,379,1006,261,579,Ilya Komarov,False
1441_02,Mars,False,C/61/S,55 Cancri e,18.9,False,1202,356,1442,697,1224,Leo Stark,True
1442_01,Earth,True,B/114/S,55 Cancri e,32.3,False,0,0,0,0,0,Remy Vivaldi,True
1442_02,Mars,False,D/171/P,TRAPPIST-1e,35.7,False,285,1281,569,839,497,Ilya Komarov,False
1443_01,Earth,False,B/47/P,55 Cancri e,26.5,False,561,31,42,1374,1357,Ilya Komarov,False
1443_02,Europa,True,A/158/P,PSO J318.5-22,32.0,False,0,0,0,0,0,Priya Kaur,True
1444_01,Mars,False,E/195/S,PSO J318.5-22,35.4,False,1042,1370,36,91,184,Mila Benson,False
1444_02,Europa,True,D/53/S,PSO J318.5-22,31.2,False,0,0,0,0,0,Ethan Zhao,True
1445_01,Europa,False,E/194/S,TRAPPIST-1e,26.2,True,1219,77,166,1113,263,Nova Stark,False
1445_02,Europa,False,A/172/S,55 Cancri e,25.9,False,1495,1231,723,1294,1286,Jordan Benson,False
1446_01,Earth,True,G/144/S,PSO J318.5-22,37.9,False,0,0,0,0,0,Jordan Benson,True
1446_02,Mars,False,D/8/S,TRAPPIST-1e,32.5,False,575,721,1335,1197,430,Mila Benson,False
1447_01,Mars,False,E/174/P,55 Cancri e,19.7,False,1281,243,1371,1272,104,Hiro Tanaka,False
1447_02,Europa,False,G/158/P,PSO J318.5-22,35.2,False,693,1310,1192,1443,1070,Priya Kaur,False
1448_01,Mars,True,B/108/S,PSO J318.5-22,25.1,False,0,0,0,0,0,Remy Vivaldi,True
1448_02,Mars,False,A/137/S,TRAPPIST-1e,16.0,False,1464,143,889,1051,789,Lara Xel'Naga,False
1449_01,Earth,True,B/184/P,TRAPPIST-1e,30.3,False,0,0,0,0,0,Remy Vivaldi,False
1449_02,Earth,False,F/154/P,TRAPPIST-1e,39.6,False,1380,1134,691,819,718,Hiro Tanaka,False
1450_01,Mars,False,D/154/P,TRAPPIST-1e,4.9,False,1005,1369,1401,521,16,Priya Kaur,False
1450_02,Earth,False,E/136/P,TRAPPIST-1e,44.6,False,244,717,769,716,1225,Priya Kaur,False
1451_01,Earth,False,B/14/P,PSO J318.5-22,36.2,False,22,239,26,983,1104,Ethan Zhao,True
1451_02,Europa,False,D/121/P,TRAPPIST-1e,17.8,False,198,774,91,850,1107,Aria Lin,True
1452_01,Earth,False,C/166/P,TRAPPIST-1e,34.0,False,1477,1304,1000,1082,908,Kai Vega,False
1452_02,Europa,False,F/37/P,TRAPPIST-1e,28.9,True,870,1365,752,1488,341,Ilya Komarov,False
1453_01,Earth,False,E/40/S,PSO J318.5-22,14.6,False,1452,255,827,1013,1370,Ilya Komarov,False
1453_02,Earth,True,F/139/P,55 Cancri e,22.5,False,0,0,0,0,0,Jordan Benson,True
1454_01,Mars,True,B/154/S,55 Cancri e,30.1,False,0,0,0,0,0,Kai Vega,False
1454_02,Mars,False,A/170/P,55 Cancri e,26.3,False,756,823,779,731,1435,Priya Kaur,False
1455_01,Earth,False,B/165/S,PSO J318.5-22,26.2,False,1085,1092,365,1185,944,Jordan Benson,False
1455_02,Earth,False,E/176/P,PSO J318.5-22,27.0,False,975,430,858,229,369,Leo Stark,False
1456_01,Earth,False,D/101/P,TRAPPIST-1e,35.8,False,1216,617,1212,1299,1097,Priya Kaur,True
1456_02,Earth,True,A/117/P,PSO J318.5-22,16.8,False,0,0,0,0,0,Lara Xel'Naga,False
1457_01,Mars,True,C/72/S,TRAPPIST-1e,34.9,False,0,0,0,0,0,Hiro Tanaka,True
1457_02,Europa,True,C/86/S,TRAPPIST-1e,23.4,False,0,0,0,0,0,Mila Benson,True
1458_01,Earth,False,F/37/S,TRAPPIST-1e,33.2,False,192,288,582,1167,1412,Nova Stark,True
1458_02,Europa,True,A/40/P,55 Cancri e,20.5,False,0,0,0,0,0,Mila Benson,True
1459_01,Earth,False,D/181/P,TRAPPIST-1e,17.4,False,1393,856,1464,780,895,Aria Lin,False
1459_02,Earth,True,G/76/P,TRAPPIST-1e,31.1,False,0,0,0,0,0,Ethan Zhao,True
1460_01,Mars,False,F/196/S,TRAPPIST-1e,23.1,False,12,986,339,864,311,Jordan Benson,False
1460_02,Mars,False,G/72/P,TRAPPIST-1e,31.9,False,732,1127,338,1221,299,Ethan Zhao,True
1461_01,Mars,False,A/91/S,55 Cancri e,24.2,False,1172,760,767,981,41,Nova Stark,True
1461_02,Europa,False,B/51/P,TRAPPIST-1e,31.9,False,201,969,1267,463,448,Leo Stark,False
1462_01,Mars,False,E/136/S,TRAPPIST-1e,27.9,False,1296,1453,871,212,948,Lara Xel'Naga,False
1462_02,Earth,False,D/171/P,TRAPPIST-1e,9.7,False,1127,191,1403,1104,704,Kai Vega,True
1463_01,Mars,False,B/106/P,TRAPPIST-1e,43.6,False,798,1227,610,1373,687,Leo Stark,True
1463_02,Mars,False,E/150/S,TRAPPIST-1e,27.8,False,773,142,1212,271,1323,Nova Stark,False
1464_01,Europa,False,E/169/P,55 Cancri e,36.5,False,458,1432,469,809,505,Hiro Tanaka,False
1464_02,Europa,False,B/83/S,TRAPPIST-1e,28.0,False,1096,83,58,1044,1481,Ilya Komarov,False
1465_01,Mars,False,C/200/S,TRAPPIST-1e,39.5,False,575,836,679,202,1129,Remy Vivaldi,True
1465_02,Earth,True,G/65/P,TRAPPIST-1e,21.8,False,0,0,0,0,0,Hiro Tanaka,True
1466_01,Earth,False,E/22/P,TRAPPIST-1e,18.0,False,1339,405,985,948,1093,Mila Benson,True
1466_02,Earth,True,A/168/S,TRAPPIST-1e,10.6,False,0,0,0,0,0,Hiro Tanaka,True
1467_01,Earth,False,C/190/P,TRAPPIST-1e,34.6,False,494,678,1270,1266,1359,Ethan Zhao,False
1467_02,Earth,True,A/5/P,55 Cancri e,28.4,False,0,0,0,0,0,Ilya Komarov,True
1468_01,Europa,False,D/34/P,55 Cancri e,32.8,False,505,280,674,932,1462,Leo Stark,False
1468_02,Europa,False,B/191/P,TRAPPIST-1e,41.8,False,714,607,482,1246,116,Nova Stark,False
1469_01,Europa,False,A/133/P,TRAPPIST-1e,24.8,False,515,306,531,121,648,Remy Vivaldi,True
1469_02,Mars,False,D/156/P,PSO J318.5-22,14.4,False,591,1177,869,1475,1192,Priya Kaur,False
1470_01,Mars,True,E/199/P,PSO J318.5-22,12.5,False,0,0,0,0,0,Nova Stark,True
1470_02,Earth,False,A/122/S,TRAPPIST-1e,29.4,False,1428,398,514,804,497,Mila Benson,False
1471_01,Mars,False,E/111/S,55 Cancri e,33.3,False,1286,1421,435,839,359,Aria Lin,False
1471_02,Europa,False,C/2/S,TRAPPIST-1e,28.1,False,1152,863,633,1264,1245,Kai Vega,False
1472_01,Earth,False,C/58/P,PSO J318.5-22,39.7,False,1326,1310,1212,1320,388,Aria Lin,False
1472_02,Mars,True,A/128/S,55 Cancri e,39.9,False,0,0,0,0,0,Lara Xel'Naga,True
1473_01,Mars,True,D/23/P,TRAPPIST-1e,26.8,False,0,0,0,0,0,Nova Stark,False
1473_02,Europa,False,E/185/P,55 Cancri e,18.6,False,924,772,1136,863,1059,Ilya Komarov,True
1474_01,Mars,True,C/188/P,TRAPPIST-1e,32.1,False,0,0,0,0,0,Kai Vega,True
1474_02,Mars,True,E/1/S,55 Cancri e,40.1,False,0,0,0,0,0,Ilya Komarov,True
1475_01,Mars,False,B/199/P,TRAPPIST-1e,26.6,False,984,16,475,1016,209,Mila Benson,False
1475_02,Mars,False,A/200/P,55 Cancri e,32.1,False,498,1425,428,1101,1103,Ethan Zhao,False
1476_01,Europa,False,A/124/P,PSO J318.5-22,45.6,False,1158,993,521,580,898,Priya Kaur,False
1476_02,Earth,True,D/50/S,TRAPPIST-1e,25.8,False,0,0,0,0,0,Jordan Benson,True
1477_01,Mars,False,C/89/P,PSO J318.5-22,46.6,False,965,909,492,498,1041,Jordan Benson,False
1477_02,Mars,True,F/159/S,PSO J318.5-22,6.6,False,0,0,0,0,0,Hiro Tanaka,True
1478_01,Mars,True,D/122/P,TRAPPIST-1e,26.0,False,0,0,0,0,0,Hiro Tanaka,True
1478_02,Earth,False,C/80/P,55 Cancri e,20.7,False,1171,1495,171,530,1143,Mila Benson,False
1479_01,Earth,False,G/183/P,TRAPPIST-1e,36.5,False,445,188,157,669,245,Priya Kaur,True
1479_02,Earth,False,D/197/P,PSO J318.5-22,22.3,False,855,943,747,1056,1384,Ethan Zhao,True
1480_01,Mars,False,G/140/S,PSO J318.5-22,24.2,False,78,168,809,982,179,Aria Lin,False
1480_02,Europa,True,D/137/P,TRAPPIST-1e,20.4,False,0,0,0,0,0,Lara Xel'Naga,True
1481_01,Earth,True,D/73/S,PSO J318.5-22,39.2,False,0,0,0,0,0,Remy Vivaldi,True
1481_02,Earth,False,B/52/P,TRAPPIST-1e,44.1,False,1028,296,619,854,359,Ilya Komarov,True
1482_01,Earth,False,E/14/S,55 Cancri e,25.4,True,1211,1304,1489,1138,1259,Ethan Zhao,False
1482_02,Mars,False,A/153/P,TRAPPIST-1e,15.2,False,1361,521,198,1073,1165,Ethan Zhao,True
1483_01,Europa,False,E/186/S,TRAPPIST-1e,32.8,False,1053,1105,30,1007,332,Remy Vivaldi,False
1483_02,Earth,False,D/26/P,TRAPPIST-1e,27.6,False,659,176,369,546,534,Priya Kaur,False
1484_01,Earth,False,G/103/P,TRAPPIST-1e,45.1,False,370,1123,1468,1491,54,Jordan Benson,False
1484_02,Mars,True,D/176/P,TRAPPIST-1e,10.4,True,0,0,0,0,0,Remy Vivaldi,True
1485_01,Mars,False,D/123/S,TRAPPIST-1e,35.0,False,1151,31,92,518,1281,Kai Vega,False
1485_02,Europa,False,A/137/P,PSO J318.5-22,11.3,False,852,1243,751,1129,415,Jordan Benson,False
1486_01,Earth,True,F/19/S,PSO J318.5-22,29.1,False,0,0,0,0,0,Kai Vega,True
1486_02,Mars,False,D/34/S,TRAPPIST-1e,27.6,False,330,688,10,817,418,Ethan Zhao,False
1487_01,Mars,False,C/60/P,TRAPPIST-1e,15.2,False,1247,152,1235,91,330,Jordan Benson,False
1487_02,Earth,True,C/125/S,TRAPPIST-1e,20.0,False,0,0,0,0,0,Leo Stark,True
1488_01,Earth,False,G/14/S,TRAPPIST-1e,24.8,True,929,1251,193,529,844,Leo Stark,True
1488_02,Earth,False,B/188/P,PSO J318.5-22,16.5,False,1266,1412,1299,1473,638,Kai Vega,False
1489_01,Europa,False,A/3/P,55 Cancri e,26.1,True,287,697,694,539,329,Jordan Benson,False
1489_02,Earth,False,B/164/P,TRAPPIST-1e,34.7,False,469,848,533,466,976,Mila Benson,False
1490_01,Earth,True,B/197/S,PSO J318.5-22,40.0,False,0,0,0,0,0,Ilya Komarov,True
1490_02,Mars,True,A/148/P,TRAPPIST-1e,36.4,True,0,0,0,0,0,Hiro Tanaka,True
1491_01,Mars,True,G/119/S,55 Cancri e,35.1,False,0,0,0,0,0,Aria Lin,True
1491_02,Earth,False,E/36/P,TRAPPIST-1e,27.2,False,307,923,333,953,1443,Priya Kaur,False
1492_01,Earth,False,C/58/P,TRAPPIST-1e,36.0,False,831,843,249,1118,1319,Aria Lin,False
1492_02,Europa,False,D/90/S,55 Cancri e,44.6,False,183,1283,798,185,1432,Kai Vega,False
1493_01,Mars,False,B/43/S,TRAPPIST-1e,39.5,False,858,7,1288,782,774,Hiro Tanaka,False
1493_02,Earth,False,D/4/P,55 Cancri e,40.7,False,1006,1394,676,1106,210,Leo Stark,False
1494_01,Earth,False,A/115/P,TRAPPIST-1e,28.9,False,1426,638,190,670,842,Aria Lin,True
1494_02,Mars,False,D/5/P,TRAPPIST-1e,36.3,False,334,1110,578,61,386,Jordan Benson,False
1495_01,Mars,True,C/51/P,TRAPPIST-1e,32.9,False,0,0,0,0,0,Aria Lin,True
1495_02,Earth,False,G/25/S,55 Cancri e,24.6,False,846,486,1270,1277,499,Priya Kaur,False
1496_01,Earth,False,B/66/S,TRAPPIST-1e,29.1,False,12,150,1073,1238,990,Hiro Tanaka,False
1496_02,Mars,False,A/182/S,TRAPPIST-1e,27.2,False,643,371,1136,251,1364,Nova Stark,True
1497_01,Europa,False,F/120/P,TRAPPIST-1e,19.0,False,146,1318,722,683,1035,Jordan Benson,False
1497_02,Europa,True,F/135/S,55 Cancri e,27.2,False,0,0,0,0,0,Kai Vega,False
1498_01,Mars,False,D/85/S,TRAPPIST-1e,13.6,False,1491,1189,1193,563,511,Remy Vivaldi,False
1498_02,Europa,False,C/161/S,TRAPPIST-1e,34.4,False,1212,1143,104,673,806,Mila Benson,False
1499_01,Mars,True,B/63/S,55 Cancri e,13.9,False,0,0,0,0,0,Jordan Benson,True
1499_02,Earth,False,G/165/P,55 Cancri e,10.9,False,263,864,351,1233,1405,Mila Benson,False
1500_01,Mars,False,B/49/P,PSO J318.5-22,34.4,False,4,33,1168,350,582,Ethan Zhao,False
1500_02,Europa,True,E/104/S,TRAPPIST-1e,29.5,True,0,0,0,0,0,Priya Kaur,False
1501_01,Earth,True,B/102/S,TRAPPIST-1e,29.2,False,0,0,0,0,0,Hiro Tanaka,True
1501_02,Earth,True,D/61/P,TRAPPIST-1e,7.0,False,0,0,0,0,0,Nova Stark,True
1502_01,Earth,True,F/47/P,55 Cancri e,10.8,False,0,0,0,0,0,Ethan Zhao,False
1502_02,Earth,False,B/59/P,55 Cancri e,30.4,False,451,1451,82,1241,737,Lara Xel'Naga,True
1503_01,Earth,False,A/155/P,PSO J318.5-22,30.9,True,419,338,776,710,986,Aria Lin,False
1503_02,Earth,False,C/69/S,TRAPPIST-1e,9.2,False,958,1442,1230,685,1288,Mila Benson,False
1504_01,Mars,False,E/177/P,TRAPPIST-1e,17.7,False,372,1282,993,530,923,Remy Vivaldi,True
1504_02,Earth,False,D/73/P,TRAPPIST-1e,7.5,False,22,103,240,1004,902,Lara Xel'Naga,False
1505_01,Mars,False,F/200/P,TRAPPIST-1e,24.4,False,306,7,1092,574,1091,Ilya Komarov,False
1505_02,Earth,False,D/186/P,TRAPPIST-1e,7.6,False,911,1431,517,1142,1054,Kai Vega,False
1506_01,Earth,False,D/1/P,55 Cancri e,23.0,False,578,386,411,1393,1376,Remy Vivaldi,False
1506_02,Earth,False,C/44/S,TRAPPIST-1e,30.9,False,1359,890,905,1312,962,Jordan Benson,False
1507_01,Earth,False,G/182/S,PSO J318.5-22,46.6,False,1036,663,1451,824,399,Ilya Komarov,True
1507_02,Europa,False,D/122/S,55 Cancri e,10.3,False,991,1132,1379,148,306,Ilya Komarov,False
1508_01,Mars,False,A/111/P,TRAPPIST-1e,25.0,False,874,381,244,1096,1472,Remy Vivaldi,False
1508_02,Earth,False,F/92/S,TRAPPIST-1e,28.9,False,1099,697,589,389,1365,Ethan Zhao,True
1509_01,Europa,False,C/153/S,PSO J318.5-22,32.0,False,425,1029,5,190,147,Jordan Benson,False
1509_02,Earth,False,F/198/S,PSO J318.5-22,34.0,False,404,257,729,89,823,Priya Kaur,False
1510_01,Europa,False,C/154/S,TRAPPIST-1e,40.2,False,837,1174,987,624,29,Hiro Tanaka,False
1510_02,Earth,True,C/153/P,TRAPPIST-1e,22.2,False,0,0,0,0,0,Leo Stark,True
1511_01,Earth,True,B/152/S,TRAPPIST-1e,24.4,False,0,0,0,0,0,Jordan Benson,True
1511_02,Mars,False,E/167/P,PSO J318.5-22,48.3,False,1195,21,1310,390,616,Jordan Benson,False
1512_01,Earth,False,C/59/S,TRAPPIST-1e,28.6,True,171,46,625,206,452,Jordan Benson,True
1512_02,Mars,False,F/42/P,TRAPPIST-1e,25.2,False,1418,924,753,1324,707,Priya Kaur,False
1513_01,Earth,False,C/45/P,TRAPPIST-1e,16.3,False,782,1133,683,962,863,Ilya Komarov,False
1513_02,Europa,False,G/132/P,TRAPPIST-1e,36.1,False,1225,167,85,848,1074,Priya Kaur,False
1514_01,Europa,False,C/169/S,TRAPPIST-1e,19.3,False,270,343,1206,502,1033,Mila Benson,False
1514_02,Earth,False,B/179/S,55 Cancri e,27.7,False,493,1257,1321,243,1374,Leo Stark,False
1515_01,Europa,False,E/138/S,TRAPPIST-1e,18.3,True,200,238,1357,914,1438,Aria Lin,False
1515_02,Mars,False,E/69/S,TRAPPIST-1e,18.5,False,968,483,1460,245,1031,Priya Kaur,True
1516_01,Earth,False,G/114/P,TRAPPIST-1e,16.7,False,943,85,1078,445,619,Jordan Benson,True
1516_02,Mars,True,B/107/P,TRAPPIST-1e,20.5,False,0,0,0,0,0,Mila Benson,True
1517_01,Earth,False,C/188/S,PSO J318.5-22,22.6,False,903,1408,987,1221,46,Kai Vega,False
1517_02,Europa,False,D/83/S,PSO J318.5-22,26.2,False,756,1226,1284,689,1047,Ilya Komarov,False
1518_01,Earth,True,D/71/P,TRAPPIST-1e,43.1,False,0,0,0,0,0,Priya Kaur,True
1518_02,Mars,False,D/136/P,TRAPPIST-1e,12.4,False,1109,849,429,30,602,Nova Stark,True
1519_01,Mars,False,C/28/P,TRAPPIST-1e,22.6,False,411,527,309,948,1419,Kai Vega,True
1519_02,Europa,False,E/121/S,TRAPPIST-1e,24.6,False,1361,673,436,703,662,Remy Vivaldi,True
1520_01,Mars,False,D/5/P,TRAPPIST-1e,25.3,False,175,1172,1201,935,381,Mila Benson,False
1520_02,Mars,True,B/105/P,TRAPPIST-1e,26.7,False,0,0,0,0,0,Kai Vega,False
1521_01,Earth,True,B/132/S,TRAPPIST-1e,20.8,False,0,0,0,0,0,Ethan Zhao,True
1521_02,Earth,False,F/137/P,TRAPPIST-1e,27.0,False,305,1401,601,342,155,Kai Vega,False
1522_01,Earth,True,E/4/S,PSO J318.5-22,12.0,False,0,0,0,0,0,Hiro Tanaka,True
1522_02,Mars,False,G/148/S,TRAPPIST-1e,9.9,False,1223,402,613,796,622,Nova Stark,False
1523_01,Mars,True,B/93/S,PSO J318.5-22,12.3,False,0,0,0,0,0,Mila Benson,True
1523_02,Earth,False,C/193/S,PSO J318.5-22,19.7,False,448,742,300,706,306,Kai Vega,False
1524_01,Earth,False,D/164/P,55 Cancri e,59.5,False,1290,213,482,1285,1090,Mila Benson,False
1524_02,Europa,False,G/141/P,TRAPPIST-1e,39.1,False,132,511,210,987,986,Leo Stark,True
1525_01,Europa,False,C/38/P,TRAPPIST-1e,20.7,False,628,1428,986,45,1477,Nova Stark,False
1525_02,Europa,False,B/86/S,PSO J318.5-22,17.2,False,304,232,244,759,1318,Mila Benson,False
1526_01,Earth,True,B/25/S,PSO J318.5-22,31.4,False,0,0,0,0,0,Kai Vega,True
1526_02,Mars,False,C/30/S,TRAPPIST-1e,26.7,False,1024,216,927,506,760,Leo Stark,False
1527_01,Europa,False,B/52/P,55 Cancri e,23.7,False,519,274,491,826,950,Ethan Zhao,True
1527_02,Europa,False,F/134/S,PSO J318.5-22,27.1,False,925,846,1059,1334,1067,Kai Vega,True
1528_01,Mars,True,F/197/P,TRAPPIST-1e,17.4,False,0,0,0,0,0,Leo Stark,True
1528_02,Europa,False,E/97/S,TRAPPIST-1e,34.2,False,1461,1455,38,238,1036,Ilya Komarov,True
1529_01,Mars,True,G/114/P,PSO J318.5-22,29.3,True,0,0,0,0,0,Leo Stark,True
1529_02,Europa,True,F/175/P,TRAPPIST-1e,19.5,False,0,0,0,0,0,Priya Kaur,False
1530_01,Europa,True,E/129/P,TRAPPIST-1e,17.3,False,0,0,0,0,0,Leo Stark,False
1530_02,Earth,False,D/160/P,55 Cancri e,18.2,False,206,518,241,1137,818,Remy Vivaldi,True
1531_01,Europa,True,F/122/P,55 Cancri e,34.5,False,0,0,0,0,0,Hiro Tanaka,True
1531_02,Earth,False,B/121/P,TRAPPIST-1e,31.2,False,700,1383,287,153,422,Leo Stark,False
1532_01,Earth,False,F/139/S,TRAPPIST-1e,22.9,False,563,853,882,661,564,Priya Kaur,True
1532_02,Mars,False,E/83/S,TRAPPIST-1e,29.3,False,212,1089,1255,810,849,Ilya Komarov,False
1533_01,Earth,False,E/135/P,55 Cancri e,17.1,False,1088,1155,333,31,867,Aria Lin,True
1533_02,Mars,False,D/132/P,TRAPPIST-1e,26.8,False,897,1266,1215,1165,600,Nova Stark,False
1534_01,Earth,False,C/95/S,TRAPPIST-1e,24.3,False,1439,519,868,15,1129,Priya Kaur,True
1534_02,Earth,False,D/106/P,55 Cancri e,29.8,True,282,1127,360,1058,112,Lara Xel'Naga,False
1535_01,Europa,False,A/39/P,55 Cancri e,19.6,False,1104,833,1392,241,30,Jordan Benson,True
1535_02,Europa,False,E/8/S,PSO J318.5-22,31.7,False,703,868,1384,232,1057,Priya Kaur,True
1536_01,Mars,False,E/134/S,PSO J318.5-22,18.1,False,1101,717,301,802,896,Jordan Benson,False
1536_02,Earth,False,A/167/S,TRAPPIST-1e,31.8,False,111,1436,316,1168,667,Leo Stark,False
1537_01,Europa,True,A/13/S,55 Cancri e,9.9,False,0,0,0,0,0,Ilya Komarov,True
1537_02,Europa,False,D/142/P,TRAPPIST-1e,34.4,False,17,1374,1178,777,359,Ethan Zhao,False
1538_01,Mars,False,E/117/P,TRAPPIST-1e,46.1,False,1098,211,640,282,1218,Mila Benson,False
1538_02,Earth,False,E/106/P,TRAPPIST-1e,28.8,False,779,1053,1032,1332,1468,Ethan Zhao,False
1539_01,Mars,False,F/26/P,PSO J318.5-22,25.0,False,590,90,455,443,78,Remy Vivaldi,True
1539_02,Earth,False,A/175/S,55 Cancri e,38.1,False,1498,926,102,622,1479,Mila Benson,False
1540_01,Europa,True,D/159/P,55 Cancri e,42.3,False,0,0,0,0,0,Kai Vega,True
1540_02,Earth,False,E/138/P,TRAPPIST-1e,32.8,False,643,1258,789,386,846,Kai Vega,True
1541_01,Mars,False,F/180/P,PSO J318.5-22,11.9,False,240,1049,561,805,297,Remy Vivaldi,False
1541_02,Earth,False,B/103/S,TRAPPIST-1e,31.8,False,804,153,731,467,48,Leo Stark,False
1542_01,Europa,False,A/191/P,55 Cancri e,29.9,False,779,81,1067,954,272,Ilya Komarov,False
1542_02,Mars,True,B/60/S,PSO J318.5-22,26.4,False,0,0,0,0,0,Nova Stark,True
1543_01,Earth,True,D/148/S,TRAPPIST-1e,26.3,False,0,0,0,0,0,Remy Vivaldi,False
1543_02,Mars,False,D/77/P,TRAPPIST-1e,27.6,False,57,564,0,215,1340,Lara Xel'Naga,False
1544_01,Mars,True,D/130/P,TRAPPIST-1e,27.8,False,0,0,0,0,0,Ilya Komarov,True
1544_02,Europa,False,E/181/P,PSO J318.5-22,29.0,False,914,1481,94,492,764,Jordan Benson,False
1545_01,Mars,False,B/182/P,TRAPPIST-1e,48.6,False,1238,398,409,130,854,Jordan Benson,False
1545_02,Mars,False,F/78/P,TRAPPIST-1e,19.6,False,147,380,1132,551,1144,Kai Vega,True
1546_01,Europa,False,E/89/S,55 Cancri e,27.3,False,168,709,1166,36,1284,Leo Stark,False
1546_02,Earth,False,B/77/S,TRAPPIST-1e,32.3,False,230,253,328,1320,979,Ethan Zhao,True
1547_01,Earth,False,C/191/S,55 Cancri e,37.6,False,1253,77,1448,192,400,Jordan Benson,False
1547_02,Mars,True,E/30/S,TRAPPIST-1e,21.3,False,0,0,0,0,0,Nova Stark,True
1548_01,Earth,False,A/132/P,TRAPPIST-1e,30.6,False,328,362,1401,1364,258,Jordan Benson,False
1548_02,Earth,False,A/59/S,TRAPPIST-1e,22.1,False,1358,84,307,261,796,Leo Stark,False
1549_01,Earth,False,C/144/P,PSO J318.5-22,20.2,False,1475,1274,323,924,1252,Ilya Komarov,True
1549_02,Europa,False,E/185/P,55 Cancri e,25.4,False,1320,726,1260,977,216,Aria Lin,False
1550_01,Earth,False,G/8/P,55 Cancri e,36.4,False,318,993,1455,1427,36,Aria Lin,False
1550_02,Europa,True,F/166/S,PSO J318.5-22,30.9,False,0,0,0,0,0,Jordan Benson,True
1551_01,Earth,False,D/118/P,55 Cancri e,36.4,False,898,1388,1222,600,759,Leo Stark,False
1551_02,Earth,True,C/192/S,TRAPPIST-1e,48.7,False,0,0,0,0,0,Mila Benson,True
1552_01,Earth,True,F/57/S,PSO J318.5-22,32.2,False,0,0,0,0,0,Mila Benson,True
1552_02,Earth,False,D/142/P,55 Cancri e,16.7,False,392,1267,1255,909,191,Hiro Tanaka,False
1553_01,Earth,False,D/158/P,TRAPPIST-1e,10.6,False,737,76,734,883,1190,Kai Vega,True
1553_02,Mars,True,C/7/P,TRAPPIST-1e,21.1,False,0,0,0,0,0,Nova Stark,True
1554_01,Earth,False,C/112/S,TRAPPIST-1e,30.1,False,648,1179,249,94,16,Leo Stark,False
1554_02,Earth,False,B/126/P,TRAPPIST-1e,21.0,False,116,982,332,1103,645,Hiro Tanaka,False
1555_01,Europa,False,F/98/S,TRAPPIST-1e,45.5,False,371,759,876,976,155,Lara Xel'Naga,False
1555_02,Mars,False,D/68/P,TRAPPIST-1e,22.2,False,613,1036,507,464,782,Mila Benson,True
1556_01,Mars,False,B/191/S,TRAPPIST-1e,12.3,False,116,330,55,1374,1155,Ethan Zhao,False
1556_02,Earth,False,F/66/S,55 Cancri e,22.6,False,1249,307,1498,221,1196,Priya Kaur,False
1557_01,Earth,False,C/121/P,TRAPPIST-1e,28.8,False,1180,150,1201,111,682,Nova Stark,True
1557_02,Europa,False,A/96/S,TRAPPIST-1e,29.6,False,1161,1256,331,892,1330,Remy Vivaldi,True
1558_01,Earth,True,F/151/S,55 Cancri e,12.8,False,0,0,0,0,0,Hiro Tanaka,False
1558_02,Earth,True,G/177/P,TRAPPIST-1e,21.3,True,0,0,0,0,0,Nova Stark,True
1559_01,Mars,False,D/109/P,55 Cancri e,31.4,False,1059,302,437,725,1055,Ethan Zhao,False
1559_02,Mars,False,A/26/S,TRAPPIST-1e,35.4,False,185,1197,672,1273,1000,Remy Vivaldi,False
1560_01,Earth,True,A/65/P,55 Cancri e,51.8,False,0,0,0,0,0,Leo Stark,True
1560_02,Earth,False,A/125/P,55 Cancri e,28.5,False,1025,1217,1189,1010,924,Mila Benson,False
1561_01,Mars,False,C/109/S,TRAPPIST-1e,35.3,False,998,284,420,112,1017,Ilya Komarov,False
1561_02,Mars,False,F/1/P,55 Cancri e,41.8,False,227,1494,527,495,30,Aria Lin,True
1562_01,Europa,True,C/46/P,TRAPPIST-1e,29.2,False,0,0,0,0,0,Mila Benson,True
1562_02,Earth,True,E/111/S,PSO J318.5-22,20.7,False,0,0,0,0,0,Nova Stark,False
1563_01,Earth,False,G/36/P,TRAPPIST-1e,23.6,False,503,720,683,581,1057,Jordan Benson,True
1563_02,Earth,True,D/123/P,TRAPPIST-1e,30.9,False,0,0,0,0,0,Kai Vega,True
1564_01,Europa,False,A/25/S,55 Cancri e,16.0,False,753,1446,1491,23,1239,Remy Vivaldi,False
1564_02,Mars,True,B/35/S,TRAPPIST-1e,21.5,True,0,0,0,0,0,Nova Stark,True
1565_01,Europa,True,F/46/P,TRAPPIST-1e,22.0,False,0,0,0,0,0,Aria Lin,True
1565_02,Europa,False,G/12/P,TRAPPIST-1e,8.0,False,326,969,185,494,1035,Kai Vega,False
1566_01,Earth,True,A/50/P,PSO J318.5-22,6.1,False,0,0,0,0,0,Lara Xel'Naga,True
1566_02,Earth,False,B/63/S,TRAPPIST-1e,13.8,False,207,132,1362,1219,1285,Leo Stark,False
1567_01,Earth,True,C/48/S,TRAPPIST-1e,30.0,False,0,0,0,0,0,Kai Vega,True
1567_02,Mars,False,B/68/S,55 Cancri e,38.7,False,1206,422,1032,243,781,Lara Xel'Naga,False
1568_01,Europa,False,C/64/S,PSO J318.5-22,29.5,False,36,177,638,851,71,Aria Lin,False
1568_02,Earth,True,E/141/S,TRAPPIST-1e,44.0,False,0,0,0,0,0,Remy Vivaldi,True
1569_01,Europa,True,F/46/S,TRAPPIST-1e,16.7,False,0,0,0,0,0,Nova Stark,True
1569_02,Earth,True,G/100/P,TRAPPIST-1e,15.5,False,0,0,0,0,0,Aria Lin,True
1570_01,Europa,False,D/77/P,TRAPPIST-1e,19.9,False,862,1397,517,1283,298,Nova Stark,True
1570_02,Mars,False,F/95/P,TRAPPIST-1e,24.5,False,860,41,770,896,491,Kai Vega,False
1571_01,Mars,False,C/171/P,TRAPPIST-1e,29.0,False,1081,990,710,208,1271,Hiro Tanaka,False
1571_02,Europa,False,B/196/S,PSO J318.5-22,27.2,False,1234,38,1275,925,761,Kai Vega,True
1572_01,Europa,False,D/127/P,TRAPPIST-1e,34.6,False,51,373,930,155,1113,Ilya Komarov,True
1572_02,Europa,False,F/179/S,TRAPPIST-1e,30.3,False,678,350,68,1186,1265,Priya Kaur,False
1573_01,Earth,True,F/74/S,55 Cancri e,18.7,False,0,0,0,0,0,Ethan Zhao,True
1573_02,Europa,False,D/26/S,PSO J318.5-22,45.7,False,62,508,291,1114,1447,Kai Vega,False
1574_01,Europa,False,E/156/P,55 Cancri e,37.4,False,1294,880,1139,703,515,Remy Vivaldi,False
1574_02,Mars,True,D/132/P,PSO J318.5-22,27.4,False,0,0,0,0,0,Mila Benson,True
1575_01,Mars,False,D/34/S,TRAPPIST-1e,21.1,False,29,1166,325,948,15,Lara Xel'Naga,False
1575_02,Europa,True,A/71/S,55 Cancri e,23.4,False,0,0,0,0,0,Ethan Zhao,True
1576_01,Earth,False,C/147/P,TRAPPIST-1e,24.1,False,378,161,282,268,483,Jordan Benson,False
1576_02,Mars,False,E/197/S,PSO J318.5-22,20.1,False,666,1096,1220,1266,597,Lara Xel'Naga,False
1577_01,Earth,False,F/149/P,TRAPPIST-1e,30.0,False,425,996,1240,866,85,Kai Vega,False
1577_02,Mars,True,G/49/P,55 Cancri e,29.9,False,0,0,0,0,0,Hiro Tanaka,False
1578_01,Europa,False,C/3/P,TRAPPIST-1e,21.3,False,958,881,991,414,598,Kai Vega,False
1578_02,Europa,True,F/29/P,PSO J318.5-22,38.7,False,0,0,0,0,0,Leo Stark,True
1579_01,Mars,False,E/105/S,PSO J318.5-22,10.9,True,419,663,94,1465,972,Aria Lin,False
1579_02,Earth,True,B/154/P,TRAPPIST-1e,31.9,False,0,0,0,0,0,Leo Stark,True
1580_01,Mars,False,E/8/P,TRAPPIST-1e,10.5,False,411,399,527,1041,135,Remy Vivaldi,False
1580_02,Earth,False,A/195/P,TRAPPIST-1e,24.7,False,1487,758,1271,842,709,Kai Vega,False
1581_01,Earth,False,F/108/S,PSO J318.5-22,17.9,False,1483,805,475,953,848,Aria Lin,True
1581_02,Earth,True,G/145/S,TRAPPIST-1e,12.7,False,0,0,0,0,0,Jordan Benson,False
1582_01,Mars,False,A/19/S,55 Cancri e,29.1,False,1207,190,73,622,1126,Leo Stark,True
1582_02,Earth,False,F/152/P,PSO J318.5-22,26.7,True,870,585,419,472,113,Kai Vega,False
1583_01,Earth,False,A/39/S,55 Cancri e,23.0,False,237,1196,78,463,604,Leo Stark,False
1583_02,Earth,False,A/159/P,TRAPPIST-1e,39.1,False,561,284,222,592,1289,Jordan Benson,False
1584_01,Europa,True,E/191/S,TRAPPIST-1e,41.4,False,0,0,0,0,0,Lara Xel'Naga,False
1584_02,Earth,False,A/109/P,PSO J318.5-22,26.1,False,827,235,670,827,762,Aria Lin,True
1585_01,Europa,True,E/98/P,TRAPPIST-1e,27.3,False,0,0,0,0,0,Ilya Komarov,True
1585_02,Europa,False,G/127/P,TRAPPIST-1e,26.4,False,419,51,818,204,1000,Ethan Zhao,True
1586_01,Europa,False,G/5/P,TRAPPIST-1e,13.5,False,245,186,1360,1282,865,Aria Lin,False
1586_02,Earth,False,E/143/P,TRAPPIST-1e,10.1,False,39,600,961,1441,985,Lara Xel'Naga,False
1587_01,Mars,False,C/82/P,55 Cancri e,34.3,False,532,988,357,377,171,Jordan Benson,False
1587_02,Europa,True,D/122/S,55 Cancri e,20.3,False,0,0,0,0,0,Leo Stark,True
1588_01,Earth,True,G/21/P,PSO J318.5-22,19.1,False,0,0,0,0,0,Hiro Tanaka,False
1588_02,Europa,False,A/148/S,TRAPPIST-1e,40.0,False,1259,1433,548,783,331,Lara Xel'Naga,True
1589_01,Earth,False,A/182/P,TRAPPIST-1e,27.4,False,282,861,112,1478,1353,Remy Vivaldi,False
1589_02,Mars,False,D/170/P,TRAPPIST-1e,27.3,False,1278,1422,861,609,507,Priya Kaur,True
1590_01,Mars,False,C/45/S,PSO J318.5-22,21.0,False,608,1121,289,867,1179,Jordan Benson,True
1590_02,Europa,False,D/185/P,PSO J318.5-22,29.5,False,781,161,623,716,1120,Priya Kaur,False
1591_01,Europa,True,E/92/S,TRAPPIST-1e,19.1,False,0,0,0,0,0,Priya Kaur,True
1591_02,Europa,True,A/8/S,TRAPPIST-1e,31.7,False,0,0,0,0,0,Aria Lin,True
1592_01,Earth,False,C/170/S,TRAPPIST-1e,43.7,False,1212,1499,1346,595,1203,Priya Kaur,True
1592_02,Earth,False,B/115/P,55 Cancri e,29.1,False,1204,958,1012,1310,474,Leo Stark,True
1593_01,Europa,False,C/7/S,TRAPPIST-1e,18.7,False,180,724,468,20,1298,Ilya Komarov,True
1593_02,Earth,True,G/168/S,TRAPPIST-1e,34.7,False,0,0,0,0,0,Mila Benson,False
1594_01,Mars,False,D/47/S,TRAPPIST-1e,36.7,False,1436,536,951,765,958,Priya Kaur,False
1594_02,Earth,False,A/164/S,55 Cancri e,42.6,False,933,850,1280,1191,532,Mila Benson,False
1595_01,Europa,True,B/138/P,TRAPPIST-1e,23.4,False,0,0,0,0,0,Lara Xel'Naga,True
1595_02,Europa,True,C/169/P,TRAPPIST-1e,24.9,False,0,0,0,0,0,Priya Kaur,True
1596_01,Earth,False,C/4/S,55 Cancri e,39.4,False,387,756,454,712,704,Lara Xel'Naga,False
1596_02,Mars,False,E/153/S,TRAPPIST-1e,29.1,True,847,1333,1150,174,1157,Jordan Benson,True
1597_01,Europa,False,D/155/P,TRAPPIST-1e,28.3,False,278,757,362,170,1074,Jordan Benson,False
1597_02,Earth,False,A/199/S,TRAPPIST-1e,34.8,False,1351,664,591,930,1168,Ilya Komarov,False
1598_01,Earth,False,E/152/P,TRAPPIST-1e,34.1,False,507,362,1348,847,654,Leo Stark,True
1598_02,Europa,False,F/93/S,55 Cancri e,31.2,False,297,493,545,303,1490,Hiro Tanaka,False
1599_01,Mars,True,B/139/P,TRAPPIST-1e,29.3,True,0,0,0,0,0,Kai Vega,True
1599_02,Earth,False,F/85/P,TRAPPIST-1e,17.4,False,409,725,1387,1046,317,Nova Stark,False
1600_01,Earth,False,E/195/P,PSO J318.5-22,38.5,False,1252,1131,800,915,1199,Ilya Komarov,False
1600_02,Mars,True,F/33/P,TRAPPIST-1e,38.1,False,0,0,0,0,0,Priya Kaur,True
1601_01,Europa,True,D/57/S,55 Cancri e,47.2,False,0,0,0,0,0,Priya Kaur,True
1601_02,Earth,False,B/119/P,PSO J318.5-22,18.5,False,752,656,1379,1037,1298,Remy Vivaldi,False
1602_01,Europa,False,F/114/S,TRAPPIST-1e,26.7,False,927,105,769,892,195,Leo Stark,False
1602_02,Earth,False,C/142/S,TRAPPIST-1e,14.6,False,144,1373,1447,470,215,Nova Stark,False
1603_01,Earth,False,A/140/S,TRAPPIST-1e,29.8,False,284,483,371,69,378,Ethan Zhao,True
1603_02,Mars,False,D/146/P,PSO J318.5-22,37.1,False,1302,301,254,943,691,Lara Xel'Naga,False
1604_01,Mars,False,D/18/P,TRAPPIST-1e,29.0,False,423,212,99,1135,307,Ilya Komarov,True
1604_02,Mars,False,C/114/P,TRAPPIST-1e,11.9,False,677,474,111,1110,182,Lara Xel'Naga,False
1605_01,Earth,False,D/170/P,TRAPPIST-1e,22.3,False,89,454,237,533,726,Priya Kaur,True
1605_02,Mars,True,A/132/S,TRAPPIST-1e,36.7,False,0,0,0,0,0,Leo Stark,True
1606_01,Earth,False,G/102/S,TRAPPIST-1e,41.9,False,617,401,1005,841,838,Ilya Komarov,False
1606_02,Earth,False,G/3/S,PSO J318.5-22,25.9,False,518,196,45,529,1420,Ethan Zhao,True
1607_01,Earth,True,C/132/P,PSO J318.5-22,37.3,True,0,0,0,0,0,Jordan Benson,True
1607_02,Earth,False,F/85/S,TRAPPIST-1e,30.2,False,632,687,574,295,1107,Leo Stark,False
1608_01,Earth,False,C/118/S,55 Cancri e,33.2,False,377,462,12,535,1191,Leo Stark,True
1608_02,Mars,False,D/4/P,TRAPPIST-1e,6.0,False,269,1093,1341,375,1112,Ilya Komarov,True
1609_01,Europa,True,F/37/S,PSO J318.5-22,24.0,False,0,0,0,0,0,Nova Stark,True
1609_02,Earth,False,C/164/P,55 Cancri e,31.1,False,1283,1302,1308,609,916,Mila Benson,True
1610_01,Earth,False,D/48/P,55 Cancri e,11.5,False,1302,747,442,896,398,Ilya Komarov,True
1610_02,Earth,False,G/34/P,TRAPPIST-1e,18.0,False,1151,1360,481,947,185,Ilya Komarov,False
1611_01,Europa,True,A/92/P,55 Cancri e,17.7,False,0,0,0,0,0,Leo Stark,True
1611_02,Earth,False,G/2/S,TRAPPIST-1e,27.2,False,520,1494,160,1312,339,Nova Stark,False
1612_01,Earth,True,B/151/P,55 Cancri e,33.3,True,0,0,0,0,0,Priya Kaur,True
1612_02,Mars,True,B/12/S,TRAPPIST-1e,10.2,False,0,0,0,0,0,Mila Benson,True
1613_01,Earth,False,B/96/P,55 Cancri e,44.4,False,1486,703,1176,822,784,Jordan Benson,False
1613_02,Earth,True,A/48/S,55 Cancri e,18.4,False,0,0,0,0,0,Lara Xel'Naga,True
1614_01,Earth,False,F/174/S,PSO J318.5-22,25.6,False,1475,515,1499,1286,1482,Priya Kaur,False
1614_02,Mars,False,C/1/S,55 Cancri e,12.1,False,535,740,780,1318,1458,Lara Xel'Naga,True
1615_01,Earth,False,C/187/P,TRAPPIST-1e,24.9,False,203,988,660,74,1403,Jordan Benson,False
1615_02,Europa,False,D/137/P,TRAPPIST-1e,25.9,False,740,303,1085,569,785,Kai Vega,False
1616_01,Earth,False,D/4/P,PSO J318.5-22,31.4,False,86,1204,1048,1411,221,Nova Stark,True
1616_02,Europa,False,A/21/S,55 Cancri e,31.6,False,989,396,937,510,560,Leo Stark,False
1617_01,Earth,True,B/169/S,PSO J318.5-22,36.6,False,0,0,0,0,0,Leo Stark,True
1617_02,Earth,False,B/142/P,PSO J318.5-22,23.8,False,310,1297,34,216,720,Ilya Komarov,False
1618_01,Mars,False,G/185/P,TRAPPIST-1e,33.7,False,268,637,474,1348,1379,Jordan Benson,False
1618_02,Mars,False,E/175/S,TRAPPIST-1e,37.6,False,89,1065,1388,1225,1389,Ilya Komarov,False
1619_01,Earth,False,B/39/P,PSO J318.5-22,25.7,False,480,636,500,51,102,Priya Kaur,False
1619_02,Earth,True,B/97/S,PSO J318.5-22,32.3,False,0,0,0,0,0,Leo Stark,True
1620_01,Mars,True,C/39/S,TRAPPIST-1e,19.6,True,0,0,0,0,0,Mila Benson,False
1620_02,Earth,False,C/198/P,55 Cancri e,24.0,False,469,1489,1327,426,109,Hiro Tanaka,False
1621_01,Earth,False,F/179/P,TRAPPIST-1e,36.8,False,67,1269,388,307,1375,Leo Stark,False
1621_02,Europa,False,G/98/S,PSO J318.5-22,33.2,False,1089,459,346,324,666,Ilya Komarov,False
1622_01,Mars,False,A/126/P,PSO J318.5-22,18.2,False,191,1236,427,1374,1131,Nova Stark,False
1622_02,Earth,False,E/36/P,TRAPPIST-1e,21.9,False,1263,215,176,1353,560,Kai Vega,False
1623_01,Earth,False,G/91/P,PSO J318.5-22,25.2,False,1470,178,394,1168,875,Kai Vega,True
1623_02,Mars,False,B/95/P,TRAPPIST-1e,21.6,False,961,197,968,1107,668,Kai Vega,False
1624_01,Mars,True,G/64/S,TRAPPIST-1e,33.6,False,0,0,0,0,0,Nova Stark,False
1624_02,Mars,False,D/67/S,55 Cancri e,38.6,False,71,222,275,1269,1364,Leo Stark,True
1625_01,Earth,False,E/74/S,TRAPPIST-1e,32.6,True,968,6,187,3,906,Leo Stark,False
1625_02,Earth,True,D/149/P,55 Cancri e,27.3,False,0,0,0,0,0,Leo Stark,True
1626_01,Earth,False,B/173/P,55 Cancri e,31.8,False,920,1179,851,934,900,Ilya Komarov,False
1626_02,Europa,False,E/60/S,PSO J318.5-22,26.3,True,398,1369,1218,167,376,Ilya Komarov,False
1627_01,Earth,True,C/36/P,TRAPPIST-1e,42.6,False,0,0,0,0,0,Kai Vega,True
1627_02,Europa,False,A/48/P,TRAPPIST-1e,29.3,False,588,1194,1429,1230,1177,Ilya Komarov,False
1628_01,Europa,False,F/172/P,TRAPPIST-1e,23.9,False,1430,1130,172,505,1153,Ilya Komarov,False
1628_02,Mars,False,B/96/P,55 Cancri e,32.9,False,397,293,551,1470,849,Aria Lin,True
1629_01,Earth,True,F/157/P,TRAPPIST-1e,38.2,False,0,0,0,0,0,Priya Kaur,True
1629_02,Earth,False,B/114/P,PSO J318.5-22,33.9,False,1003,1226,133,770,507,Hiro Tanaka,False
1630_01,Earth,False,F/102/S,TRAPPIST-1e,27.3,False,1365,625,158,160,1277,Ilya Komarov,True
1630_02,Earth,False,B/172/P,55 Cancri e,25.2,False,939,154,485,431,1050,Mila Benson,True
1631_01,Earth,False,G/39/P,TRAPPIST-1e,33.8,False,95,214,193,1313,884,Ethan Zhao,False
1631_02,Earth,False,C/33/S,TRAPPIST-1e,23.6,False,38,938,938,205,941,Priya Kaur,True
1632_01,Europa,True,G/116/S,TRAPPIST-1e,25.9,False,0,0,0,0,0,Priya Kaur,True
1632_02,Europa,False,D/128/P,PSO J318.5-22,19.8,False,770,248,1097,372,878,Mila Benson,False
1633_01,Europa,False,E/74/S,55 Cancri e,31.6,False,701,137,947,456,813,Priya Kaur,False
1633_02,Mars,True,F/14/P,TRAPPIST-1e,50.1,False,0,0,0,0,0,Hiro Tanaka,True
1634_01,Earth,False,B/96/P,PSO J318.5-22,41.8,False,352,995,793,410,677,Mila Benson,True
1634_02,Earth,True,A/122/S,55 Cancri e,28.4,False,0,0,0,0,0,Ethan Zhao,True
1635_01,Mars,False,B/135/P,TRAPPIST-1e,14.0,False,418,449,994,1138,50,Jordan Benson,True
1635_02,Earth,True,A/90/S,TRAPPIST-1e,31.6,False,0,0,0,0,0,Nova Stark,True
1636_01,Earth,False,B/134/P,TRAPPIST-1e,28.2,False,209,887,997,992,849,Remy Vivaldi,False
1636_02,Mars,False,E/13/P,TRAPPIST-1e,27.5,False,626,678,1458,776,1250,Mila Benson,True
1637_01,Mars,False,C/98/S,55 Cancri e,30.1,False,753,1383,1352,1063,181,Ilya Komarov,False
1637_02,Earth,True,E/10/P,55 Cancri e,31.9,False,0,0,0,0,0,Aria Lin,True
1638_01,Europa,False,E/166/P,55 Cancri e,46.5,False,1142,1405,945,257,508,Leo Stark,True
1638_02,Mars,False,D/109/S,TRAPPIST-1e,39.9,False,91,1184,148,116,457,Hiro Tanaka,False
1639_01,Mars,False,E/189/P,PSO J318.5-22,36.5,False,773,233,1398,196,24,Leo Stark,True
1639_02,Earth,False,G/8/S,55 Cancri e,19.5,False,394,713,1059,1497,222,Remy Vivaldi,True
1640_01,Europa,False,E/90/S,TRAPPIST-1e,19.7,False,1425,256,653,1159,590,Lara Xel'Naga,False
1640_02,Earth,False,B/64/P,TRAPPIST-1e,24.7,False,443,417,1315,573,128,Leo Stark,False
1641_01,Earth,False,G/180/S,TRAPPIST-1e,32.7,False,991,99,38,262,149,Jordan Benson,False
1641_02,Mars,False,D/110/S,PSO J318.5-22,27.4,False,689,812,1353,1143,218,Mila Benson,False
1642_01,Europa,True,B/132/S,TRAPPIST-1e,39.9,False,0,0,0,0,0,Ilya Komarov,True
1642_02,Europa,False,E/144/P,TRAPPIST-1e,25.3,False,243,885,586,517,1044,Aria Lin,False
1643_01,Europa,False,B/82/P,55 Cancri e,31.6,False,855,465,98,829,1386,Kai Vega,False
1643_02,Earth,True,E/120/P,TRAPPIST-1e,28.7,False,0,0,0,0,0,Hiro Tanaka,False
1644_01,Earth,False,G/3/S,PSO J318.5-22,50.8,False,579,184,521,263,1248,Priya Kaur,False
1644_02,Earth,False,G/122/S,55 Cancri e,20.7,False,1061,1002,122,1179,300,Jordan Benson,True
1645_01,Europa,False,B/82/P,PSO J318.5-22,32.7,False,660,1428,1472,1154,68,Aria Lin,False
1645_02,Mars,True,G/155/P,TRAPPIST-1e,29.0,False,0,0,0,0,0,Jordan Benson,True
1646_01,Earth,False,F/72/P,TRAPPIST-1e,35.2,False,581,1158,110,998,757,Kai Vega,False
1646_02,Europa,False,C/190/S,PSO J318.5-22,36.5,False,282,193,966,1070,977,Ilya Komarov,True
1647_01,Europa,False,G/183/S,TRAPPIST-1e,30.9,False,1393,800,902,130,1293,Hiro Tanaka,False
1647_02,Earth,False,F/157/S,TRAPPIST-1e,39.7,False,813,60,163,271,132,Leo Stark,False
1648_01,Mars,True,E/157/S,55 Cancri e,10.8,False,0,0,0,0,0,Remy Vivaldi,True
1648_02,Earth,True,E/183/S,TRAPPIST-1e,23.9,False,0,0,0,0,0,Kai Vega,False
1649_01,Europa,False,F/94/P,PSO J318.5-22,39.8,False,616,473,58,588,498,Remy Vivaldi,False
1649_02,Earth,True,A/149/P,PSO J318.5-22,12.3,False,0,0,0,0,0,Hiro Tanaka,True
1650_01,Mars,True,F/73/S,PSO J318.5-22,31.0,False,0,0,0,0,0,Mila Benson,True
1650_02,Earth,False,F/151/P,TRAPPIST-1e,3.5,False,1152,903,382,1411,84,Nova Stark,True
1651_01,Europa,True,A/102/P,55 Cancri e,29.2,True,0,0,0,0,0,Priya Kaur,True
1651_02,Mars,False,E/184/P,PSO J318.5-22,37.7,False,825,292,1072,1090,786,Ilya Komarov,False
1652_01,Europa,False,E/53/P,TRAPPIST-1e,30.1,False,1142,691,132,1350,1208,Priya Kaur,False
1652_02,Mars,False,A/154/P,TRAPPIST-1e,34.4,False,645,688,533,1264,515,Leo Stark,False
1653_01,Earth,False,D/63/S,PSO J318.5-22,41.7,False,926,932,556,1241,679,Kai Vega,False
1653_02,Earth,False,A/54/P,55 Cancri e,25.8,False,992,1028,756,1104,1270,Aria Lin,False
1654_01,Mars,True,E/37/S,TRAPPIST-1e,30.2,False,0,0,0,0,0,Kai Vega,False
1654_02,Europa,False,F/128/P,TRAPPIST-1e,31.2,True,624,542,6,953,514,Mila Benson,False
1655_01,Europa,False,B/6/S,PSO J318.5-22,39.3,True,9,561,121,686,512,Kai Vega,False
1655_02,Mars,False,C/23/P,55 Cancri e,28.7,False,989,440,1061,701,590,Kai Vega,True
1656_01,Earth,False,A/103/P,PSO J318.5-22,43.0,False,1406,367,903,1339,720,Aria Lin,False
1656_02,Earth,False,C/108/P,TRAPPIST-1e,27.2,False,1368,957,907,988,472,Remy Vivaldi,False
1657_01,Earth,False,A/185/P,55 Cancri e,22.7,False,1368,348,138,827,323,Hiro Tanaka,False
1657_02,Earth,False,E/30/P,TRAPPIST-1e,18.4,False,845,1325,293,967,1315,Priya Kaur,False
1658_01,Earth,False,B/86/S,TRAPPIST-1e,39.2,False,614,1300,1247,800,277,Hiro Tanaka,False
1658_02,Europa,False,E/190/P,TRAPPIST-1e,34.8,False,365,515,1238,438,427,Ethan Zhao,True
1659_01,Mars,False,A/63/S,TRAPPIST-1e,24.2,False,947,92,1483,320,1033,Aria Lin,True
1659_02,Earth,True,B/173/S,55 Cancri e,12.5,False,0,0,0,0,0,Hiro Tanaka,True
1660_01,Mars,False,C/197/S,TRAPPIST-1e,40.9,False,1479,1301,1416,916,94,Ethan Zhao,True
1660_02,Earth,True,C/175/P,PSO J318.5-22,12.1,False,0,0,0,0,0,Remy Vivaldi,True
1661_01,Europa,False,B/155/S,PSO J318.5-22,18.0,False,70,663,968,586,1399,Lara Xel'Naga,True
1661_02,Europa,False,F/79/P,PSO J318.5-22,40.2,False,726,367,50,1166,1442,Remy Vivaldi,False
1662_01,Mars,False,C/166/P,PSO J318.5-22,24.0,False,1190,259,1215,1225,1208,Leo Stark,False
1662_02,Mars,False,G/26/S,55 Cancri e,14.2,False,157,98,240,201,633,Lara Xel'Naga,False
1663_01,Mars,False,B/105/P,55 Cancri e,36.6,False,489,578,1241,526,272,Aria Lin,False
1663_02,Earth,True,F/102/P,55 Cancri e,30.7,False,0,0,0,0,0,Lara Xel'Naga,True
1664_01,Earth,False,D/114/P,55 Cancri e,0.0,False,1355,452,1175,346,815,Remy Vivaldi,False
1664_02,Mars,True,D/84/P,TRAPPIST-1e,26.4,False,0,0,0,0,0,Aria Lin,True
1665_01,Europa,False,E/1/S,TRAPPIST-1e,16.9,False,997,894,427,1107,191,Remy Vivaldi,False
1665_02,Mars,False,B/83/S,PSO J318.5-22,17.9,False,40,1332,1401,135,105,Ilya Komarov,True
1666_01,Earth,False,G/127/S,TRAPPIST-1e,21.3,True,388,73,1028,1486,81,Remy Vivaldi,False
1666_02,Mars,False,E/7/S,TRAPPIST-1e,5.8,False,775,990,1428,277,839,Ethan Zhao,False
1667_01,Earth,True,D/28/S,TRAPPIST-1e,22.1,False,0,0,0,0,0,Hiro Tanaka,True
1667_02,Earth,False,B/152/S,TRAPPIST-1e,29.9,False,1343,605,18,639,1366,Jordan Benson,False
1668_01,Mars,True,A/79/S,TRAPPIST-1e,29.0,False,0,0,0,0,0,Aria Lin,True
1668_02,Earth,True,E/48/S,TRAPPIST-1e,28.2,False,0,0,0,0,0,Aria Lin,True
1669_01,Mars,False,D/90/S,TRAPPIST-1e,20.5,False,62,225,422,1042,30,Aria Lin,True
1669_02,Earth,False,A/32/P,PSO J318.5-22,25.0,False,844,632,23,836,982,Nova Stark,False
1670_01,Earth,False,D/161/P,55 Cancri e,40.7,False,113,503,954,1243,356,Hiro Tanaka,False
1670_02,Earth,False,F/154/S,TRAPPIST-1e,15.5,False,168,968,241,1398,138,Lara Xel'Naga,True
1671_01,Earth,False,B/31/P,TRAPPIST-1e,23.6,False,1065,865,542,691,1025,Mila Benson,True
1671_02,Mars,False,A/35/S,TRAPPIST-1e,34.2,False,1311,1161,903,729,1245,Aria Lin,False
1672_01,Earth,True,G/147/S,TRAPPIST-1e,12.3,False,0,0,0,0,0,Ethan Zhao,True
1672_02,Earth,False,C/127/P,PSO J318.5-22,23.7,False,1150,1288,1038,225,983,Kai Vega,False
1673_01,Europa,False,C/105/S,TRAPPIST-1e,24.7,True,318,1242,1300,772,1364,Leo Stark,False
1673_02,Mars,False,C/166/S,TRAPPIST-1e,40.9,False,451,1392,943,847,1016,Remy Vivaldi,True
1674_01,Europa,True,D/168/S,55 Cancri e,30.3,False,0,0,0,0,0,Aria Lin,False
1674_02,Mars,False,E/51/S,55 Cancri e,46.2,False,494,1062,161,120,398,Kai Vega,False
1675_01,Earth,False,C/168/S,PSO J318.5-22,0.0,False,560,603,1152,539,355,Leo Stark,False
1675_02,Earth,False,D/77/S,TRAPPIST-1e,20.8,False,659,431,1088,1241,562,Aria Lin,False
1676_01,Mars,False,D/2/S,TRAPPIST-1e,29.7,False,1483,1448,710,1215,1212,Aria Lin,False
1676_02,Europa,False,F/167/S,TRAPPIST-1e,32.7,False,11,238,452,382,781,Ethan Zhao,False
1677_01,Europa,False,G/138/P,TRAPPIST-1e,35.6,True,1142,576,314,753,1059,Ethan Zhao,False
1677_02,Earth,False,C/185/P,55 Cancri e,19.6,False,1486,914,754,553,402,Kai Vega,False
1678_01,Earth,False,A/14/S,TRAPPIST-1e,36.2,False,547,1149,62,843,1105,Hiro Tanaka,False
1678_02,Mars,True,D/115/P,PSO J318.5-22,31.4,False,0,0,0,0,0,Lara Xel'Naga,False
1679_01,Europa,False,F/89/P,TRAPPIST-1e,32.5,False,657,700,1080,108,984,Mila Benson,True
1679_02,Earth,False,C/29/S,TRAPPIST-1e,35.4,False,23,220,314,293,1033,Ethan Zhao,False
1680_01,Earth,True,C/6/P,55 Cancri e,51.1,False,0,0,0,0,0,Remy Vivaldi,True
1680_02,Earth,True,D/153/S,PSO J318.5-22,17.8,False,0,0,0,0,0,Aria Lin,True
1681_01,Earth,False,E/195/S,TRAPPIST-1e,36.2,False,87,454,1171,756,430,Ethan Zhao,False
1681_02,Earth,True,B/169/S,55 Cancri e,14.9,True,0,0,0,0,0,Lara Xel'Naga,True
1682_01,Earth,False,G/68/P,55 Cancri e,17.5,False,241,701,901,740,65,Aria Lin,False
1682_02,Earth,False,C/29/P,55 Cancri e,13.5,False,971,377,387,780,208,Remy Vivaldi,False
1683_01,Mars,False,C/90/S,TRAPPIST-1e,17.3,False,1243,366,779,1252,439,Kai Vega,False
1683_02,Mars,False,G/155/P,55 Cancri e,31.6,False,689,1473,1059,846,421,Jordan Benson,True
1684_01,Europa,False,C/89/S,TRAPPIST-1e,19.9,False,381,608,142,61,1265,Remy Vivaldi,False
1684_02,Europa,True,G/107/P,55 Cancri e,23.4,False,0,0,0,0,0,Jordan Benson,True
1685_01,Earth,True,C/99/P,TRAPPIST-1e,40.1,False,0,0,0,0,0,Aria Lin,True
1685_02,Mars,False,D/185/P,PSO J318.5-22,34.2,False,454,1221,281,885,1024,Jordan Benson,True
1686_01,Mars,True,C/135/P,55 Cancri e,29.6,False,0,0,0,0,0,Aria Lin,True
1686_02,Earth,True,E/16/S,55 Cancri e,17.0,False,0,0,0,0,0,Hiro Tanaka,False
1687_01,Earth,True,G/61/S,TRAPPIST-1e,43.6,False,0,0,0,0,0,Ilya Komarov,False
1687_02,Earth,False,F/85/P,TRAPPIST-1e,36.0,False,60,796,94,785,1170,Ethan Zhao,False
1688_01,Mars,True,G/26/P,PSO J318.5-22,5.6,False,0,0,0,0,0,Remy Vivaldi,False
1688_02,Mars,False,E/10/S,55 Cancri e,38.4,False,1146,693,1479,398,945,Jordan Benson,False
1689_01,Europa,True,B/95/P,TRAPPIST-1e,12.7,False,0,0,0,0,0,Mila Benson,False
1689_02,Earth,False,G/185/P,TRAPPIST-1e,13.3,False,129,291,275,911,1399,Lara Xel'Naga,False
1690_01,Europa,False,D/120/P,PSO J318.5-22,30.7,False,1049,1464,764,1220,641,Jordan Benson,False
1690_02,Earth,False,F/74/S,TRAPPIST-1e,55.8,False,1266,723,1213,801,737,Priya Kaur,False
1691_01,Earth,False,B/112/S,TRAPPIST-1e,43.6,False,1003,426,1002,203,1135,Jordan Benson,False
1691_02,Europa,False,B/171/S,55 Cancri e,30.5,False,324,1281,949,950,1373,Aria Lin,True
1692_01,Earth,False,F/150/P,PSO J318.5-22,31.2,False,893,434,1449,1303,370,Hiro Tanaka,True
1692_02,Earth,False,D/55/P,55 Cancri e,29.2,False,932,248,890,180,702,Leo Stark,True
1693_01,Europa,True,A/188/S,TRAPPIST-1e,24.8,False,0,0,0,0,0,Lara Xel'Naga,True
1693_02,Europa,False,D/146/P,TRAPPIST-1e,41.9,False,884,335,49,84,694,Aria Lin,False
1694_01,Europa,False,G/7/S,TRAPPIST-1e,22.2,False,1134,1357,762,1156,611,Aria Lin,False
1694_02,Earth,False,C/89/P,TRAPPIST-1e,29.4,False,1004,913,798,118,349,Mila Benson,True
1695_01,Earth,True,G/46/P,TRAPPIST-1e,16.8,False,0,0,0,0,0,Leo Stark,True
1695_02,Mars,True,D/143/P,TRAPPIST-1e,20.5,False,0,0,0,0,0,Kai Vega,True
1696_01,Earth,True,C/129/S,55 Cancri e,31.3,False,0,0,0,0,0,Mila Benson,True
1696_02,Europa,True,A/155/P,TRAPPIST-1e,26.8,False,0,0,0,0,0,Ethan Zhao,True
1697_01,Mars,True,A/138/P,TRAPPIST-1e,35.4,False,0,0,0,0,0,Priya Kaur,True
1697_02,Earth,True,B/141/P,55 Cancri e,9.1,False,0,0,0,0,0,Mila Benson,False
1698_01,Earth,True,B/72/S,TRAPPIST-1e,11.5,False,0,0,0,0,0,Kai Vega,True
1698_02,Earth,True,E/169/P,TRAPPIST-1e,12.7,False,0,0,0,0,0,Lara Xel'Naga,True
1699_01,Mars,False,F/188/P,PSO J318.5-22,29.7,False,1358,1235,595,684,1206,Priya Kaur,True
1699_02,Europa,False,B/107/P,TRAPPIST-1e,14.2,False,1156,1013,1013,349,281,Aria Lin,False
1700_01,Earth,False,F/123/P,PSO J318.5-22,30.2,False,983,19,758,404,1138,Mila Benson,False
1700_02,Mars,False,C/166/S,55 Cancri e,19.5,False,700,979,25,565,394,Mila Benson,True
1701_01,Mars,True,C/179/P,PSO J318.5-22,41.9,False,0,0,0,0,0,Ilya Komarov,False
1701_02,Mars,True,B/69/S,TRAPPIST-1e,32.0,False,0,0,0,0,0,Aria Lin,True
1702_01,Europa,False,B/56/S,TRAPPIST-1e,38.1,False,549,1468,86,832,386,Jordan Benson,False
1702_02,Europa,False,A/160/S,PSO J318.5-22,19.9,False,962,667,1421,285,697,Kai Vega,False
1703_01,Mars,False,B/158/S,TRAPPIST-1e,33.4,False,1445,653,696,1466,1023,Jordan Benson,False
1703_02,Mars,False,A/61/S,55 Cancri e,25.1,False,914,287,94,668,40,Jordan Benson,False
1704_01,Europa,False,D/193/P,55 Cancri e,20.2,False,503,274,178,136,766,Nova Stark,False
1704_02,Earth,False,G/98/S,55 Cancri e,25.5,False,987,1203,1205,1282,242,Mila Benson,False
1705_01,Mars,True,A/51/S,PSO J318.5-22,19.7,False,0,0,0,0,0,Mila Benson,True
1705_02,Earth,True,F/184/S,PSO J318.5-22,21.3,False,0,0,0,0,0,Jordan Benson,True
1706_01,Mars,False,B/127/S,TRAPPIST-1e,34.3,False,169,158,446,1017,1105,Mila Benson,True
1706_02,Europa,True,G/118/S,PSO J318.5-22,31.6,False,0,0,0,0,0,Kai Vega,True
1707_01,Europa,True,B/76/P,TRAPPIST-1e,45.5,False,0,0,0,0,0,Priya Kaur,True
1707_02,Earth,False,D/68/S,TRAPPIST-1e,7.4,False,827,32,503,626,1026,Leo Stark,False
1708_01,Mars,False,D/152/S,TRAPPIST-1e,4.6,False,41,8,999,818,656,Priya Kaur,False
1708_02,Earth,True,C/139/P,55 Cancri e,21.9,False,0,0,0,0,0,Aria Lin,True
1709_01,Europa,True,G/21/S,55 Cancri e,34.5,False,0,0,0,0,0,Ethan Zhao,False
1709_02,Europa,False,E/30/P,55 Cancri e,29.5,False,789,1459,1050,1066,1154,Leo Stark,False
1710_01,Earth,True,A/68/P,TRAPPIST-1e,32.7,False,0,0,0,0,0,Aria Lin,True
1710_02,Earth,True,D/44/P,55 Cancri e,25.5,False,0,0,0,0,0,Ilya Komarov,True
1711_01,Earth,True,E/30/S,PSO J318.5-22,21.5,False,0,0,0,0,0,Leo Stark,True
1711_02,Mars,False,D/135/S,55 Cancri e,30.3,False,1011,20,998,1431,456,Kai Vega,False
1712_01,Mars,False,A/81/P,TRAPPIST-1e,36.7,False,264,183,226,1269,1096,Jordan Benson,True
1712_02,Mars,False,G/86/S,TRAPPIST-1e,41.5,False,1173,1092,968,804,1253,Jordan Benson,False
1713_01,Mars,False,A/111/P,55 Cancri e,18.2,False,1420,83,739,1322,1316,Aria Lin,False
1713_02,Europa,False,G/63/P,55 Cancri e,16.2,False,222,792,732,1239,1254,Jordan Benson,True
1714_01,Mars,False,C/91/S,TRAPPIST-1e,33.4,False,769,1219,607,525,624,Leo Stark,True
1714_02,Europa,False,D/56/S,55 Cancri e,45.0,False,76,1300,919,945,465,Jordan Benson,False
1715_01,Earth,False,F/182/P,TRAPPIST-1e,33.9,False,1183,491,312,1184,307,Lara Xel'Naga,False
1715_02,Earth,False,F/4/S,TRAPPIST-1e,23.7,False,1169,1419,690,88,734,Ilya Komarov,False
1716_01,Europa,False,A/100/P,PSO J318.5-22,42.3,False,370,450,166,391,735,Jordan Benson,False
1716_02,Earth,True,E/135/S,TRAPPIST-1e,29.9,False,0,0,0,0,0,Mila Benson,True
1717_01,Europa,False,B/122/P,55 Cancri e,35.5,False,1066,944,28,1054,692,Kai Vega,False
1717_02,Europa,False,B/88/S,TRAPPIST-1e,28.6,False,127,766,1317,440,868,Hiro Tanaka,False
1718_01,Earth,True,G/72/P,PSO J318.5-22,31.9,False,0,0,0,0,0,Lara Xel'Naga,False
1718_02,Europa,False,C/28/S,TRAPPIST-1e,36.8,False,759,109,1351,1428,1268,Hiro Tanaka,False
1719_01,Earth,False,A/162/S,55 Cancri e,36.2,False,559,398,582,398,238,Lara Xel'Naga,False
1719_02,Earth,False,B/181/P,TRAPPIST-1e,18.8,False,1488,1055,1146,109,1294,Jordan Benson,False
1720_01,Mars,True,E/67/S,TRAPPIST-1e,46.9,False,0,0,0,0,0,Remy Vivaldi,True
1720_02,Mars,True,B/25/S,TRAPPIST-1e,13.0,False,0,0,0,0,0,Mila Benson,True
1721_01,Earth,False,G/121/S,55 Cancri e,29.1,False,248,520,33,227,584,Nova Stark,False
1721_02,Europa,True,E/110/S,TRAPPIST-1e,45.4,False,0,0,0,0,0,Hiro Tanaka,True
1722_01,Earth,False,F/9/P,PSO J318.5-22,22.0,False,583,569,219,1394,786,Ilya Komarov,False
1722_02,Earth,False,G/24/S,TRAPPIST-1e,23.9,False,527,74,135,73,253,Jordan Benson,False
1723_01,Earth,False,D/50/S,55 Cancri e,33.0,True,570,575,1326,1165,902,Ethan Zhao,True
1723_02,Mars,False,F/76/P,PSO J318.5-22,22.6,False,201,206,414,220,1385,Kai Vega,True
1724_01,Earth,False,F/70/P,PSO J318.5-22,28.4,False,895,1369,203,1048,956,Ethan Zhao,True
1724_02,Earth,False,B/48/P,55 Cancri e,21.1,False,68,515,239,360,1464,Mila Benson,True
1725_01,Mars,True,G/80/S,TRAPPIST-1e,45.4,False,0,0,0,0,0,Priya Kaur,False
1725_02,Earth,True,F/8/P,PSO J318.5-22,28.5,False,0,0,0,0,0,Nova Stark,True
1726_01,Europa,False,D/90/P,TRAPPIST-1e,25.1,False,1345,343,535,354,1494,Priya Kaur,False
1726_02,Earth,False,D/71/P,PSO J318.5-22,24.0,False,927,982,104,1345,961,Kai Vega,True
1727_01,Mars,False,E/139/P,TRAPPIST-1e,28.6,False,1312,877,1373,1223,966,Nova Stark,False
1727_02,Europa,True,G/84/P,PSO J318.5-22,23.5,False,0,0,0,0,0,Mila Benson,True
1728_01,Earth,False,A/171/P,TRAPPIST-1e,23.6,False,216,622,352,691,674,Nova Stark,False
1728_02,Europa,True,F/148/P,TRAPPIST-1e,16.8,False,0,0,0,0,0,Lara Xel'Naga,True
1729_01,Mars,False,D/150/S,55 Cancri e,29.6,False,1168,307,653,284,391,Lara Xel'Naga,False
1729_02,Earth,True,D/24/S,TRAPPIST-1e,23.5,False,0,0,0,0,0,Aria Lin,False
1730_01,Europa,True,F/5/P,TRAPPIST-1e,5.4,False,0,0,0,0,0,Aria Lin,True
1730_02,Earth,True,D/109/P,55 Cancri e,30.3,False,0,0,0,0,0,Kai Vega,True
1731_01,Earth,False,F/133/P,TRAPPIST-1e,18.8,False,580,820,1247,123,343,Ilya Komarov,False
1731_02,Europa,False,D/157/S,PSO J318.5-22,38.6,True,523,1075,128,1158,656,Leo Stark,False
1732_01,Mars,False,B/73/P,PSO J318.5-22,31.6,False,272,1210,1026,1308,21,Leo Stark,False
1732_02,Earth,False,C/6/S,TRAPPIST-1e,24.3,False,165,1333,874,497,433,Mila Benson,False
1733_01,Mars,True,G/144/S,PSO J318.5-22,26.9,False,0,0,0,0,0,Ilya Komarov,False
1733_02,Earth,True,D/155/S,TRAPPIST-1e,44.0,False,0,0,0,0,0,Nova Stark,True
1734_01,Mars,False,A/67/S,TRAPPIST-1e,34.7,False,707,916,20,256,398,Priya Kaur,True
1734_02,Earth,False,G/151/S,TRAPPIST-1e,31.1,False,50,446,1293,826,594,Priya Kaur,False
1735_01,Earth,False,C/190/S,PSO J318.5-22,30.1,False,1388,1072,1141,1476,774,Leo Stark,False
1735_02,Europa,False,E/67/S,TRAPPIST-1e,47.4,False,972,396,682,1050,710,Jordan Benson,False
1736_01,Europa,True,G/111/P,TRAPPIST-1e,14.5,False,0,0,0,0,0,Hiro Tanaka,True
1736_02,Earth,True,G/56/S,PSO J318.5-22,21.4,False,0,0,0,0,0,Ilya Komarov,True
1737_01,Mars,False,C/108/S,PSO J318.5-22,18.1,False,612,185,695,214,1274,Aria Lin,False
1737_02,Mars,False,D/6/P,TRAPPIST-1e,2.2,False,215,28,101,122,53,Kai Vega,True
1738_01,Europa,False,B/73/P,TRAPPIST-1e,44.5,False,556,113,854,675,976,Aria Lin,False
1738_02,Europa,False,A/72/S,PSO J318.5-22,26.2,False,700,1316,1218,291,260,Aria Lin,False
1739_01,Mars,False,F/148/P,55 Cancri e,27.7,False,1029,378,1417,223,1046,Mila Benson,True
1739_02,Europa,False,C/46/S,TRAPPIST-1e,29.2,False,1007,656,109,723,552,Ethan Zhao,False
1740_01,Earth,False,G/115/P,TRAPPIST-1e,31.8,False,958,953,1174,1451,620,Lara Xel'Naga,False
1740_02,Europa,False,E/83/S,55 Cancri e,23.4,False,1490,629,876,555,66,Leo Stark,False
1741_01,Earth,False,G/19/S,PSO J318.5-22,34.7,False,154,1097,1072,782,1490,Priya Kaur,False
1741_02,Europa,True,F/105/P,PSO J318.5-22,17.7,False,0,0,0,0,0,Nova Stark,True
1742_01,Earth,True,G/22/P,PSO J318.5-22,16.3,False,0,0,0,0,0,Lara Xel'Naga,True
1742_02,Europa,False,C/22/P,TRAPPIST-1e,26.5,False,1071,1095,112,756,896,Aria Lin,False
1743_01,Mars,True,G/182/S,55 Cancri e,27.2,False,0,0,0,0,0,Leo Stark,True
1743_02,Earth,False,D/84/S,TRAPPIST-1e,15.9,False,1053,1120,250,1115,112,Remy Vivaldi,False
1744_01,Earth,True,F/73/P,PSO J318.5-22,7.4,False,0,0,0,0,0,Leo Stark,True
1744_02,Europa,False,F/184/P,TRAPPIST-1e,31.4,False,990,1381,1222,426,858,Jordan Benson,False
1745_01,Earth,True,C/113/S,TRAPPIST-1e,37.4,False,0,0,0,0,0,Ethan Zhao,False
1745_02,Mars,False,G/32/S,TRAPPIST-1e,32.1,False,1143,1332,626,474,551,Nova Stark,False
1746_01,Mars,True,D/35/S,TRAPPIST-1e,25.0,False,0,0,0,0,0,Ilya Komarov,True
1746_02,Europa,True,E/142/S,55 Cancri e,38.7,False,0,0,0,0,0,Ilya Komarov,False
1747_01,Mars,False,F/74/P,TRAPPIST-1e,30.4,False,30,246,410,26,72,Ethan Zhao,False
1747_02,Europa,False,B/115/S,TRAPPIST-1e,45.4,False,1120,672,1369,475,1323,Mila Benson,False
1748_01,Earth,False,D/108/S,TRAPPIST-1e,54.0,True,211,1099,400,654,1057,Lara Xel'Naga,True
1748_02,Mars,False,C/21/S,55 Cancri e,41.1,False,497,847,1351,97,365,Remy Vivaldi,True
1749_01,Earth,False,D/197/P,PSO J318.5-22,21.7,False,1409,272,825,1150,201,Mila Benson,False
1749_02,Earth,False,F/184/P,55 Cancri e,57.1,False,1310,449,1111,1341,18,Ethan Zhao,True
1750_01,Mars,False,C/186/P,TRAPPIST-1e,29.4,False,310,411,741,623,731,Ethan Zhao,True
1750_02,Earth,False,G/86/S,TRAPPIST-1e,18.9,False,634,497,243,689,576,Lara Xel'Naga,False
1751_01,Europa,True,D/111/P,PSO J318.5-22,42.5,False,0,0,0,0,0,Aria Lin,True
1751_02,Earth,True,A/147/P,TRAPPIST-1e,46.8,False,0,0,0,0,0,Remy Vivaldi,False
1752_01,Europa,False,F/93/S,TRAPPIST-1e,33.5,False,981,1203,856,1391,75,Ethan Zhao,False
1752_02,Mars,False,F/103/S,TRAPPIST-1e,34.0,False,648,649,495,1224,829,Jordan Benson,False
1753_01,Earth,False,F/115/S,TRAPPIST-1e,34.4,False,990,618,549,645,1244,Kai Vega,False
1753_02,Mars,False,A/131/S,55 Cancri e,23.1,False,501,1156,845,52,449,Mila Benson,True
1754_01,Mars,False,D/103/S,55 Cancri e,34.3,False,658,727,851,46,819,Ethan Zhao,False
1754_02,Europa,False,B/95/S,TRAPPIST-1e,13.9,False,1047,88,1197,1142,734,Hiro Tanaka,False
1755_01,Mars,False,A/71/P,PSO J318.5-22,20.3,False,1365,1082,900,437,1451,Remy Vivaldi,True
1755_02,Earth,False,B/128/S,TRAPPIST-1e,29.0,False,425,967,1404,485,1208,Nova Stark,True
1756_01,Mars,False,E/137/S,TRAPPIST-1e,19.8,False,50,308,1057,1004,634,Jordan Benson,True
1756_02,Mars,True,A/137/S,TRAPPIST-1e,36.9,True,0,0,0,0,0,Ilya Komarov,True
1757_01,Earth,True,E/24/S,55 Cancri e,24.0,False,0,0,0,0,0,Priya Kaur,True
1757_02,Earth,False,G/78/P,TRAPPIST-1e,28.9,False,532,107,875,1264,250,Hiro Tanaka,True
1758_01,Earth,True,F/173/P,PSO J318.5-22,33.1,False,0,0,0,0,0,Priya Kaur,True
1758_02,Earth,False,A/138/S,55 Cancri e,44.5,False,101,1384,692,1316,1169,Ilya Komarov,False
1759_01,Earth,True,B/94/P,55 Cancri e,18.9,False,0,0,0,0,0,Mila Benson,True
1759_02,Mars,False,C/108/S,55 Cancri e,31.7,False,854,1214,1026,941,1020,Nova Stark,True
1760_01,Europa,False,G/138/S,PSO J318.5-22,31.3,False,735,1413,501,760,1283,Jordan Benson,False
1760_02,Europa,False,E/159/P,55 Cancri e,18.8,False,130,1136,797,798,929,Ethan Zhao,False
1761_01,Earth,False,E/97/S,TRAPPIST-1e,39.6,False,1294,1430,1217,1464,312,Jordan Benson,False
1761_02,Mars,False,B/56/P,TRAPPIST-1e,26.1,False,78,179,1003,674,13,Kai Vega,False
1762_01,Europa,True,F/196/P,PSO J318.5-22,20.0,False,0,0,0,0,0,Remy Vivaldi,False
1762_02,Earth,False,G/99/P,TRAPPIST-1e,28.3,False,98,32,1459,256,33,Hiro Tanaka,False
1763_01,Earth,False,B/27/S,55 Cancri e,27.9,False,136,358,753,1139,403,Remy Vivaldi,False
1763_02,Earth,False,F/27/P,TRAPPIST-1e,30.8,False,1225,1399,249,445,953,Lara Xel'Naga,False
1764_01,Earth,True,A/76/S,TRAPPIST-1e,29.4,False,0,0,0,0,0,Jordan Benson,True
1764_02,Europa,False,B/14/P,TRAPPIST-1e,29.7,False,1496,745,687,391,968,Remy Vivaldi,True
1765_01,Earth,True,D/113/P,PSO J318.5-22,47.7,False,0,0,0,0,0,Mila Benson,True
1765_02,Europa,False,E/141/S,PSO J318.5-22,37.4,False,797,268,1259,1300,552,Nova Stark,False
1766_01,Europa,False,D/61/S,TRAPPIST-1e,38.0,False,85,1086,403,191,1316,Kai Vega,True
1766_02,Mars,False,B/153/P,TRAPPIST-1e,32.0,False,1054,1353,106,621,275,Hiro Tanaka,False
1767_01,Europa,True,B/15/S,TRAPPIST-1e,27.1,False,0,0,0,0,0,Hiro Tanaka,False
1767_02,Earth,True,A/178/S,PSO J318.5-22,28.1,False,0,0,0,0,0,Hiro Tanaka,True
1768_01,Earth,False,G/180/P,TRAPPIST-1e,22.1,False,585,884,128,255,933,Lara Xel'Naga,False
1768_02,Earth,False,B/107/P,TRAPPIST-1e,20.5,False,230,1160,862,1478,354,Aria Lin,False
1769_01,Mars,False,D/44/S,PSO J318.5-22,4.4,False,1056,259,86,842,264,Leo Stark,False
1769_02,Earth,False,F/70/S,55 Cancri e,43.7,False,391,231,900,587,446,Ethan Zhao,True
1770_01,Earth,True,E/59/P,PSO J318.5-22,31.8,False,0,0,0,0,0,Aria Lin,False
1770_02,Europa,False,B/195/P,55 Cancri e,24.3,False,933,1193,127,1197,1049,Mila Benson,False
1771_01,Earth,True,A/166/S,TRAPPIST-1e,29.2,False,0,0,0,0,0,Hiro Tanaka,True
1771_02,Earth,True,B/143/S,TRAPPIST-1e,35.8,False,0,0,0,0,0,Nova Stark,True
1772_01,Earth,True,F/12/S,PSO J318.5-22,19.4,False,0,0,0,0,0,Aria Lin,True
1772_02,Earth,False,E/103/P,TRAPPIST-1e,23.9,True,1106,363,1390,1083,550,Priya Kaur,True
1773_01,Earth,True,D/92/S,55 Cancri e,32.6,False,0,0,0,0,0,Leo Stark,True
1773_02,Europa,False,A/184/P,TRAPPIST-1e,12.8,False,815,190,460,663,232,Aria Lin,False
1774_01,Europa,False,C/112/S,PSO J318.5-22,40.2,False,1157,170,1438,27,135,Mila Benson,True
1774_02,Mars,False,G/91/S,TRAPPIST-1e,11.3,False,924,404,976,887,1264,Priya Kaur,False
1775_01,Mars,False,D/187/S,TRAPPIST-1e,29.8,False,1251,508,1326,33,1025,Hiro Tanaka,False
1775_02,Earth,True,D/169/P,55 Cancri e,14.9,False,0,0,0,0,0,Lara Xel'Naga,False
1776_01,Earth,False,A/187/P,55 Cancri e,37.9,False,1331,715,249,146,1369,Kai Vega,False
1776_02,Europa,True,G/115/P,PSO J318.5-22,32.5,False,0,0,0,0,0,Mila Benson,True
1777_01,Earth,True,A/195/S,55 Cancri e,47.0,False,0,0,0,0,0,Nova Stark,True
1777_02,Mars,True,F/146/S,TRAPPIST-1e,26.5,False,0,0,0,0,0,Ethan Zhao,True
1778_01,Earth,False,E/188/P,TRAPPIST-1e,30.0,False,821,901,944,1430,731,Ilya Komarov,True
1778_02,Earth,False,A/189/S,55 Cancri e,27.3,False,333,1043,204,955,354,Mila Benson,False
1779_01,Earth,False,B/169/S,55 Cancri e,23.5,True,579,1393,949,1460,206,Priya Kaur,True
1779_02,Mars,False,D/161/S,TRAPPIST-1e,8.0,False,1072,543,128,1470,613,Aria Lin,True
1780_01,Earth,False,F/170/P,TRAPPIST-1e,22.9,False,348,505,642,237,1303,Lara Xel'Naga,False
1780_02,Earth,False,A/135/P,TRAPPIST-1e,22.0,False,1455,137,1292,1224,1165,Remy Vivaldi,True
1781_01,Mars,False,D/138/S,PSO J318.5-22,33.7,False,838,937,354,577,846,Leo Stark,False
1781_02,Mars,False,E/5/S,TRAPPIST-1e,28.5,False,1352,558,848,1254,1331,Priya Kaur,True
1782_01,Earth,False,E/84/S,TRAPPIST-1e,30.5,False,139,662,20,1277,63,Remy Vivaldi,False
1782_02,Earth,True,D/83/S,PSO J318.5-22,15.6,False,0,0,0,0,0,Nova Stark,True
1783_01,Earth,False,F/160/S,TRAPPIST-1e,32.2,False,129,580,224,579,1477,Ilya Komarov,False
1783_02,Earth,False,A/181/S,55 Cancri e,16.2,False,982,1004,1407,106,620,Lara Xel'Naga,False
1784_01,Earth,False,G/192/P,PSO J318.5-22,10.2,False,1157,198,509,666,78,Leo Stark,True
1784_02,Earth,True,D/92/S,TRAPPIST-1e,3.0,False,0,0,0,0,0,Aria Lin,True
1785_01,Earth,False,D/136/S,TRAPPIST-1e,36.2,False,249,888,1023,598,752,Mila Benson,False
1785_02,Earth,False,B/90/P,TRAPPIST-1e,58.6,False,599,974,482,835,171,Leo Stark,False
1786_01,Earth,True,F/84/S,PSO J318.5-22,26.3,False,0,0,0,0,0,Lara Xel'Naga,False
1786_02,Earth,True,C/195/P,TRAPPIST-1e,26.5,False,0,0,0,0,0,Hiro Tanaka,True
1787_01,Mars,False,A/146/S,55 Cancri e,51.5,False,6,825,1268,1471,1388,Mila Benson,False
1787_02,Europa,False,A/71/P,TRAPPIST-1e,37.5,False,1390,1310,1129,1036,1169,Kai Vega,False
1788_01,Earth,False,C/57/S,PSO J318.5-22,3.1,False,114,508,1175,56,381,Priya Kaur,False
1788_02,Europa,False,C/84/S,TRAPPIST-1e,40.2,False,1180,951,1156,1186,274,Mila Benson,False
1789_01,Europa,True,D/11/S,55 Cancri e,33.4,False,0,0,0,0,0,Ethan Zhao,False
1789_02,Mars,False,B/127/P,TRAPPIST-1e,28.6,False,717,317,533,1177,236,Ethan Zhao,True
1790_01,Europa,False,C/160/P,TRAPPIST-1e,40.0,False,1200,1243,37,653,1454,Lara Xel'Naga,False
1790_02,Mars,False,F/161/P,55 Cancri e,28.1,False,746,1226,840,447,683,Mila Benson,True
1791_01,Earth,False,C/83/P,55 Cancri e,32.7,False,720,1404,755,165,768,Mila Benson,False
1791_02,Mars,False,C/141/P,TRAPPIST-1e,21.3,False,1241,1006,870,1298,1075,Leo Stark,True
1792_01,Earth,True,E/95/S,55 Cancri e,34.4,False,0,0,0,0,0,Kai Vega,True
1792_02,Mars,True,E/157/P,55 Cancri e,16.1,False,0,0,0,0,0,Jordan Benson,True
1793_01,Mars,False,A/156/P,55 Cancri e,33.2,False,1327,1291,1161,1029,241,Nova Stark,True
1793_02,Europa,False,C/77/P,TRAPPIST-1e,23.7,False,161,1018,691,808,978,Lara Xel'Naga,False
1794_01,Europa,True,C/159/P,55 Cancri e,17.6,False,0,0,0,0,0,Remy Vivaldi,True
1794_02,Europa,False,E/122/S,55 Cancri e,35.8,False,1033,137,753,905,712,Nova Stark,False
1795_01,Earth,False,A/124/P,TRAPPIST-1e,12.8,False,579,1207,1218,553,395,Ethan Zhao,False
1795_02,Europa,False,B/164/S,TRAPPIST-1e,24.5,False,1157,1332,809,961,541,Leo Stark,False
1796_01,Europa,False,C/106/P,TRAPPIST-1e,38.5,False,1146,230,949,636,111,Hiro Tanaka,True
1796_02,Europa,False,A/125/S,PSO J318.5-22,37.4,False,592,1269,858,390,391,Jordan Benson,False
1797_01,Mars,False,D/32/P,PSO J318.5-22,8.6,True,366,81,805,821,1099,Jordan Benson,False
1797_02,Europa,True,D/59/S,PSO J318.5-22,20.9,False,0,0,0,0,0,Remy Vivaldi,True
1798_01,Europa,True,E/124/P,TRAPPIST-1e,27.2,False,0,0,0,0,0,Nova Stark,True
1798_02,Mars,False,C/27/P,TRAPPIST-1e,23.4,False,306,1223,225,184,963,Ethan Zhao,False
1799_01,Earth,True,E/85/S,55 Cancri e,33.2,False,0,0,0,0,0,Aria Lin,True
1799_02,Earth,False,E/94/S,TRAPPIST-1e,28.9,False,1362,810,1289,651,813,Aria Lin,False
1800_01,Mars,False,E/78/S,TRAPPIST-1e,26.2,False,1480,87,1086,921,1410,Jordan Benson,False
1800_02,Mars,True,G/136/S,PSO J318.5-22,29.9,False,0,0,0,0,0,Remy Vivaldi,True
1801_01,Earth,True,F/168/S,55 Cancri e,32.2,True,0,0,0,0,0,Mila Benson,True
1801_02,Earth,False,E/114/P,TRAPPIST-1e,8.6,False,931,1292,796,1018,1012,Ilya Komarov,False
1802_01,Mars,False,G/178/P,TRAPPIST-1e,29.7,False,900,1101,1388,1037,135,Nova Stark,False
1802_02,Europa,False,A/133/P,55 Cancri e,21.9,False,1327,396,791,78,704,Nova Stark,False
1803_01,Mars,True,D/7/P,PSO J318.5-22,29.9,False,0,0,0,0,0,Jordan Benson,True
1803_02,Mars,False,F/8/P,PSO J318.5-22,12.3,False,743,383,374,205,488,Ethan Zhao,True
1804_01,Mars,False,G/166/S,55 Cancri e,19.4,True,532,521,824,1176,1335,Priya Kaur,False
1804_02,Europa,True,E/81/S,PSO J318.5-22,41.0,False,0,0,0,0,0,Ethan Zhao,True
1805_01,Europa,False,E/200/P,PSO J318.5-22,35.5,False,1135,1198,1325,733,1244,Hiro Tanaka,False
1805_02,Mars,False,C/51/S,55 Cancri e,31.5,False,1194,317,995,212,252,Nova Stark,False
1806_01,Mars,False,E/105/P,55 Cancri e,39.4,False,1108,1088,1341,1369,1266,Lara Xel'Naga,True
1806_02,Mars,True,G/22/P,TRAPPIST-1e,36.2,False,0,0,0,0,0,Jordan Benson,True
1807_01,Europa,True,C/49/P,PSO J318.5-22,27.0,False,0,0,0,0,0,Kai Vega,True
1807_02,Europa,False,E/59/S,TRAPPIST-1e,13.9,False,44,657,879,1016,553,Remy Vivaldi,False
1808_01,Europa,False,E/106/S,PSO J318.5-22,36.3,False,1020,953,1251,1314,1445,Jordan Benson,False
1808_02,Earth,False,A/51/P,PSO J318.5-22,9.3,False,1090,1274,1064,98,1329,Ilya Komarov,False
1809_01,Earth,False,G/161/S,TRAPPIST-1e,26.5,False,300,1222,487,1129,1424,Lara Xel'Naga,False
1809_02,Earth,False,G/88/P,PSO J318.5-22,40.6,False,1004,476,1145,1100,1335,Ethan Zhao,False
1810_01,Europa,False,F/200/P,TRAPPIST-1e,17.3,False,229,1191,7,1195,1383,Priya Kaur,False
1810_02,Europa,True,G/33/P,TRAPPIST-1e,19.8,False,0,0,0,0,0,Lara Xel'Naga,True
1811_01,Europa,False,C/41/S,TRAPPIST-1e,42.6,False,1072,463,355,849,973,Hiro Tanaka,False
1811_02,Europa,False,G/38/S,PSO J318.5-22,4.7,False,1181,65,858,570,307,Leo Stark,False
1812_01,Europa,False,C/162/S,TRAPPIST-1e,16.9,False,95,1137,986,1452,539,Ethan Zhao,True
1812_02,Mars,False,C/72/S,TRAPPIST-1e,35.3,False,1,1235,579,332,1047,Jordan Benson,False
1813_01,Europa,False,G/196/S,TRAPPIST-1e,30.7,False,999,1199,1452,732,1465,Ilya Komarov,True
1813_02,Earth,False,B/15/P,55 Cancri e,25.3,False,513,894,360,273,176,Aria Lin,False
1814_01,Europa,False,D/185/S,55 Cancri e,51.0,False,912,278,705,1221,1372,Jordan Benson,False
1814_02,Earth,False,A/67/S,PSO J318.5-22,13.6,False,1444,1328,63,289,17,Mila Benson,False
1815_01,Earth,False,B/51/P,TRAPPIST-1e,21.9,False,762,1040,442,140,1331,Mila Benson,False
1815_02,Earth,True,B/139/P,TRAPPIST-1e,30.3,True,0,0,0,0,0,Mila Benson,True
1816_01,Europa,False,C/120/S,TRAPPIST-1e,31.7,False,1268,449,350,598,710,Mila Benson,False
1816_02,Europa,False,D/28/P,PSO J318.5-22,35.0,False,869,1184,1163,392,841,Lara Xel'Naga,False
1817_01,Mars,True,D/168/S,PSO J318.5-22,21.8,False,0,0,0,0,0,Aria Lin,True
1817_02,Earth,False,A/73/S,55 Cancri e,40.9,True,1448,905,1035,1358,990,Kai Vega,True
1818_01,Mars,False,B/12/P,PSO J318.5-22,15.9,False,832,249,97,1360,1062,Kai Vega,False
1818_02,Mars,True,D/120/S,TRAPPIST-1e,42.3,False,0,0,0,0,0,Jordan Benson,True
1819_01,Earth,False,F/193/P,PSO J318.5-22,25.1,False,891,1492,1305,749,1187,Leo Stark,False
1819_02,Earth,False,E/9/S,PSO J318.5-22,35.8,True,452,96,308,261,292,Kai Vega,True
1820_01,Europa,False,F/153/S,PSO J318.5-22,19.9,False,122,324,985,500,686,Priya Kaur,True
1820_02,Mars,False,A/49/S,55 Cancri e,27.2,False,1089,835,58,730,1396,Leo Stark,False
1821_01,Earth,False,B/31/S,TRAPPIST-1e,22.7,False,217,1464,1429,974,588,Remy Vivaldi,False
1821_02,Mars,False,G/88/P,TRAPPIST-1e,32.0,False,916,1492,917,1133,352,Lara Xel'Naga,True
1822_01,Mars,False,G/7/S,TRAPPIST-1e,26.2,False,1437,701,72,684,721,Priya Kaur,True
1822_02,Europa,True,G/95/P,PSO J318.5-22,3.6,False,0,0,0,0,0,Kai Vega,True
1823_01,Europa,False,A/105/S,55 Cancri e,31.3,False,1221,957,1055,647,759,Nova Stark,False
1823_02,Mars,False,C/97/P,PSO J318.5-22,30.0,False,870,1364,1357,142,1433,Nova Stark,True
1824_01,Earth,False,C/13/P,TRAPPIST-1e,33.6,False,27,1019,422,490,159,Remy Vivaldi,True
1824_02,Europa,False,E/163/S,55 Cancri e,21.9,False,844,1230,17,1126,671,Remy Vivaldi,False
1825_01,Europa,False,D/26/S,55 Cancri e,9.5,False,903,754,836,893,238,Ilya Komarov,False
1825_02,Earth,True,D/129/S,TRAPPIST-1e,30.3,False,0,0,0,0,0,Kai Vega,True
1826_01,Earth,False,F/98/P,TRAPPIST-1e,35.6,False,16,913,225,651,259,Leo Stark,True
1826_02,Earth,False,F/143/S,TRAPPIST-1e,40.2,False,673,173,204,414,1176,Leo Stark,False
1827_01,Earth,False,D/196/S,55 Cancri e,24.4,False,1140,1179,1105,517,1090,Aria Lin,False
1827_02,Earth,True,C/58/S,TRAPPIST-1e,7.5,False,0,0,0,0,0,Aria Lin,False
1828_01,Europa,False,D/174/P,TRAPPIST-1e,18.6,False,1278,62,813,402,191,Ilya Komarov,False
1828_02,Earth,True,B/68/S,PSO J318.5-22,29.9,False,0,0,0,0,0,Ethan Zhao,True
1829_01,Europa,False,C/88/P,PSO J318.5-22,39.2,True,740,945,1086,1320,244,Priya Kaur,True
1829_02,Mars,False,E/78/S,PSO J318.5-22,26.0,False,518,392,771,1200,1227,Jordan Benson,False
1830_01,Mars,False,G/88/S,TRAPPIST-1e,34.0,False,910,1151,1218,1217,183,Ilya Komarov,False
1830_02,Europa,False,C/149/S,55 Cancri e,33.4,False,246,323,159,705,621,Jordan Benson,True
1831_01,Earth,False,E/122/S,TRAPPIST-1e,28.9,False,282,1083,117,422,555,Nova Stark,True
1831_02,Europa,False,C/119/P,55 Cancri e,35.5,False,35,530,90,1324,1240,Ilya Komarov,True
1832_01,Mars,False,B/76/S,TRAPPIST-1e,11.9,False,530,537,1051,1347,1246,Aria Lin,True
1832_02,Earth,False,E/130/S,PSO J318.5-22,52.3,False,79,562,1481,613,175,Nova Stark,False
1833_01,Earth,False,D/186/P,PSO J318.5-22,29.8,False,1123,1426,575,1403,530,Leo Stark,True
1833_02,Mars,True,D/141/S,TRAPPIST-1e,39.2,False,0,0,0,0,0,Ilya Komarov,False
1834_01,Mars,False,C/120/P,PSO J318.5-22,11.4,False,41,884,1412,80,401,Hiro Tanaka,False
1834_02,Mars,True,B/128/S,55 Cancri e,13.0,False,0,0,0,0,0,Ethan Zhao,False
1835_01,Mars,True,G/22/P,55 Cancri e,12.4,False,0,0,0,0,0,Nova Stark,True
1835_02,Mars,False,B/48/P,55 Cancri e,13.6,False,505,1144,1157,719,1394,Aria Lin,False
1836_01,Earth,True,B/50/P,TRAPPIST-1e,25.6,False,0,0,0,0,0,Remy Vivaldi,True
1836_02,Earth,True,D/6/S,PSO J318.5-22,31.3,False,0,0,0,0,0,Leo Stark,True
1837_01,Earth,False,F/1/S,PSO J318.5-22,36.1,False,896,18,1069,450,897,Lara Xel'Naga,True
1837_02,Mars,False,D/83/P,55 Cancri e,45.5,False,1079,740,1115,81,736,Lara Xel'Naga,False
1838_01,Earth,False,G/13/P,TRAPPIST-1e,34.3,False,1334,996,159,1339,1179,Kai Vega,True
1838_02,Mars,False,E/123/S,TRAPPIST-1e,22.1,False,887,467,852,461,853,Hiro Tanaka,False
1839_01,Europa,False,G/3/S,TRAPPIST-1e,26.3,False,465,183,659,1189,74,Kai Vega,False
1839_02,Mars,False,C/64/S,55 Cancri e,8.1,False,825,1295,502,794,586,Kai Vega,False
1840_01,Mars,False,A/123/S,55 Cancri e,40.9,False,843,1274,834,1153,763,Ilya Komarov,False
1840_02,Earth,False,A/59/P,TRAPPIST-1e,40.8,False,357,691,1431,621,481,Jordan Benson,False
1841_01,Earth,False,A/160/S,55 Cancri e,16.4,False,1320,751,1498,22,805,Leo Stark,False
1841_02,Europa,False,F/34/S,55 Cancri e,10.8,False,171,834,317,907,797,Ilya Komarov,True
1842_01,Mars,False,G/180/P,TRAPPIST-1e,31.1,False,482,131,1116,860,293,Kai Vega,False
1842_02,Mars,True,G/29/S,PSO J318.5-22,21.2,False,0,0,0,0,0,Kai Vega,True
1843_01,Mars,True,B/195/P,55 Cancri e,18.4,False,0,0,0,0,0,Mila Benson,True
1843_02,Earth,False,F/11/P,55 Cancri e,29.7,False,702,1440,1166,1260,286,Nova Stark,False
1844_01,Earth,False,B/175/P,PSO J318.5-22,12.8,False,290,1192,442,655,1207,Mila Benson,True
1844_02,Mars,False,C/70/P,TRAPPIST-1e,32.8,False,1068,826,1291,475,252,Ilya Komarov,False
1845_01,Europa,False,A/15/S,TRAPPIST-1e,23.2,False,20,315,563,1461,1446,Ilya Komarov,False
1845_02,Europa,True,A/92/P,TRAPPIST-1e,31.0,False,0,0,0,0,0,Hiro Tanaka,True
1846_01,Earth,True,A/59/S,TRAPPIST-1e,9.1,False,0,0,0,0,0,Nova Stark,True
1846_02,Mars,False,G/49/P,TRAPPIST-1e,26.4,False,959,213,838,646,967,Nova Stark,False
1847_01,Mars,True,B/177/P,TRAPPIST-1e,38.0,False,0,0,0,0,0,Aria Lin,True
1847_02,Earth,False,G/67/S,55 Cancri e,44.0,False,39,751,1355,942,647,Lara Xel'Naga,True
1848_01,Mars,False,C/190/S,55 Cancri e,26.5,False,862,431,1219,508,446,Hiro Tanaka,False
1848_02,Earth,True,A/185/P,55 Cancri e,26.8,False,0,0,0,0,0,Hiro Tanaka,False
1849_01,Mars,False,A/159/P,TRAPPIST-1e,17.6,False,1156,1162,668,846,69,Lara Xel'Naga,True
1849_02,Mars,True,F/185/S,TRAPPIST-1e,37.0,False,0,0,0,0,0,Ethan Zhao,True
1850_01,Mars,False,A/69/P,PSO J318.5-22,35.9,False,1083,1275,445,1025,1359,Nova Stark,False
1850_02,Europa,False,C/138/S,TRAPPIST-1e,48.1,False,18,560,1101,471,27,Jordan Benson,False
1851_01,Earth,False,F/114/P,TRAPPIST-1e,34.8,False,983,867,1015,28,668,Mila Benson,False
1851_02,Mars,False,D/78/P,TRAPPIST-1e,12.0,False,825,815,278,282,1002,Kai Vega,False
1852_01,Mars,False,E/106/P,TRAPPIST-1e,21.9,False,323,1229,1257,457,1210,Hiro Tanaka,True
1852_02,Mars,True,A/46/S,PSO J318.5-22,22.7,False,0,0,0,0,0,Ilya Komarov,True
1853_01,Earth,False,F/112/S,55 Cancri e,11.5,False,519,1076,1421,1222,390,Kai Vega,True
1853_02,Europa,False,F/88/S,PSO J318.5-22,30.6,False,770,912,1195,85,557,Priya Kaur,False
1854_01,Europa,False,D/93/S,TRAPPIST-1e,31.1,False,665,1153,842,1104,1407,Leo Stark,False
1854_02,Earth,True,E/174/P,TRAPPIST-1e,18.6,False,0,0,0,0,0,Hiro Tanaka,True
1855_01,Earth,True,E/166/P,PSO J318.5-22,28.5,False,0,0,0,0,0,Kai Vega,True
1855_02,Mars,False,F/8/P,55 Cancri e,21.5,False,268,644,534,1401,1399,Hiro Tanaka,True
1856_01,Europa,False,B/123/S,TRAPPIST-1e,39.3,False,768,1179,1341,237,333,Lara Xel'Naga,False
1856_02,Europa,False,F/36/P,TRAPPIST-1e,27.6,False,105,381,688,260,1316,Lara Xel'Naga,False
1857_01,Earth,False,E/60/P,55 Cancri e,38.0,False,554,1477,662,1319,574,Ethan Zhao,False
1857_02,Europa,False,A/174/S,TRAPPIST-1e,36.8,False,641,462,854,1237,584,Jordan Benson,False
1858_01,Earth,False,B/47/S,TRAPPIST-1e,35.3,False,1261,1326,669,620,520,Kai Vega,False
1858_02,Earth,False,G/4/P,PSO J318.5-22,27.9,False,1344,58,1381,703,647,Kai Vega,True
1859_01,Europa,False,B/85/S,55 Cancri e,29.3,False,858,977,1375,244,300,Lara Xel'Naga,True
1859_02,Mars,False,G/195/S,PSO J318.5-22,27.1,False,437,867,99,724,813,Leo Stark,False
1860_01,Mars,False,G/22/S,TRAPPIST-1e,14.0,False,1325,973,1144,87,1240,Mila Benson,False
1860_02,Earth,False,B/190/S,55 Cancri e,23.8,False,572,813,178,162,592,Remy Vivaldi,False
1861_01,Earth,True,B/37/P,55 Cancri e,19.7,True,0,0,0,0,0,Aria Lin,True
1861_02,Earth,False,D/18/S,TRAPPIST-1e,33.9,False,707,202,46,462,407,Priya Kaur,False
1862_01,Europa,False,C/67/P,PSO J318.5-22,24.1,False,316,420,1292,262,1449,Lara Xel'Naga,False
1862_02,Earth,False,D/154/P,PSO J318.5-22,34.3,False,165,427,396,1239,795,Mila Benson,False
1863_01,Mars,False,G/69/P,PSO J318.5-22,18.6,False,1280,42,241,94,187,Remy Vivaldi,False
1863_02,Mars,False,C/82/P,PSO J318.5-22,19.6,False,384,818,1423,1190,1148,Hiro Tanaka,False
1864_01,Europa,False,E/121/P,TRAPPIST-1e,24.6,False,517,1054,295,413,134,Remy Vivaldi,False
1864_02,Mars,True,B/64/P,55 Cancri e,18.1,False,0,0,0,0,0,Nova Stark,True
1865_01,Europa,True,B/59/S,TRAPPIST-1e,34.5,False,0,0,0,0,0,Lara Xel'Naga,True
1865_02,Europa,False,C/6/S,TRAPPIST-1e,4.7,False,177,745,258,651,1088,Ilya Komarov,True
1866_01,Earth,True,A/83/P,TRAPPIST-1e,42.2,True,0,0,0,0,0,Remy Vivaldi,False
1866_02,Earth,True,A/125/P,TRAPPIST-1e,8.5,False,0,0,0,0,0,Nova Stark,True
1867_01,Mars,True,E/69/P,TRAPPIST-1e,34.7,False,0,0,0,0,0,Aria Lin,False
1867_02,Europa,True,C/101/S,TRAPPIST-1e,37.8,False,0,0,0,0,0,Hiro Tanaka,True
1868_01,Mars,False,B/83/P,55 Cancri e,14.6,False,431,496,982,1112,996,Mila Benson,False
1868_02,Europa,False,E/24/P,PSO J318.5-22,19.1,False,1434,896,826,1264,777,Nova Stark,False
1869_01,Mars,False,B/187/S,PSO J318.5-22,15.5,False,1275,1011,1397,449,801,Jordan Benson,False
1869_02,Mars,True,F/128/S,TRAPPIST-1e,32.7,False,0,0,0,0,0,Jordan Benson,False
1870_01,Mars,False,B/45/P,TRAPPIST-1e,27.7,False,125,1416,761,798,1357,Mila Benson,False
1870_02,Mars,True,D/35/P,PSO J318.5-22,33.2,False,0,0,0,0,0,Priya Kaur,True
1871_01,Europa,False,C/34/P,PSO J318.5-22,21.9,True,455,1090,1089,911,861,Leo Stark,False
1871_02,Earth,True,B/15/S,PSO J318.5-22,10.3,False,0,0,0,0,0,Leo Stark,True
1872_01,Mars,False,D/153/S,55 Cancri e,23.5,False,185,283,649,690,236,Kai Vega,True
1872_02,Earth,False,D/7/P,PSO J318.5-22,36.5,False,1041,814,927,413,8,Mila Benson,True
1873_01,Earth,False,G/194/S,PSO J318.5-22,33.2,False,660,575,449,379,698,Mila Benson,False
1873_02,Europa,True,G/132/P,55 Cancri e,29.6,False,0,0,0,0,0,Mila Benson,True
1874_01,Mars,False,D/63/P,55 Cancri e,4.2,False,726,1467,680,1104,1069,Ilya Komarov,False
1874_02,Europa,False,E/176/S,55 Cancri e,20.7,False,1072,1472,809,1430,1306,Mila Benson,False
1875_01,Europa,True,E/98/S,TRAPPIST-1e,26.6,False,0,0,0,0,0,Priya Kaur,True
1875_02,Mars,False,E/9/P,55 Cancri e,40.6,False,1144,1026,1339,459,1250,Ethan Zhao,False
1876_01,Earth,False,E/29/S,55 Cancri e,27.5,False,774,1094,895,1220,57,Remy Vivaldi,False
1876_02,Mars,False,A/120/P,PSO J318.5-22,29.8,False,1447,1492,623,47,1458,Mila Benson,False
1877_01,Earth,True,D/155/S,55 Cancri e,30.5,False,0,0,0,0,0,Hiro Tanaka,True
1877_02,Mars,False,F/66/S,TRAPPIST-1e,28.4,False,212,506,915,800,167,Remy Vivaldi,False
1878_01,Earth,True,D/68/P,55 Cancri e,28.7,False,0,0,0,0,0,Priya Kaur,True
1878_02,Mars,False,G/144/S,PSO J318.5-22,38.6,False,986,786,426,1244,1015,Jordan Benson,True
1879_01,Earth,False,A/90/S,TRAPPIST-1e,22.8,False,1383,1244,772,1081,1483,Kai Vega,True
1879_02,Europa,True,A/161/S,TRAPPIST-1e,35.0,False,0,0,0,0,0,Lara Xel'Naga,True
1880_01,Earth,True,E/89/S,TRAPPIST-1e,26.9,False,0,0,0,0,0,Remy Vivaldi,True
1880_02,Mars,False,D/62/P,PSO J318.5-22,25.2,False,103,142,204,640,1061,Leo Stark,False
1881_01,Mars,False,E/42/S,TRAPPIST-1e,12.5,False,1075,0,10,746,1237,Priya Kaur,False
1881_02,Earth,True,A/37/S,PSO J318.5-22,29.6,False,0,0,0,0,0,Nova Stark,False
1882_01,Earth,False,A/169/P,TRAPPIST-1e,17.4,False,517,1438,1031,4,1385,Mila Benson,False
1882_02,Europa,False,F/145/P,55 Cancri e,25.4,False,693,111,1003,272,421,Leo Stark,False
1883_01,Earth,False,D/35/S,TRAPPIST-1e,12.0,False,957,346,24,975,1443,Remy Vivaldi,True
1883_02,Europa,True,E/57/P,TRAPPIST-1e,24.1,True,0,0,0,0,0,Jordan Benson,True
1884_01,Earth,True,C/159/P,TRAPPIST-1e,46.3,False,0,0,0,0,0,Ethan Zhao,True
1884_02,Mars,False,E/165/S,TRAPPIST-1e,32.9,False,214,1135,953,913,427,Leo Stark,False
1885_01,Earth,False,D/178/P,TRAPPIST-1e,28.5,False,215,412,379,231,834,Hiro Tanaka,False
1885_02,Earth,True,B/116/S,PSO J318.5-22,18.7,False,0,0,0,0,0,Mila Benson,True
1886_01,Earth,True,B/74/P,TRAPPIST-1e,23.9,False,0,0,0,0,0,Ilya Komarov,True
1886_02,Earth,True,A/169/S,55 Cancri e,33.4,False,0,0,0,0,0,Mila Benson,False
1887_01,Earth,False,G/162/P,PSO J318.5-22,37.4,False,1250,1000,1411,400,637,Mila Benson,False
1887_02,Mars,False,A/182/P,TRAPPIST-1e,30.0,False,948,212,52,623,751,Lara Xel'Naga,False
1888_01,Mars,True,C/125/P,55 Cancri e,25.1,False,0,0,0,0,0,Remy Vivaldi,True
1888_02,Earth,True,D/157/S,55 Cancri e,20.6,False,0,0,0,0,0,Kai Vega,True
1889_01,Earth,True,B/67/P,TRAPPIST-1e,35.0,False,0,0,0,0,0,Leo Stark,True
1889_02,Earth,True,D/61/S,TRAPPIST-1e,41.7,False,0,0,0,0,0,Mila Benson,True
1890_01,Earth,False,G/29/P,PSO J318.5-22,32.7,False,542,292,1307,670,837,Aria Lin,False
1890_02,Europa,False,C/32/P,PSO J318.5-22,27.1,False,1037,633,271,1048,321,Mila Benson,False
1891_01,Earth,True,G/24/P,TRAPPIST-1e,28.5,False,0,0,0,0,0,Hiro Tanaka,True
1891_02,Earth,False,D/169/P,TRAPPIST-1e,30.1,False,882,1063,234,831,1112,Leo Stark,False
1892_01,Europa,False,C/17/P,TRAPPIST-1e,32.5,False,588,228,1418,1220,273,Kai Vega,True
1892_02,Europa,True,A/29/P,TRAPPIST-1e,25.7,True,0,0,0,0,0,Nova Stark,False
1893_01,Europa,False,B/81/P,55 Cancri e,39.1,False,1103,1258,1310,818,571,Aria Lin,True
1893_02,Earth,False,E/93/S,TRAPPIST-1e,3.2,False,544,1460,126,732,416,Kai Vega,False
1894_01,Mars,False,C/170/S,55 Cancri e,29.9,False,296,41,631,1302,1482,Mila Benson,True
1894_02,Earth,False,C/196/S,TRAPPIST-1e,31.3,False,32,1299,664,1113,615,Lara Xel'Naga,False
1895_01,Earth,False,F/121/S,TRAPPIST-1e,14.4,False,457,398,1114,580,1489,Kai Vega,True
1895_02,Earth,False,D/68/S,PSO J318.5-22,49.4,False,219,1442,378,929,1470,Hiro Tanaka,False
1896_01,Mars,False,E/59/P,PSO J318.5-22,29.6,False,921,233,725,366,480,Remy Vivaldi,False
1896_02,Europa,True,B/162/S,TRAPPIST-1e,30.2,False,0,0,0,0,0,Leo Stark,True
1897_01,Earth,False,G/116/S,TRAPPIST-1e,25.8,False,724,711,984,1158,1106,Ethan Zhao,False
1897_02,Earth,False,D/62/P,PSO J318.5-22,19.6,False,390,1070,391,717,384,Jordan Benson,True
1898_01,Mars,False,F/86/S,55 Cancri e,15.4,False,99,382,706,1215,1368,Lara Xel'Naga,False
1898_02,Mars,True,C/6/P,TRAPPIST-1e,31.8,False,0,0,0,0,0,Priya Kaur,True
1899_01,Europa,False,E/97/S,55 Cancri e,42.6,False,629,761,194,561,1430,Jordan Benson,False
1899_02,Europa,True,G/28/P,TRAPPIST-1e,22.1,False,0,0,0,0,0,Ilya Komarov,True
1900_01,Earth,False,D/125/P,PSO J318.5-22,36.6,False,1169,660,1134,764,677,Hiro Tanaka,False
1900_02,Europa,True,B/10/S,55 Cancri e,34.4,False,0,0,0,0,0,Jordan Benson,True
1901_01,Europa,False,D/14/P,TRAPPIST-1e,20.7,False,790,1357,582,670,537,Lara Xel'Naga,False
1901_02,Earth,True,A/92/S,55 Cancri e,25.0,False,0,0,0,0,0,Kai Vega,True
1902_01,Earth,False,E/78/S,PSO J318.5-22,31.1,False,1092,132,188,572,278,Nova Stark,False
1902_02,Earth,False,A/123/P,TRAPPIST-1e,24.6,False,1453,541,1184,745,898,Nova Stark,True
1903_01,Earth,False,G/15/S,PSO J318.5-22,19.8,False,829,697,1080,1263,768,Hiro Tanaka,False
1903_02,Mars,False,C/55/S,PSO J318.5-22,27.8,False,357,200,443,826,1325,Ethan Zhao,False
1904_01,Europa,False,B/27/S,TRAPPIST-1e,16.8,False,937,28,664,1461,1402,Kai Vega,False
1904_02,Europa,False,C/130/S,PSO J318.5-22,28.7,False,72,253,515,748,1043,Remy Vivaldi,False
1905_01,Mars,False,G/135/S,TRAPPIST-1e,42.3,False,878,135,1324,32,646,Remy Vivaldi,False
1905_02,Earth,False,F/100/S,PSO J318.5-22,39.2,False,277,132,749,125,344,Ethan Zhao,True
1906_01,Earth,True,B/32/S,PSO J318.5-22,30.2,False,0,0,0,0,0,Mila Benson,True
1906_02,Mars,False,F/26/S,TRAPPIST-1e,27.6,False,629,1401,817,59,466,Ilya Komarov,False
1907_01,Earth,False,A/100/P,TRAPPIST-1e,44.2,True,1210,497,599,1384,448,Ethan Zhao,False
1907_02,Mars,False,C/193/S,TRAPPIST-1e,26.3,False,679,1204,129,148,1495,Remy Vivaldi,False
1908_01,Mars,False,D/4/P,TRAPPIST-1e,31.7,False,499,1378,1234,657,1053,Aria Lin,False
1908_02,Mars,False,G/60/P,TRAPPIST-1e,18.1,False,576,1047,983,722,221,Ilya Komarov,False
1909_01,Earth,False,D/102/P,TRAPPIST-1e,18.8,False,741,924,579,400,900,Hiro Tanaka,False
1909_02,Europa,True,A/160/P,TRAPPIST-1e,36.4,False,0,0,0,0,0,Mila Benson,True
1910_01,Earth,False,G/29/P,TRAPPIST-1e,26.8,False,49,102,367,935,1291,Leo Stark,True
1910_02,Earth,False,D/50/S,TRAPPIST-1e,32.9,False,1420,1343,1472,1499,897,Ethan Zhao,False
1911_01,Mars,True,A/60/P,TRAPPIST-1e,38.6,False,0,0,0,0,0,Priya Kaur,True
1911_02,Europa,False,E/78/S,55 Cancri e,37.0,False,389,1366,772,753,1410,Aria Lin,False
1912_01,Europa,False,G/104/S,TRAPPIST-1e,16.9,False,148,1403,810,27,1172,Remy Vivaldi,True
1912_02,Earth,False,E/32/S,PSO J318.5-22,33.0,False,1443,279,1205,165,16,Ilya Komarov,False
1913_01,Earth,False,D/93/S,PSO J318.5-22,27.4,False,293,1056,1322,414,802,Hiro Tanaka,True
1913_02,Earth,False,E/141/P,TRAPPIST-1e,20.2,True,430,1123,1046,1443,1447,Remy Vivaldi,False
1914_01,Mars,False,D/74/P,55 Cancri e,25.2,False,270,899,1429,277,205,Aria Lin,False
1914_02,Europa,True,A/40/P,55 Cancri e,11.4,False,0,0,0,0,0,Jordan Benson,True
1915_01,Mars,False,D/130/P,TRAPPIST-1e,15.8,False,857,876,861,335,605,Hiro Tanaka,False
1915_02,Mars,False,D/71/P,TRAPPIST-1e,3.2,False,591,1061,1013,1251,1157,Hiro Tanaka,False
1916_01,Europa,False,B/169/P,TRAPPIST-1e,32.4,False,424,586,805,719,1450,Priya Kaur,True
1916_02,Europa,False,G/117/P,TRAPPIST-1e,44.6,False,948,654,473,567,1384,Hiro Tanaka,True
1917_01,Europa,True,G/160/S,TRAPPIST-1e,23.8,False,0,0,0,0,0,Nova Stark,True
1917_02,Europa,False,C/67/S,PSO J318.5-22,25.3,False,214,899,1096,466,1294,Remy Vivaldi,False
1918_01,Europa,False,G/181/S,55 Cancri e,38.2,False,1042,624,371,183,1300,Jordan Benson,True
1918_02,Earth,True,D/66/P,PSO J318.5-22,31.0,False,0,0,0,0,0,Mila Benson,True
1919_01,Mars,False,G/86/S,PSO J318.5-22,24.4,False,1104,321,434,1066,1336,Aria Lin,False
1919_02,Europa,True,F/100/P,PSO J318.5-22,29.8,False,0,0,0,0,0,Ilya Komarov,False
1920_01,Earth,True,C/148/P,PSO J318.5-22,26.8,False,0,0,0,0,0,Ethan Zhao,True
1920_02,Mars,False,D/44/P,55 Cancri e,29.4,False,68,55,630,1227,419,Ethan Zhao,False
1921_01,Mars,False,B/38/P,TRAPPIST-1e,28.7,False,439,1286,1208,1078,1331,Jordan Benson,False
1921_02,Earth,True,C/89/S,55 Cancri e,16.5,False,0,0,0,0,0,Ethan Zhao,True
1922_01,Europa,True,G/92/S,55 Cancri e,30.8,False,0,0,0,0,0,Nova Stark,True
1922_02,Europa,False,C/185/S,TRAPPIST-1e,28.6,False,1400,1309,1161,614,1030,Jordan Benson,True
1923_01,Europa,True,D/117/P,TRAPPIST-1e,21.5,False,0,0,0,0,0,Leo Stark,True
1923_02,Mars,False,F/119/S,TRAPPIST-1e,35.1,False,419,275,607,570,89,Nova Stark,False
1924_01,Earth,False,B/53/P,TRAPPIST-1e,41.7,False,810,1378,1227,1312,867,Priya Kaur,True
1924_02,Mars,False,A/191/P,55 Cancri e,27.5,False,461,749,1196,300,599,Aria Lin,True
1925_01,Europa,False,E/120/P,TRAPPIST-1e,38.0,False,277,662,510,1369,1163,Mila Benson,False
1925_02,Europa,False,E/52/P,TRAPPIST-1e,27.2,False,113,579,1389,690,636,Remy Vivaldi,False
1926_01,Mars,False,C/140/S,TRAPPIST-1e,16.7,False,2,403,24,508,695,Ilya Komarov,True
1926_02,Earth,False,G/6/S,TRAPPIST-1e,28.8,False,1488,60,122,54,1186,Kai Vega,False
1927_01,Earth,False,F/42/S,PSO J318.5-22,36.7,False,1106,545,112,424,917,Remy Vivaldi,False
1927_02,Earth,True,E/188/S,TRAPPIST-1e,31.4,False,0,0,0,0,0,Aria Lin,True
1928_01,Earth,False,A/9/P,PSO J318.5-22,18.6,False,961,1205,1262,648,1362,Priya Kaur,False
1928_02,Europa,True,D/45/P,PSO J318.5-22,34.6,True,0,0,0,0,0,Remy Vivaldi,True
1929_01,Mars,True,B/83/P,TRAPPIST-1e,16.9,False,0,0,0,0,0,Priya Kaur,True
1929_02,Europa,False,F/70/P,PSO J318.5-22,30.6,False,186,1063,390,1283,654,Ilya Komarov,False
1930_01,Earth,False,D/197/P,55 Cancri e,24.4,True,1219,825,588,530,1085,Hiro Tanaka,True
1930_02,Mars,False,B/32/S,55 Cancri e,25.8,False,1350,280,226,638,1081,Priya Kaur,False
1931_01,Europa,False,B/53/P,TRAPPIST-1e,41.0,False,242,366,935,837,1275,Kai Vega,True
1931_02,Earth,False,D/101/S,55 Cancri e,27.2,False,905,1345,375,1432,710,Mila Benson,False
1932_01,Earth,True,F/85/P,TRAPPIST-1e,45.7,False,0,0,0,0,0,Aria Lin,True
1932_02,Mars,True,E/106/P,55 Cancri e,31.3,True,0,0,0,0,0,Lara Xel'Naga,True
1933_01,Earth,False,C/5/S,PSO J318.5-22,22.1,False,6,730,178,1168,415,Ethan Zhao,False
1933_02,Europa,False,B/32/S,TRAPPIST-1e,23.1,False,665,1144,1147,149,396,Nova Stark,True
1934_01,Earth,False,B/170/P,TRAPPIST-1e,23.4,False,243,1421,1274,878,1322,Priya Kaur,True
1934_02,Mars,False,F/78/P,TRAPPIST-1e,17.4,False,759,953,1320,976,1138,Ethan Zhao,True
1935_01,Europa,False,C/128/S,TRAPPIST-1e,44.1,False,762,334,464,1164,582,Ethan Zhao,False
1935_02,Earth,False,A/198/P,TRAPPIST-1e,32.7,False,136,1003,949,686,166,Nova Stark,False
1936_01,Earth,False,F/112/P,55 Cancri e,16.5,False,879,841,64,1090,432,Priya Kaur,False
1936_02,Earth,False,B/22/S,TRAPPIST-1e,23.4,False,1073,1337,1332,114,568,Mila Benson,False
1937_01,Earth,True,C/137/P,PSO J318.5-22,49.4,False,0,0,0,0,0,Ilya Komarov,True
1937_02,Mars,False,G/80/P,TRAPPIST-1e,24.6,False,1479,1322,967,821,201,Remy Vivaldi,False
1938_01,Europa,False,F/197/S,PSO J318.5-22,31.4,False,648,559,1041,477,487,Hiro Tanaka,False
1938_02,Earth,False,G/91/S,55 Cancri e,35.3,False,982,778,1469,339,611,Ilya Komarov,False
1939_01,Earth,True,B/115/P,TRAPPIST-1e,39.9,False,0,0,0,0,0,Nova Stark,True
1939_02,Earth,False,C/84/P,TRAPPIST-1e,23.3,False,1187,1245,125,656,1199,Mila Benson,False
1940_01,Mars,False,E/119/P,PSO J318.5-22,23.4,False,1398,990,1017,858,84,Nova Stark,False
1940_02,Earth,True,G/53/P,TRAPPIST-1e,37.0,False,0,0,0,0,0,Hiro Tanaka,True
1941_01,Earth,True,E/51/S,55 Cancri e,24.0,False,0,0,0,0,0,Ethan Zhao,True
1941_02,Europa,False,E/133/P,TRAPPIST-1e,44.3,False,1486,450,517,845,694,Ilya Komarov,True
1942_01,Earth,False,F/64/S,55 Cancri e,22.6,False,1031,1241,403,303,1490,Hiro Tanaka,True
1942_02,Earth,False,C/179/S,TRAPPIST-1e,27.5,False,739,87,1033,307,433,Remy Vivaldi,True
1943_01,Europa,False,E/133/S,TRAPPIST-1e,15.1,False,995,655,1358,17,1094,Ethan Zhao,False
1943_02,Mars,False,E/102/P,55 Cancri e,24.9,False,1198,810,338,247,1216,Kai Vega,False
1944_01,Europa,False,F/63/P,PSO J318.5-22,33.3,False,203,852,1146,446,712,Hiro Tanaka,True
1944_02,Earth,False,D/151/S,PSO J318.5-22,12.4,False,432,1151,821,1070,504,Hiro Tanaka,False
1945_01,Europa,False,C/71/S,55 Cancri e,36.6,False,222,635,671,957,932,Aria Lin,False
1945_02,Earth,True,G/12/S,TRAPPIST-1e,19.9,False,0,0,0,0,0,Lara Xel'Naga,True
1946_01,Earth,False,G/88/S,PSO J318.5-22,38.0,False,697,31,65,1202,778,Ilya Komarov,False
1946_02,Mars,True,D/8/S,TRAPPIST-1e,35.9,False,0,0,0,0,0,Aria Lin,False
1947_01,Earth,False,E/85/P,55 Cancri e,22.9,False,48,786,950,262,1156,Ethan Zhao,False
1947_02,Mars,False,G/81/S,55 Cancri e,0.0,False,343,1199,1414,10,200,Aria Lin,False
1948_01,Mars,False,G/142/P,TRAPPIST-1e,14.9,False,1237,807,1330,559,1350,Kai Vega,False
1948_02,Earth,False,F/10/S,PSO J318.5-22,42.2,False,198,108,1314,107,1431,Ilya Komarov,False
1949_01,Earth,False,G/120/S,TRAPPIST-1e,30.0,False,294,1212,64,573,464,Aria Lin,False
1949_02,Earth,False,A/165/P,55 Cancri e,28.4,False,257,1003,633,1354,209,Remy Vivaldi,False
1950_01,Earth,True,B/184/S,TRAPPIST-1e,19.3,True,0,0,0,0,0,Remy Vivaldi,True
1950_02,Europa,False,B/142/S,PSO J318.5-22,44.9,False,499,790,1492,591,1074,Ethan Zhao,True
1951_01,Earth,False,B/175/S,TRAPPIST-1e,19.7,False,228,149,1161,1158,1480,Ilya Komarov,True
1951_02,Europa,False,C/31/S,PSO J318.5-22,28.9,False,526,332,1385,173,1236,Kai Vega,False
1952_01,Earth,True,B/63/S,55 Cancri e,25.6,False,0,0,0,0,0,Kai Vega,True
1952_02,Europa,False,A/150/P,PSO J318.5-22,6.6,False,215,623,577,693,422,Nova Stark,False
1953_01,Mars,False,A/39/P,TRAPPIST-1e,25.7,False,687,722,746,241,664,Ilya Komarov,True
1953_02,Earth,False,C/68/S,55 Cancri e,34.5,False,707,434,780,483,1470,Ilya Komarov,False
1954_01,Earth,False,A/142/P,PSO J318.5-22,26.5,False,949,868,322,847,1497,Aria Lin,True
1954_02,Europa,False,G/4/S,TRAPPIST-1e,40.4,True,1255,695,358,1298,31,Ethan Zhao,False
1955_01,Earth,True,B/139/P,PSO J318.5-22,50.6,False,0,0,0,0,0,Mila Benson,True
1955_02,Earth,True,E/178/S,TRAPPIST-1e,28.6,False,0,0,0,0,0,Kai Vega,True
1956_01,Earth,False,C/149/S,TRAPPIST-1e,30.3,False,267,596,1011,65,132,Leo Stark,True
1956_02,Earth,False,D/128/S,PSO J318.5-22,25.9,False,915,1389,81,981,1351,Aria Lin,False
1957_01,Earth,True,B/125/S,TRAPPIST-1e,20.7,False,0,0,0,0,0,Hiro Tanaka,True
1957_02,Europa,False,A/8/P,PSO J318.5-22,35.8,False,1148,209,132,156,874,Remy Vivaldi,False
1958_01,Mars,False,G/37/S,55 Cancri e,24.4,True,571,1477,770,1185,300,Aria Lin,True
1958_02,Earth,False,C/87/P,TRAPPIST-1e,29.4,False,305,1,270,420,1166,Hiro Tanaka,True
1959_01,Europa,False,D/7/P,TRAPPIST-1e,37.8,False,993,1009,878,691,866,Lara Xel'Naga,True
1959_02,Earth,False,B/65/S,PSO J318.5-22,25.9,True,1060,106,1320,1120,280,Leo Stark,False
1960_01,Earth,False,D/47/P,55 Cancri e,21.6,False,187,751,869,1377,18,Aria Lin,True
1960_02,Europa,False,E/189/P,PSO J318.5-22,17.2,False,858,1416,1284,984,409,Hiro Tanaka,False
1961_01,Europa,False,A/1/S,TRAPPIST-1e,29.5,True,623,655,767,17,183,Jordan Benson,True
1961_02,Mars,True,A/144/P,TRAPPIST-1e,32.8,False,0,0,0,0,0,Aria Lin,True
1962_01,Europa,True,D/200/P,TRAPPIST-1e,37.7,False,0,0,0,0,0,Priya Kaur,True
1962_02,Europa,False,D/43/P,TRAPPIST-1e,16.8,False,704,1341,1414,1159,530,Lara Xel'Naga,True
1963_01,Europa,False,F/192/P,TRAPPIST-1e,24.5,False,445,1137,705,195,859,Lara Xel'Naga,False
1963_02,Europa,False,C/67/S,PSO J318.5-22,31.7,False,1346,627,980,629,1188,Priya Kaur,False
1964_01,Earth,False,C/126/S,TRAPPIST-1e,18.3,False,488,180,1100,373,627,Leo Stark,False
1964_02,Earth,False,G/68/S,TRAPPIST-1e,13.2,False,956,66,1115,778,650,Kai Vega,False
1965_01,Earth,True,D/56/S,55 Cancri e,23.3,False,0,0,0,0,0,Kai Vega,True
1965_02,Mars,False,C/4/S,TRAPPIST-1e,45.2,False,1327,397,702,1471,96,Ethan Zhao,False
1966_01,Mars,False,D/118/P,55 Cancri e,39.4,False,76,895,548,797,1448,Hiro Tanaka,False
1966_02,Europa,False,B/140/S,TRAPPIST-1e,45.8,False,1452,814,1021,134,653,Mila Benson,False
1967_01,Earth,False,B/103/P,PSO J318.5-22,40.0,False,719,612,483,1069,1466,Leo Stark,True
1967_02,Mars,True,C/51/S,TRAPPIST-1e,27.1,False,0,0,0,0,0,Leo Stark,True
1968_01,Mars,False,D/139/P,TRAPPIST-1e,47.2,False,1027,0,1313,108,459,Aria Lin,False
1968_02,Earth,False,G/148/S,PSO J318.5-22,36.3,False,265,1161,1457,43,885,Ilya Komarov,False
1969_01,Earth,False,B/195/S,TRAPPIST-1e,18.0,False,727,632,151,212,1015,Nova Stark,True
1969_02,Mars,False,C/22/S,TRAPPIST-1e,29.3,False,1257,862,622,360,319,Hiro Tanaka,True
1970_01,Europa,False,C/143/P,55 Cancri e,16.4,False,1419,930,488,600,773,Ethan Zhao,True
1970_02,Earth,False,G/186/S,55 Cancri e,26.4,False,877,1487,699,451,412,Jordan Benson,False
1971_01,Earth,False,F/27/P,55 Cancri e,23.8,False,1173,126,391,479,992,Mila Benson,True
1971_02,Earth,False,E/149/S,PSO J318.5-22,37.3,False,1420,922,401,273,844,Leo Stark,False
1972_01,Earth,False,C/106/P,PSO J318.5-22,25.6,False,102,1265,1140,1237,483,Jordan Benson,True
1972_02,Europa,False,A/174/S,TRAPPIST-1e,26.2,False,528,223,1293,1157,113,Ilya Komarov,False
1973_01,Mars,True,B/4/S,TRAPPIST-1e,31.0,False,0,0,0,0,0,Aria Lin,True
1973_02,Mars,True,G/161/P,PSO J318.5-22,39.1,False,0,0,0,0,0,Lara Xel'Naga,True
1974_01,Earth,False,B/159/S,TRAPPIST-1e,39.5,False,1491,1466,916,320,92,Hiro Tanaka,False
1974_02,Europa,False,F/168/S,PSO J318.5-22,40.9,False,1431,1181,871,98,224,Hiro Tanaka,False
1975_01,Europa,False,D/192/S,TRAPPIST-1e,24.5,False,1424,63,767,559,1302,Lara Xel'Naga,False
1975_02,Mars,False,F/158/S,PSO J318.5-22,25.9,False,669,1271,367,743,617,Mila Benson,True
1976_01,Mars,True,C/200/P,55 Cancri e,32.7,False,0,0,0,0,0,Aria Lin,False
1976_02,Earth,False,B/62/S,PSO J318.5-22,37.1,False,1083,499,1331,1006,410,Remy Vivaldi,False
1977_01,Mars,False,D/190/S,TRAPPIST-1e,25.0,False,162,59,1054,332,75,Ethan Zhao,False
1977_02,Mars,False,A/136/S,TRAPPIST-1e,34.5,False,316,1440,189,1338,295,Jordan Benson,False
1978_01,Mars,False,F/12/S,55 Cancri e,14.8,False,805,859,214,652,596,Ethan Zhao,False
1978_02,Mars,True,C/151/P,55 Cancri e,38.9,False,0,0,0,0,0,Nova Stark,True
1979_01,Earth,True,A/173/S,55 Cancri e,15.8,False,0,0,0,0,0,Nova Stark,True
1979_02,Europa,False,D/54/P,TRAPPIST-1e,32.0,False,550,1389,618,347,141,Remy Vivaldi,False
1980_01,Mars,False,A/25/P,TRAPPIST-1e,20.4,False,213,199,404,420,6,Mila Benson,False
1980_02,Mars,False,F/19/S,55 Cancri e,13.9,False,591,285,670,388,415,Priya Kaur,False
1981_01,Europa,False,C/153/P,TRAPPIST-1e,35.4,False,1004,1316,333,271,1066,Nova Stark,False
1981_02,Mars,True,F/54/P,PSO J318.5-22,25.2,False,0,0,0,0,0,Ethan Zhao,True
1982_01,Earth,False,G/137/P,PSO J318.5-22,17.5,True,759,1195,320,738,1067,Lara Xel'Naga,True
1982_02,Mars,True,C/158/S,PSO J318.5-22,34.8,False,0,0,0,0,0,Mila Benson,True
1983_01,Earth,True,G/42/S,55 Cancri e,27.2,False,0,0,0,0,0,Ethan Zhao,True
1983_02,Earth,False,G/73/S,PSO J318.5-22,10.3,False,745,928,847,867,773,Ethan Zhao,False
1984_01,Mars,False,A/76/P,55 Cancri e,24.7,False,1257,539,251,835,448,Ilya Komarov,False
1984_02,Mars,False,C/175/S,TRAPPIST-1e,31.9,False,1262,489,463,313,1198,Leo Stark,True
1985_01,Earth,False,E/13/S,TRAPPIST-1e,22.9,False,294,1238,985,761,768,Hiro Tanaka,False
1985_02,Earth,False,G/110/S,55 Cancri e,42.3,False,1098,343,141,717,1222,Priya Kaur,False
1986_01,Mars,False,C/85/S,55 Cancri e,25.6,False,227,410,951,897,690,Jordan Benson,True
1986_02,Earth,True,E/35/P,55 Cancri e,27.0,False,0,0,0,0,0,Mila Benson,True
1987_01,Europa,False,F/117/S,PSO J318.5-22,24.5,False,878,1156,1212,355,70,Ethan Zhao,False
1987_02,Earth,False,B/133/P,TRAPPIST-1e,17.0,False,262,305,557,1247,1351,Kai Vega,False
1988_01,Mars,True,C/123/P,55 Cancri e,51.3,False,0,0,0,0,0,Aria Lin,True
1988_02,Earth,False,A/93/S,55 Cancri e,41.0,False,1088,192,952,1085,1264,Lara Xel'Naga,False
1989_01,Europa,False,G/16/S,TRAPPIST-1e,40.5,False,453,573,618,636,300,Nova Stark,False
1989_02,Mars,True,C/60/P,TRAPPIST-1e,23.9,True,0,0,0,0,0,Ethan Zhao,True
1990_01,Europa,False,B/64/P,TRAPPIST-1e,9.4,False,673,301,336,31,1121,Aria Lin,True
1990_02,Europa,False,D/18/S,PSO J318.5-22,32.9,False,772,1214,1071,1273,1249,Kai Vega,True
1991_01,Mars,False,G/17/P,TRAPPIST-1e,31.1,False,796,1203,813,664,745,Remy Vivaldi,False
1991_02,Earth,False,G/48/S,55 Cancri e,26.2,False,1046,929,962,1393,1268,Mila Benson,False
1992_01,Mars,True,F/77/S,PSO J318.5-22,16.6,False,0,0,0,0,0,Nova Stark,True
1992_02,Mars,True,D/84/S,TRAPPIST-1e,30.4,False,0,0,0,0,0,Mila Benson,True
1993_01,Mars,False,B/87/P,TRAPPIST-1e,37.9,False,95,1142,1397,273,877,Aria Lin,False
1993_02,Mars,False,E/11/S,PSO J318.5-22,21.8,False,849,1200,783,1300,1161,Hiro Tanaka,False
1994_01,Europa,False,C/45/P,PSO J318.5-22,18.4,False,1159,1390,372,1149,1462,Kai Vega,False
1994_02,Earth,False,A/63/P,PSO J318.5-22,26.2,False,807,743,50,1160,1181,Aria Lin,True
1995_01,Europa,False,G/118/P,PSO J318.5-22,38.8,False,442,325,639,828,79,Lara Xel'Naga,True
1995_02,Earth,False,B/111/S,55 Cancri e,27.8,False,473,376,918,332,1198,Kai Vega,True
1996_01,Mars,False,F/124/S,TRAPPIST-1e,26.0,False,218,947,277,594,934,Priya Kaur,False
1996_02,Europa,False,D/37/S,PSO J318.5-22,28.8,False,140,845,1007,876,109,Mila Benson,False
1997_01,Earth,True,D/115/P,TRAPPIST-1e,30.1,False,0,0,0,0,0,Jordan Benson,False
1997_02,Earth,False,F/138/P,TRAPPIST-1e,12.8,False,712,1342,1222,795,728,Aria Lin,False
1998_01,Europa,False,F/181/S,55 Cancri e,19.1,False,1040,314,1459,1411,76,Leo Stark,True
1998_02,Europa,True,G/116/S,PSO J318.5-22,37.0,False,0,0,0,0,0,Mila Benson,True
1999_01,Earth,True,E/92/S,TRAPPIST-1e,30.1,False,0,0,0,0,0,Lara Xel'Naga,True
1999_02,Earth,False,F/33/P,55 Cancri e,37.9,False,1058,853,1484,1161,708,Ilya Komarov,False
2000_01,Earth,False,B/66/P,PSO J318.5-22,23.5,False,187,1086,819,1302,1194,Lara Xel'Naga,False
2000_02,Earth,True,D/134/P,55 Cancri e,9.2,False,0,0,0,0,0,Ilya Komarov,True
2001_01,Earth,True,D/123/P,TRAPPIST-1e,12.8,False,0,0,0,0,0,Leo Stark,True
2001_02,Earth,False,F/118/P,55 Cancri e,30.3,False,200,1158,271,534,1465,Nova Stark,False
2002_01,Earth,True,C/132/S,PSO J318.5-22,10.4,False,0,0,0,0,0,Ilya Komarov,True
2002_02,Earth,True,B/160/P,PSO J318.5-22,32.8,False,0,0,0,0,0,Priya Kaur,True
2003_01,Mars,False,F/113/P,TRAPPIST-1e,33.1,False,1039,727,627,117,269,Leo Stark,False
2003_02,Earth,False,C/81/S,TRAPPIST-1e,37.7,False,1418,978,854,161,699,Mila Benson,False
2004_01,Earth,False,E/83/P,TRAPPIST-1e,14.7,False,27,1447,561,882,155,Ethan Zhao,True
2004_02,Earth,False,A/178/P,TRAPPIST-1e,49.1,False,1347,1371,1144,651,820,Priya Kaur,False
2005_01,Europa,False,E/58/P,TRAPPIST-1e,20.7,False,1363,311,375,1369,149,Hiro Tanaka,True
2005_02,Mars,False,A/10/P,TRAPPIST-1e,12.8,False,584,580,976,176,353,Remy Vivaldi,True
2006_01,Earth,False,B/84/S,55 Cancri e,41.8,True,766,995,972,915,477,Aria Lin,False
2006_02,Mars,True,G/118/P,TRAPPIST-1e,28.8,False,0,0,0,0,0,Nova Stark,True
2007_01,Europa,False,D/179/S,TRAPPIST-1e,35.7,False,194,1210,1473,495,514,Nova Stark,False
2007_02,Europa,False,C/7/S,TRAPPIST-1e,28.2,False,695,272,879,51,262,Remy Vivaldi,False
2008_01,Mars,True,F/162/P,55 Cancri e,41.4,False,0,0,0,0,0,Priya Kaur,True
2008_02,Earth,False,E/58/S,TRAPPIST-1e,31.6,False,309,15,194,1466,302,Lara Xel'Naga,False
2009_01,Europa,False,B/16/S,PSO J318.5-22,29.6,False,831,561,1492,40,1479,Aria Lin,False
2009_02,Earth,False,A/101/S,TRAPPIST-1e,24.7,False,533,370,1205,516,656,Hiro Tanaka,False
2010_01,Earth,True,G/96/S,TRAPPIST-1e,24.1,False,0,0,0,0,0,Nova Stark,True
2010_02,Earth,True,G/171/P,55 Cancri e,14.3,False,0,0,0,0,0,Hiro Tanaka,False
2011_01,Mars,True,E/188/P,TRAPPIST-1e,24.5,False,0,0,0,0,0,Remy Vivaldi,False
2011_02,Mars,False,B/45/P,TRAPPIST-1e,32.4,False,277,52,1033,747,463,Kai Vega,False
2012_01,Earth,True,F/45/P,PSO J318.5-22,19.5,False,0,0,0,0,0,Kai Vega,True
2012_02,Earth,False,A/46/P,55 Cancri e,45.4,False,18,54,720,1044,1305,Nova Stark,False
2013_01,Europa,True,D/147/S,55 Cancri e,42.3,False,0,0,0,0,0,Ethan Zhao,True
2013_02,Mars,False,C/23/P,PSO J318.5-22,21.0,False,1440,807,722,284,510,Lara Xel'Naga,False
2014_01,Mars,True,E/153/P,TRAPPIST-1e,11.0,False,0,0,0,0,0,Kai Vega,True
2014_02,Europa,False,C/129/S,55 Cancri e,38.5,False,1268,392,1166,793,219,Remy Vivaldi,False
2015_01,Europa,False,F/46/S,55 Cancri e,24.0,False,638,1055,776,333,1463,Jordan Benson,True
2015_02,Earth,True,B/30/P,TRAPPIST-1e,34.7,True,0,0,0,0,0,Lara Xel'Naga,True
2016_01,Europa,False,E/22/P,TRAPPIST-1e,15.7,False,1116,357,1419,827,59,Hiro Tanaka,False
2016_02,Mars,True,E/135/P,55 Cancri e,29.3,False,0,0,0,0,0,Priya Kaur,True
2017_01,Europa,False,D/78/S,TRAPPIST-1e,34.6,False,1057,1057,1440,707,1181,Hiro Tanaka,True
2017_02,Europa,False,A/132/P,TRAPPIST-1e,19.0,False,365,1363,857,1358,326,Remy Vivaldi,False
2018_01,Mars,False,F/53/P,55 Cancri e,25.7,False,1491,1166,608,308,400,Remy Vivaldi,False
2018_02,Europa,False,A/77/P,55 Cancri e,33.5,False,1343,211,316,184,1228,Aria Lin,True
2019_01,Mars,False,A/159/P,55 Cancri e,36.8,False,1414,519,276,1005,201,Ilya Komarov,True
2019_02,Earth,False,A/29/P,PSO J318.5-22,45.3,False,213,605,477,507,1098,Lara Xel'Naga,True
2020_01,Earth,True,G/68/S,55 Cancri e,28.1,True,0,0,0,0,0,Ilya Komarov,True
2020_02,Mars,False,D/89/P,PSO J318.5-22,17.2,False,141,321,460,706,669,Nova Stark,False
2021_01,Earth,False,G/168/S,TRAPPIST-1e,17.5,False,515,1334,1294,575,1472,Leo Stark,False
2021_02,Earth,True,A/51/S,PSO J318.5-22,41.7,False,0,0,0,0,0,Jordan Benson,True
2022_01,Europa,False,G/15/S,PSO J318.5-22,51.1,False,163,605,1272,1091,854,Ilya Komarov,False
2022_02,Earth,False,G/147/S,PSO J318.5-22,30.1,False,1044,830,596,1413,535,Leo Stark,False
2023_01,Mars,True,C/153/S,TRAPPIST-1e,19.6,False,0,0,0,0,0,Leo Stark,True
2023_02,Europa,True,F/36/P,TRAPPIST-1e,24.2,False,0,0,0,0,0,Mila Benson,True
2024_01,Earth,False,C/134/P,TRAPPIST-1e,33.7,False,433,1403,1463,887,782,Jordan Benson,True
2024_02,Earth,False,B/64/P,TRAPPIST-1e,38.1,False,1362,987,1447,168,708,Mila Benson,False
2025_01,Mars,False,E/200/S,TRAPPIST-1e,24.4,False,228,1184,426,121,148,Ethan Zhao,False
2025_02,Mars,False,E/167/P,TRAPPIST-1e,42.6,False,851,704,110,1244,63,Hiro Tanaka,False
2026_01,Europa,False,B/135/S,55 Cancri e,35.9,False,1497,908,12,933,1176,Lara Xel'Naga,False
2026_02,Mars,False,F/71/S,TRAPPIST-1e,24.9,False,238,1213,662,1109,1044,Jordan Benson,True
2027_01,Europa,True,E/108/P,TRAPPIST-1e,38.0,False,0,0,0,0,0,Priya Kaur,False
2027_02,Europa,False,D/127/P,55 Cancri e,59.0,False,963,75,328,1439,1226,Remy Vivaldi,False
2028_01,Mars,False,B/38/P,55 Cancri e,35.1,True,224,472,359,539,810,Kai Vega,False
2028_02,Mars,True,C/133/S,55 Cancri e,39.5,False,0,0,0,0,0,Kai Vega,True
2029_01,Europa,False,F/69/P,TRAPPIST-1e,30.2,False,1268,1242,290,1481,203,Jordan Benson,True
2029_02,Mars,True,D/86/S,TRAPPIST-1e,14.1,False,0,0,0,0,0,Ilya Komarov,True
2030_01,Earth,True,E/78/P,55 Cancri e,23.5,False,0,0,0,0,0,Ethan Zhao,True
2030_02,Earth,False,C/113/P,55 Cancri e,40.9,False,510,923,277,1004,15,Kai Vega,False
2031_01,Europa,False,A/19/S,55 Cancri e,19.8,False,598,1101,927,1090,858,Jordan Benson,False
2031_02,Earth,False,D/20/P,55 Cancri e,29.2,False,213,448,964,1456,1138,Leo Stark,False
2032_01,Earth,False,C/87/S,TRAPPIST-1e,39.0,False,1047,538,944,1098,752,Kai Vega,True
2032_02,Mars,False,B/98/S,PSO J318.5-22,27.1,False,534,672,1064,567,1436,Remy Vivaldi,False
2033_01,Earth,False,G/7/P,TRAPPIST-1e,29.0,False,704,238,1065,733,799,Aria Lin,True
2033_02,Europa,False,C/146/S,PSO J318.5-22,18.5,False,9,746,1288,1468,138,Leo Stark,True
2034_01,Earth,False,G/23/P,55 Cancri e,40.3,False,263,944,919,160,1256,Aria Lin,False
2034_02,Earth,False,B/57/S,55 Cancri e,32.4,False,490,769,310,226,272,Kai Vega,False
2035_01,Europa,True,G/187/S,PSO J318.5-22,23.7,False,0,0,0,0,0,Remy Vivaldi,True
2035_02,Mars,True,C/169/P,55 Cancri e,29.9,False,0,0,0,0,0,Aria Lin,True
2036_01,Earth,False,E/50/S,TRAPPIST-1e,48.6,False,1450,374,566,867,754,Hiro Tanaka,False
2036_02,Mars,False,C/9/P,TRAPPIST-1e,24.0,False,251,306,1453,674,867,Ethan Zhao,False
2037_01,Europa,False,A/62/S,55 Cancri e,38.9,False,513,768,441,0,357,Priya Kaur,True
2037_02,Europa,False,G/119/P,TRAPPIST-1e,26.5,False,1138,902,1220,273,855,Lara Xel'Naga,False
2038_01,Europa,False,F/148/S,PSO J318.5-22,18.0,False,480,454,195,795,598,Lara Xel'Naga,False
2038_02,Mars,True,E/192/S,55 Cancri e,31.3,False,0,0,0,0,0,Kai Vega,True
2039_01,Earth,False,G/179/S,PSO J318.5-22,30.3,False,438,649,358,1059,1057,Nova Stark,False
2039_02,Earth,False,B/129/P,TRAPPIST-1e,22.7,False,1111,657,15,744,420,Ethan Zhao,False
2040_01,Europa,False,F/115/P,TRAPPIST-1e,29.9,False,1031,1495,1491,879,851,Hiro Tanaka,False
2040_02,Earth,False,C/150/P,TRAPPIST-1e,37.8,False,509,1425,1199,965,913,Jordan Benson,False
2041_01,Europa,True,B/42/S,TRAPPIST-1e,47.5,False,0,0,0,0,0,Priya Kaur,True
2041_02,Europa,True,F/12/P,TRAPPIST-1e,40.9,False,0,0,0,0,0,Ilya Komarov,True
2042_01,Earth,True,F/160/S,PSO J318.5-22,21.5,False,0,0,0,0,0,Ilya Komarov,True
2042_02,Earth,False,B/11/S,PSO J318.5-22,25.9,False,793,346,1055,907,1023,Hiro Tanaka,False
2043_01,Earth,True,G/74/P,PSO J318.5-22,29.3,False,0,0,0,0,0,Aria Lin,False
2043_02,Earth,False,C/199/P,55 Cancri e,29.4,False,1365,1254,300,1016,25,Remy Vivaldi,False
2044_01,Europa,False,D/183/S,TRAPPIST-1e,22.3,False,1308,449,319,155,470,Hiro Tanaka,False
2044_02,Earth,False,A/36/S,TRAPPIST-1e,34.5,False,419,1136,650,1445,885,Aria Lin,False
2045_01,Europa,False,G/22/S,55 Cancri e,32.1,False,941,993,1308,571,53,Ethan Zhao,False
2045_02,Earth,False,G/120/P,PSO J318.5-22,30.5,False,604,324,969,1481,884,Hiro Tanaka,True
2046_01,Europa,False,D/187/P,TRAPPIST-1e,18.5,False,1033,1381,202,57,1246,Jordan Benson,True
2046_02,Mars,True,D/183/P,TRAPPIST-1e,22.7,False,0,0,0,0,0,Priya Kaur,True
2047_01,Europa,False,C/78/P,PSO J318.5-22,36.3,False,546,870,102,1184,1223,Ilya Komarov,True
2047_02,Europa,False,F/133/S,PSO J318.5-22,14.5,False,1183,864,1159,397,391,Ilya Komarov,False
2048_01,Europa,False,C/144/S,55 Cancri e,42.0,True,1077,1300,110,223,74,Ilya Komarov,False
2048_02,Earth,False,C/63/P,TRAPPIST-1e,15.3,False,505,1037,769,481,1212,Lara Xel'Naga,True
2049_01,Europa,False,E/8/P,PSO J318.5-22,45.0,False,1207,1040,964,11,1189,Ilya Komarov,False
2049_02,Europa,True,D/171/S,55 Cancri e,21.0,False,0,0,0,0,0,Lara Xel'Naga,True
2050_01,Mars,False,G/53/P,55 Cancri e,26.4,False,168,846,169,764,1369,Nova Stark,False
2050_02,Mars,False,G/172/P,TRAPPIST-1e,22.3,False,498,1483,1320,1165,896,Mila Benson,False
2051_01,Earth,False,F/121/P,PSO J318.5-22,13.6,False,1076,117,364,135,1437,Mila Benson,False
2051_02,Earth,False,G/16/S,PSO J318.5-22,8.6,False,1100,556,17,402,204,Leo Stark,False
2052_01,Europa,True,A/128/P,55 Cancri e,37.5,False,0,0,0,0,0,Priya Kaur,True
2052_02,Mars,True,B/173/S,55 Cancri e,24.8,False,0,0,0,0,0,Priya Kaur,True
2053_01,Mars,False,B/158/S,TRAPPIST-1e,12.2,False,478,163,323,550,830,Ilya Komarov,False
2053_02,Europa,False,G/88/S,TRAPPIST-1e,16.1,False,639,633,758,207,314,Leo Stark,False
2054_01,Mars,False,A/198/P,55 Cancri e,30.1,False,803,1247,1111,1452,1243,Hiro Tanaka,True
2054_02,Mars,False,A/11/P,TRAPPIST-1e,9.6,False,274,953,1089,1446,254,Lara Xel'Naga,False
2055_01,Earth,True,B/102/P,TRAPPIST-1e,13.1,False,0,0,0,0,0,Ethan Zhao,True
2055_02,Earth,False,C/114/P,TRAPPIST-1e,28.6,True,446,386,382,1300,1405,Ethan Zhao,False
2056_01,Mars,False,G/67/P,PSO J318.5-22,9.2,False,1134,1404,1181,727,895,Nova Stark,True
2056_02,Mars,False,F/39/S,55 Cancri e,34.4,False,1141,327,693,1091,1457,Ilya Komarov,False
2057_01,Earth,False,E/52/S,PSO J318.5-22,14.7,False,442,163,972,360,584,Hiro Tanaka,False
2057_02,Earth,False,C/54/S,PSO J318.5-22,25.2,False,1142,852,1010,1218,1023,Leo Stark,False
2058_01,Earth,True,D/112/P,TRAPPIST-1e,34.7,False,0,0,0,0,0,Lara Xel'Naga,True
2058_02,Mars,False,B/198/P,55 Cancri e,24.3,False,665,564,1165,831,975,Remy Vivaldi,False
2059_01,Earth,True,G/149/P,TRAPPIST-1e,22.8,True,0,0,0,0,0,Remy Vivaldi,True
2059_02,Europa,False,F/14/P,55 Cancri e,13.5,False,380,555,61,712,846,Kai Vega,True
2060_01,Earth,True,A/53/S,TRAPPIST-1e,27.6,False,0,0,0,0,0,Remy Vivaldi,True
2060_02,Europa,True,A/162/P,55 Cancri e,32.7,False,0,0,0,0,0,Leo Stark,True
2061_01,Earth,True,F/125/P,TRAPPIST-1e,5.4,False,0,0,0,0,0,Ilya Komarov,True
2061_02,Mars,False,F/161/S,PSO J318.5-22,41.3,False,42,1076,1255,1235,7,Aria Lin,True
2062_01,Mars,False,D/139/P,PSO J318.5-22,6.1,False,1256,1093,1039,68,52,Kai Vega,False
2062_02,Europa,False,C/187/P,TRAPPIST-1e,20.6,False,684,993,1402,1486,526,Aria Lin,False
2063_01,Earth,False,F/41/S,TRAPPIST-1e,24.3,True,1144,857,1263,1488,1130,Remy Vivaldi,False
2063_02,Europa,False,B/166/S,55 Cancri e,23.9,False,179,1039,354,933,1332,Hiro Tanaka,True
2064_01,Europa,False,E/143/P,PSO J318.5-22,34.2,False,180,173,353,353,1242,Mila Benson,True
2064_02,Mars,False,E/120/P,PSO J318.5-22,20.7,False,1338,433,904,281,258,Ethan Zhao,False
2065_01,Earth,True,E/131/S,PSO J318.5-22,28.0,False,0,0,0,0,0,Aria Lin,True
2065_02,Mars,False,G/21/P,TRAPPIST-1e,17.1,False,595,393,335,62,43,Leo Stark,False
2066_01,Europa,False,D/164/P,TRAPPIST-1e,36.2,False,1381,425,482,213,78,Remy Vivaldi,False
2066_02,Mars,False,A/77/S,TRAPPIST-1e,34.6,False,138,949,97,663,197,Hiro Tanaka,False
2067_01,Europa,True,F/1/P,55 Cancri e,17.5,False,0,0,0,0,0,Kai Vega,True
2067_02,Mars,False,B/27/S,TRAPPIST-1e,31.7,False,227,1480,521,148,1081,Leo Stark,True
2068_01,Europa,False,B/147/S,TRAPPIST-1e,12.7,False,1450,394,800,185,557,Kai Vega,False
2068_02,Europa,True,B/143/S,TRAPPIST-1e,42.1,False,0,0,0,0,0,Kai Vega,True
2069_01,Mars,False,F/95/P,TRAPPIST-1e,36.7,False,829,1471,86,1272,1463,Priya Kaur,False
2069_02,Earth,True,F/24/P,PSO J318.5-22,38.7,False,0,0,0,0,0,Ilya Komarov,False
2070_01,Mars,False,B/175/P,TRAPPIST-1e,38.2,False,515,946,1225,755,796,Aria Lin,False
2070_02,Earth,False,G/48/P,PSO J318.5-22,23.4,False,1203,685,324,622,686,Priya Kaur,False
2071_01,Mars,True,A/110/S,TRAPPIST-1e,22.9,False,0,0,0,0,0,Hiro Tanaka,True
2071_02,Europa,True,E/133/S,TRAPPIST-1e,37.3,False,0,0,0,0,0,Ethan Zhao,True
2072_01,Mars,True,G/191/P,55 Cancri e,7.6,False,0,0,0,0,0,Ilya Komarov,True
2072_02,Mars,False,F/177/P,PSO J318.5-22,34.4,False,1209,47,1409,1231,1180,Nova Stark,False
2073_01,Europa,False,A/124/S,TRAPPIST-1e,14.3,False,874,1488,131,624,600,Hiro Tanaka,False
2073_02,Europa,True,A/107/S,PSO J318.5-22,29.9,False,0,0,0,0,0,Aria Lin,True
2074_01,Mars,True,C/90/S,TRAPPIST-1e,35.6,False,0,0,0,0,0,Leo Stark,True
2074_02,Europa,False,C/127/P,PSO J318.5-22,20.1,False,1435,35,777,222,529,Remy Vivaldi,False
2075_01,Europa,False,A/191/S,TRAPPIST-1e,7.8,False,497,510,702,993,948,Hiro Tanaka,True
2075_02,Earth,False,C/23/P,55 Cancri e,33.9,False,1366,840,5,957,193,Kai Vega,False
2076_01,Mars,True,E/193/P,55 Cancri e,25.7,False,0,0,0,0,0,Kai Vega,True
2076_02,Europa,False,E/82/P,55 Cancri e,10.7,True,875,1206,1191,37,470,Lara Xel'Naga,False
2077_01,Earth,True,A/131/S,TRAPPIST-1e,27.5,False,0,0,0,0,0,Hiro Tanaka,False
2077_02,Earth,True,B/77/P,TRAPPIST-1e,27.5,False,0,0,0,0,0,Leo Stark,True
2078_01,Earth,False,B/27/S,TRAPPIST-1e,19.8,True,1321,1061,501,1451,663,Remy Vivaldi,False
2078_02,Earth,True,E/12/P,TRAPPIST-1e,49.2,False,0,0,0,0,0,Leo Stark,True
2079_01,Mars,False,C/151/P,TRAPPIST-1e,41.5,False,1120,107,630,150,1097,Kai Vega,False
2079_02,Mars,False,E/32/P,55 Cancri e,22.0,False,1080,877,334,1275,803,Lara Xel'Naga,True
2080_01,Earth,True,G/61/S,PSO J318.5-22,26.5,False,0,0,0,0,0,Nova Stark,True
2080_02,Mars,False,F/180/P,PSO J318.5-22,39.1,False,1261,690,738,1489,743,Aria Lin,True
2081_01,Earth,True,E/155/P,TRAPPIST-1e,26.6,False,0,0,0,0,0,Lara Xel'Naga,False
2081_02,Mars,False,F/103/P,TRAPPIST-1e,48.2,False,1230,649,402,996,232,Priya Kaur,False
2082_01,Europa,True,G/7/P,55 Cancri e,32.4,False,0,0,0,0,0,Ilya Komarov,True
2082_02,Mars,True,A/18/P,TRAPPIST-1e,30.2,False,0,0,0,0,0,Ilya Komarov,True
2083_01,Mars,True,C/144/P,TRAPPIST-1e,34.5,False,0,0,0,0,0,Aria Lin,False
2083_02,Europa,True,E/198/P,TRAPPIST-1e,44.4,False,0,0,0,0,0,Aria Lin,True
2084_01,Mars,True,C/87/P,55 Cancri e,42.5,False,0,0,0,0,0,Ethan Zhao,False
2084_02,Earth,False,E/106/S,TRAPPIST-1e,14.1,False,1488,695,156,564,201,Aria Lin,False
2085_01,Mars,True,A/165/S,PSO J318.5-22,10.4,False,0,0,0,0,0,Hiro Tanaka,False
2085_02,Europa,True,G/143/S,TRAPPIST-1e,32.3,False,0,0,0,0,0,Ethan Zhao,True
2086_01,Mars,True,E/57/P,TRAPPIST-1e,22.7,False,0,0,0,0,0,Remy Vivaldi,True
2086_02,Mars,True,B/11/S,TRAPPIST-1e,14.0,False,0,0,0,0,0,Remy Vivaldi,True
2087_01,Europa,True,D/127/S,55 Cancri e,27.4,False,0,0,0,0,0,Leo Stark,True
2087_02,Mars,True,A/100/S,TRAPPIST-1e,42.9,False,0,0,0,0,0,Lara Xel'Naga,False
2088_01,Europa,True,A/167/P,TRAPPIST-1e,24.5,False,0,0,0,0,0,Hiro Tanaka,False
2088_02,Mars,False,D/82/S,PSO J318.5-22,25.4,False,257,173,329,1254,758,Jordan Benson,True
2089_01,Mars,True,F/17/P,TRAPPIST-1e,24.4,False,0,0,0,0,0,Lara Xel'Naga,False
2089_02,Europa,False,B/174/P,TRAPPIST-1e,13.0,False,142,1305,906,639,26,Nova Stark,False
2090_01,Europa,False,D/149/P,TRAPPIST-1e,19.3,False,201,1044,669,1117,1031,Lara Xel'Naga,True
2090_02,Earth,False,C/154/S,55 Cancri e,24.7,False,471,1362,258,54,910,Priya Kaur,False
2091_01,Earth,False,E/181/S,PSO J318.5-22,23.7,False,1073,111,145,229,496,Leo Stark,False
2091_02,Earth,False,C/8/S,TRAPPIST-1e,3.1,False,1329,460,806,225,58,Lara Xel'Naga,False
2092_01,Earth,False,A/133/P,TRAPPIST-1e,21.4,False,931,497,815,909,1328,Jordan Benson,False
2092_02,Mars,False,C/66/S,TRAPPIST-1e,29.7,False,66,229,982,332,276,Ethan Zhao,True
2093_01,Europa,False,A/66/P,PSO J318.5-22,21.1,False,143,1274,690,1103,56,Remy Vivaldi,True
2093_02,Mars,False,C/145/S,TRAPPIST-1e,27.1,False,1389,307,173,1485,749,Mila Benson,False
2094_01,Europa,False,E/9/S,TRAPPIST-1e,53.2,False,559,1397,348,1090,329,Ilya Komarov,True
2094_02,Mars,False,E/57/S,55 Cancri e,31.7,False,193,1178,1183,265,167,Ilya Komarov,True
2095_01,Europa,False,A/79/P,PSO J318.5-22,28.0,False,773,1446,1006,785,456,Mila Benson,True
2095_02,Mars,False,G/167/S,55 Cancri e,31.0,False,344,734,553,1020,787,Remy Vivaldi,False
2096_01,Europa,False,D/104/S,PSO J318.5-22,32.1,False,246,811,1046,952,814,Hiro Tanaka,False
2096_02,Earth,True,D/74/S,TRAPPIST-1e,23.7,False,0,0,0,0,0,Aria Lin,True
2097_01,Mars,False,F/183/S,55 Cancri e,41.1,False,374,676,691,628,1289,Mila Benson,True
2097_02,Europa,False,E/115/S,TRAPPIST-1e,12.2,False,1401,555,862,73,437,Leo Stark,False
2098_01,Europa,False,D/112/P,PSO J318.5-22,29.4,False,965,347,475,1338,524,Hiro Tanaka,False
2098_02,Earth,False,D/141/S,55 Cancri e,26.8,False,1448,523,561,1272,568,Jordan Benson,False
2099_01,Mars,True,D/191/S,PSO J318.5-22,22.6,False,0,0,0,0,0,Lara Xel'Naga,True
2099_02,Mars,False,D/34/P,TRAPPIST-1e,17.9,False,830,71,754,1154,456,Lara Xel'Naga,False
2100_01,Earth,True,B/88/P,TRAPPIST-1e,18.5,False,0,0,0,0,0,Leo Stark,False
2100_02,Earth,False,F/134/S,55 Cancri e,41.7,False,51,1003,573,1142,1287,Jordan Benson,False
2101_01,Earth,False,G/15/S,PSO J318.5-22,21.9,False,684,1332,56,949,1426,Aria Lin,False
2101_02,Europa,False,C/51/P,TRAPPIST-1e,18.5,False,1090,1069,605,368,231,Priya Kaur,True
2102_01,Mars,True,E/160/P,TRAPPIST-1e,21.9,False,0,0,0,0,0,Remy Vivaldi,True
2102_02,Europa,False,A/2/P,TRAPPIST-1e,41.4,False,573,1290,840,117,1078,Hiro Tanaka,True
2103_01,Earth,False,B/186/P,TRAPPIST-1e,31.1,False,112,165,667,1031,713,Aria Lin,False
2103_02,Earth,False,G/138/S,55 Cancri e,33.4,False,1240,430,1315,892,1073,Ethan Zhao,False
2104_01,Earth,False,F/120/S,55 Cancri e,24.9,False,621,994,144,739,820,Lara Xel'Naga,False
2104_02,Earth,True,B/25/P,55 Cancri e,29.5,False,0,0,0,0,0,Lara Xel'Naga,True
2105_01,Earth,False,E/175/P,55 Cancri e,34.5,False,1298,123,85,46,943,Mila Benson,False
2105_02,Europa,False,B/80/P,55 Cancri e,37.2,False,1224,1299,1153,1471,803,Ilya Komarov,False
2106_01,Europa,False,D/56/S,TRAPPIST-1e,36.2,False,631,1301,713,1069,1191,Ilya Komarov,False
2106_02,Europa,False,C/33/S,TRAPPIST-1e,28.9,False,1468,621,45,723,539,Kai Vega,False
2107_01,Mars,True,F/194/S,PSO J318.5-22,16.6,False,0,0,0,0,0,Kai Vega,True
2107_02,Earth,True,C/52/S,TRAPPIST-1e,42.7,False,0,0,0,0,0,Ilya Komarov,False
2108_01,Europa,False,B/142/P,TRAPPIST-1e,29.2,True,702,1473,231,185,325,Remy Vivaldi,True
2108_02,Mars,True,F/135/P,55 Cancri e,30.6,False,0,0,0,0,0,Lara Xel'Naga,True
2109_01,Earth,False,D/112/S,TRAPPIST-1e,41.9,False,1486,1440,1225,1088,955,Priya Kaur,True
2109_02,Mars,False,C/83/S,TRAPPIST-1e,22.5,False,554,732,1040,796,1206,Lara Xel'Naga,True
2110_01,Mars,False,A/176/P,PSO J318.5-22,22.1,False,481,1286,1197,1464,565,Priya Kaur,False
2110_02,Earth,True,G/193/P,TRAPPIST-1e,33.9,False,0,0,0,0,0,Aria Lin,True
2111_01,Mars,False,F/22/S,TRAPPIST-1e,18.3,False,1218,408,470,1370,1485,Aria Lin,False
2111_02,Earth,False,A/72/S,TRAPPIST-1e,30.3,False,1084,165,671,1174,110,Hiro Tanaka,False
2112_01,Earth,False,D/80/S,TRAPPIST-1e,26.7,False,1036,1185,343,1472,331,Hiro Tanaka,False
2112_02,Mars,True,A/175/S,TRAPPIST-1e,37.4,False,0,0,0,0,0,Remy Vivaldi,False
2113_01,Europa,False,B/160/S,PSO J318.5-22,48.6,False,333,1403,1242,657,453,Jordan Benson,True
2113_02,Earth,False,G/163/S,TRAPPIST-1e,23.3,False,672,740,1112,332,309,Hiro Tanaka,False
2114_01,Mars,False,E/180/S,55 Cancri e,28.0,False,353,823,1123,144,1033,Aria Lin,True
2114_02,Mars,False,A/122/S,TRAPPIST-1e,31.6,False,1067,1409,909,760,494,Lara Xel'Naga,True
2115_01,Europa,False,D/156/S,TRAPPIST-1e,20.2,False,1359,512,129,1007,1273,Remy Vivaldi,False
2115_02,Mars,False,E/12/P,TRAPPIST-1e,31.3,False,733,946,1161,1298,1001,Lara Xel'Naga,True
2116_01,Europa,False,E/11/S,TRAPPIST-1e,46.4,False,433,172,472,1446,1019,Remy Vivaldi,False
2116_02,Earth,False,F/135/P,TRAPPIST-1e,31.2,False,916,438,1015,1080,497,Kai Vega,False
2117_01,Europa,False,C/2/S,TRAPPIST-1e,28.3,False,1370,454,713,201,178,Leo Stark,False
2117_02,Europa,False,A/1/S,TRAPPIST-1e,31.8,False,56,945,500,738,111,Lara Xel'Naga,True
2118_01,Mars,False,A/47/P,TRAPPIST-1e,37.9,False,876,1371,1381,1079,812,Remy Vivaldi,False
2118_02,Mars,False,E/43/S,55 Cancri e,12.0,False,1339,963,1208,1077,36,Ilya Komarov,True
2119_01,Earth,False,B/154/P,TRAPPIST-1e,14.0,False,862,731,1251,1451,809,Kai Vega,False
2119_02,Mars,False,G/111/P,PSO J318.5-22,27.4,False,1024,22,1471,795,495,Leo Stark,False
2120_01,Mars,True,C/140/S,TRAPPIST-1e,17.0,False,0,0,0,0,0,Remy Vivaldi,True
2120_02,Earth,True,C/134/S,55 Cancri e,34.1,False,0,0,0,0,0,Priya Kaur,True
2121_01,Mars,False,G/111/S,TRAPPIST-1e,39.2,False,626,1062,1233,210,564,Kai Vega,True
2121_02,Earth,False,F/61/S,55 Cancri e,4.7,False,971,1304,132,448,263,Ilya Komarov,False
2122_01,Earth,False,F/186/P,TRAPPIST-1e,23.8,False,1261,1480,900,758,860,Priya Kaur,True
2122_02,Europa,False,C/149/S,TRAPPIST-1e,32.8,False,896,861,1196,192,514,Priya Kaur,False
2123_01,Europa,False,C/43/P,PSO J318.5-22,43.7,False,1432,83,797,79,1232,Hiro Tanaka,False
2123_02,Earth,True,G/105/P,PSO J318.5-22,35.0,False,0,0,0,0,0,Hiro Tanaka,True
2124_01,Mars,False,D/134/S,55 Cancri e,22.4,False,243,1416,1469,848,392,Hiro Tanaka,True
2124_02,Mars,False,B/199/S,TRAPPIST-1e,29.5,False,8,612,806,714,1176,Hiro Tanaka,True
2125_01,Mars,True,G/143/P,55 Cancri e,34.8,False,0,0,0,0,0,Kai Vega,True
2125_02,Mars,False,B/52/P,PSO J318.5-22,23.9,False,1175,975,954,1438,906,Leo Stark,True
2126_01,Earth,True,A/21/P,PSO J318.5-22,35.8,False,0,0,0,0,0,Kai Vega,True
2126_02,Earth,False,B/192/P,55 Cancri e,35.8,False,175,524,1338,1090,951,Ilya Komarov,False
2127_01,Europa,True,E/155/P,TRAPPIST-1e,36.2,True,0,0,0,0,0,Ethan Zhao,True
2127_02,Mars,True,D/199/S,55 Cancri e,12.9,False,0,0,0,0,0,Mila Benson,True
2128_01,Europa,False,F/155/P,TRAPPIST-1e,42.6,False,1099,471,522,879,1306,Ilya Komarov,True
2128_02,Europa,False,D/117/S,55 Cancri e,30.5,False,273,53,1078,887,744,Leo Stark,False
2129_01,Earth,False,D/31/P,TRAPPIST-1e,47.3,False,631,1248,569,1278,175,Ilya Komarov,True
2129_02,Earth,True,B/15/S,55 Cancri e,28.1,False,0,0,0,0,0,Hiro Tanaka,True
2130_01,Earth,False,C/159/S,TRAPPIST-1e,24.7,False,1408,261,530,1394,890,Aria Lin,False
2130_02,Europa,False,B/41/S,55 Cancri e,13.9,True,1220,947,584,814,1307,Jordan Benson,False
2131_01,Earth,False,A/120/S,TRAPPIST-1e,21.1,False,1322,1117,1437,370,408,Lara Xel'Naga,False
2131_02,Mars,True,E/109/S,55 Cancri e,40.9,False,0,0,0,0,0,Ethan Zhao,True
2132_01,Europa,False,D/194/P,TRAPPIST-1e,29.0,False,616,70,83,208,258,Priya Kaur,False
2132_02,Europa,False,C/129/S,55 Cancri e,38.3,False,1262,1325,1255,931,281,Hiro Tanaka,True
2133_01,Earth,False,B/106/S,TRAPPIST-1e,23.1,False,1334,858,625,1102,1365,Mila Benson,True
2133_02,Earth,True,D/127/S,PSO J318.5-22,16.9,False,0,0,0,0,0,Hiro Tanaka,True
2134_01,Earth,False,E/114/S,TRAPPIST-1e,26.5,False,1165,733,1134,781,1180,Hiro Tanaka,False
2134_02,Mars,False,C/91/P,TRAPPIST-1e,32.4,False,538,596,8,275,226,Kai Vega,False
2135_01,Europa,True,F/34/S,TRAPPIST-1e,40.8,False,0,0,0,0,0,Remy Vivaldi,True
2135_02,Earth,False,A/144/S,PSO J318.5-22,26.3,False,391,578,1298,1474,419,Priya Kaur,False
2136_01,Earth,False,F/160/S,TRAPPIST-1e,15.8,False,637,1206,1333,16,445,Remy Vivaldi,False
2136_02,Mars,True,G/9/S,55 Cancri e,36.6,True,0,0,0,0,0,Remy Vivaldi,True
2137_01,Earth,False,C/104/P,TRAPPIST-1e,31.4,False,339,725,1034,132,900,Jordan Benson,True
2137_02,Europa,False,F/135/P,PSO J318.5-22,35.7,False,639,1171,822,953,78,Mila Benson,False
2138_01,Mars,True,G/71/P,TRAPPIST-1e,25.5,True,0,0,0,0,0,Leo Stark,True
2138_02,Europa,True,A/81/P,TRAPPIST-1e,34.8,False,0,0,0,0,0,Lara Xel'Naga,True
2139_01,Mars,True,E/116/S,TRAPPIST-1e,25.7,False,0,0,0,0,0,Kai Vega,False
2139_02,Mars,True,D/69/S,55 Cancri e,24.6,False,0,0,0,0,0,Remy Vivaldi,True
2140_01,Earth,False,B/147/S,TRAPPIST-1e,34.6,False,49,463,1263,454,1306,Hiro Tanaka,True
2140_02,Earth,False,G/148/S,TRAPPIST-1e,28.9,False,334,1375,667,326,1015,Jordan Benson,True
2141_01,Europa,False,A/124/P,PSO J318.5-22,15.7,False,86,257,990,184,697,Nova Stark,True
2141_02,Earth,False,C/152/S,55 Cancri e,20.0,False,122,1119,604,514,903,Ilya Komarov,True
2142_01,Earth,False,G/6/S,TRAPPIST-1e,36.7,False,1394,304,1380,1171,1308,Remy Vivaldi,False
2142_02,Mars,False,C/70/S,55 Cancri e,24.9,False,656,261,490,737,1054,Nova Stark,True
2143_01,Mars,False,G/165/P,55 Cancri e,23.8,True,300,1134,79,835,651,Ilya Komarov,True
2143_02,Mars,False,D/86/S,PSO J318.5-22,25.1,False,432,416,1237,1470,17,Ilya Komarov,True
2144_01,Europa,False,A/41/P,TRAPPIST-1e,35.6,False,745,239,845,417,855,Leo Stark,False
2144_02,Earth,False,B/49/S,55 Cancri e,25.8,False,1467,598,1146,419,215,Hiro Tanaka,False
2145_01,Mars,False,F/27/P,TRAPPIST-1e,11.8,False,1251,1260,1353,832,1492,Priya Kaur,False
2145_02,Earth,False,E/200/P,55 Cancri e,32.1,False,679,486,622,1438,218,Mila Benson,False
2146_01,Europa,False,F/94/P,TRAPPIST-1e,25.6,False,814,410,690,1012,524,Kai Vega,True
2146_02,Earth,False,E/53/S,55 Cancri e,6.4,False,446,299,407,374,232,Kai Vega,False
2147_01,Earth,False,B/66/S,55 Cancri e,43.9,False,649,960,1072,185,1228,Nova Stark,False
2147_02,Europa,False,G/75/S,PSO J318.5-22,34.4,False,77,1409,193,1126,1399,Lara Xel'Naga,False
2148_01,Europa,True,A/116/P,PSO J318.5-22,17.6,False,0,0,0,0,0,Kai Vega,True
2148_02,Earth,False,F/133/S,PSO J318.5-22,25.2,False,249,1224,535,1484,299,Kai Vega,False
2149_01,Earth,False,E/144/S,PSO J318.5-22,32.6,False,690,1321,1387,717,39,Mila Benson,True
2149_02,Earth,False,A/119/S,55 Cancri e,26.2,True,1363,107,1339,1137,1190,Ethan Zhao,False
2150_01,Earth,False,E/200/P,TRAPPIST-1e,15.6,False,53,345,135,329,1167,Lara Xel'Naga,True
2150_02,Europa,True,B/156/S,TRAPPIST-1e,26.5,False,0,0,0,0,0,Mila Benson,False
2151_01,Earth,False,C/103/S,TRAPPIST-1e,17.1,False,812,851,1424,870,891,Remy Vivaldi,True
2151_02,Europa,False,A/91/S,TRAPPIST-1e,41.6,False,1472,634,668,1293,1040,Aria Lin,False
2152_01,Earth,True,B/161/S,TRAPPIST-1e,1.3,False,0,0,0,0,0,Nova Stark,True
2152_02,Earth,True,A/171/P,PSO J318.5-22,25.9,True,0,0,0,0,0,Ethan Zhao,False
2153_01,Mars,True,A/78/P,PSO J318.5-22,27.1,True,0,0,0,0,0,Remy Vivaldi,False
2153_02,Earth,False,C/77/S,PSO J318.5-22,27.1,False,1060,102,1453,791,238,Priya Kaur,False
2154_01,Europa,False,E/115/P,55 Cancri e,12.1,False,881,606,187,887,1279,Ethan Zhao,True
2154_02,Europa,False,F/84/P,55 Cancri e,34.3,False,986,923,793,529,675,Nova Stark,False
2155_01,Mars,True,B/174/P,PSO J318.5-22,26.2,False,0,0,0,0,0,Lara Xel'Naga,True
2155_02,Earth,False,E/91/P,55 Cancri e,51.4,False,1276,671,860,1199,465,Nova Stark,False
2156_01,Mars,False,G/136/P,TRAPPIST-1e,19.8,False,1073,3,851,1246,1285,Hiro Tanaka,True
2156_02,Earth,False,A/148/S,PSO J318.5-22,20.0,False,534,902,1399,1084,1379,Hiro Tanaka,False
2157_01,Earth,True,E/117/S,TRAPPIST-1e,31.3,False,0,0,0,0,0,Nova Stark,True
2157_02,Europa,False,E/142/S,55 Cancri e,30.4,False,556,690,355,869,940,Ethan Zhao,False
2158_01,Europa,True,E/35/S,TRAPPIST-1e,28.1,False,0,0,0,0,0,Kai Vega,True
2158_02,Earth,True,G/106/S,TRAPPIST-1e,27.9,False,0,0,0,0,0,Hiro Tanaka,True
2159_01,Europa,False,C/86/P,TRAPPIST-1e,16.8,False,607,1035,1385,857,656,Ethan Zhao,True
2159_02,Earth,False,G/85/S,55 Cancri e,13.5,False,968,1105,1363,440,616,Ilya Komarov,False
2160_01,Mars,True,E/47/S,TRAPPIST-1e,38.3,False,0,0,0,0,0,Jordan Benson,True
2160_02,Mars,False,G/74/P,55 Cancri e,36.7,False,994,15,1300,332,482,Hiro Tanaka,True
2161_01,Mars,True,C/85/S,55 Cancri e,23.7,False,0,0,0,0,0,Priya Kaur,False
2161_02,Mars,False,D/119/S,PSO J318.5-22,21.6,False,37,453,741,165,693,Jordan Benson,False
2162_01,Earth,True,E/88/S,PSO J318.5-22,43.6,False,0,0,0,0,0,Jordan Benson,True
2162_02,Mars,False,C/8/P,PSO J318.5-22,27.5,False,1356,942,1419,820,506,Ilya Komarov,True
2163_01,Europa,False,D/78/P,TRAPPIST-1e,19.3,False,409,309,67,113,219,Lara Xel'Naga,False
2163_02,Europa,False,C/51/P,TRAPPIST-1e,23.5,False,219,1496,729,748,942,Jordan Benson,False
2164_01,Earth,True,D/164/P,TRAPPIST-1e,14.9,False,0,0,0,0,0,Nova Stark,True
2164_02,Earth,False,C/92/S,TRAPPIST-1e,24.9,False,1276,404,491,356,1451,Lara Xel'Naga,False
2165_01,Mars,False,F/55/P,TRAPPIST-1e,19.8,False,751,826,1237,1121,527,Aria Lin,False
2165_02,Europa,False,E/14/S,PSO J318.5-22,57.7,True,915,665,709,534,553,Ethan Zhao,False
2166_01,Earth,False,G/184/P,TRAPPIST-1e,26.9,False,1139,149,1055,656,805,Ilya Komarov,True
2166_02,Earth,False,E/83/P,TRAPPIST-1e,39.6,False,292,918,688,956,1200,Hiro Tanaka,False
2167_01,Earth,True,E/99/P,PSO J318.5-22,32.3,False,0,0,0,0,0,Aria Lin,False
2167_02,Earth,False,D/10/S,PSO J318.5-22,43.9,False,597,6,917,84,773,Jordan Benson,True
2168_01,Mars,False,E/51/P,TRAPPIST-1e,51.0,False,1416,1070,1364,605,425,Remy Vivaldi,True
2168_02,Earth,False,A/9/P,PSO J318.5-22,52.4,False,425,735,790,514,1152,Remy Vivaldi,False
2169_01,Europa,False,D/151/P,TRAPPIST-1e,37.7,False,130,322,822,542,65,Aria Lin,False
2169_02,Earth,False,F/115/P,PSO J318.5-22,36.6,False,717,1124,30,884,190,Jordan Benson,False
2170_01,Europa,True,C/73/S,55 Cancri e,20.8,False,0,0,0,0,0,Leo Stark,True
2170_02,Mars,False,F/70/P,PSO J318.5-22,27.6,True,1069,1112,374,1269,557,Remy Vivaldi,True
2171_01,Europa,True,C/48/S,55 Cancri e,13.5,False,0,0,0,0,0,Kai Vega,True
2171_02,Mars,False,G/8/S,55 Cancri e,23.2,False,1128,1360,1324,1100,1253,Remy Vivaldi,False
2172_01,Europa,True,D/154/S,55 Cancri e,47.3,False,0,0,0,0,0,Hiro Tanaka,True
2172_02,Earth,False,F/178/S,55 Cancri e,27.0,False,57,1127,311,1090,689,Kai Vega,True
2173_01,Mars,True,D/135/S,PSO J318.5-22,38.4,False,0,0,0,0,0,Kai Vega,True
2173_02,Europa,True,G/146/S,TRAPPIST-1e,36.5,False,0,0,0,0,0,Nova Stark,True
2174_01,Mars,False,F/37/P,PSO J318.5-22,33.5,False,1077,801,238,1318,111,Lara Xel'Naga,False
2174_02,Europa,False,G/143/S,TRAPPIST-1e,24.4,False,1111,475,303,1328,289,Hiro Tanaka,False
2175_01,Mars,False,G/133/P,TRAPPIST-1e,40.0,False,581,369,219,1254,801,Priya Kaur,True
2175_02,Earth,False,G/38/P,PSO J318.5-22,23.4,False,818,348,254,451,141,Aria Lin,False
2176_01,Europa,True,D/144/S,TRAPPIST-1e,36.7,False,0,0,0,0,0,Mila Benson,True
2176_02,Earth,True,F/143/S,TRAPPIST-1e,17.3,False,0,0,0,0,0,Aria Lin,True
2177_01,Earth,False,D/78/S,55 Cancri e,36.7,False,909,441,37,1231,209,Mila Benson,False
2177_02,Earth,False,D/176/S,PSO J318.5-22,18.8,False,512,1383,1024,980,380,Aria Lin,False
2178_01,Europa,False,C/118/S,55 Cancri e,39.0,False,31,544,711,1257,1049,Mila Benson,False
2178_02,Earth,True,F/34/S,PSO J318.5-22,23.2,False,0,0,0,0,0,Aria Lin,True
2179_01,Europa,True,E/68/P,55 Cancri e,26.7,False,0,0,0,0,0,Lara Xel'Naga,True
2179_02,Mars,False,C/112/S,TRAPPIST-1e,27.3,False,1464,1153,1377,197,798,Kai Vega,True
2180_01,Earth,True,A/176/S,55 Cancri e,33.0,False,0,0,0,0,0,Ethan Zhao,True
2180_02,Mars,True,B/84/P,PSO J318.5-22,11.8,False,0,0,0,0,0,Hiro Tanaka,False
2181_01,Mars,False,F/6/S,55 Cancri e,26.9,False,1338,375,805,920,874,Jordan Benson,True
2181_02,Earth,False,E/82/P,55 Cancri e,29.3,False,809,1443,904,1419,1210,Kai Vega,False
2182_01,Earth,False,F/145/S,55 Cancri e,34.5,False,1308,913,732,389,159,Remy Vivaldi,True
2182_02,Mars,False,F/184/P,PSO J318.5-22,32.9,False,891,1070,1182,1469,695,Remy Vivaldi,True
2183_01,Earth,True,A/191/P,PSO J318.5-22,8.2,False,0,0,0,0,0,Mila Benson,True
2183_02,Earth,True,A/136/S,TRAPPIST-1e,32.8,False,0,0,0,0,0,Aria Lin,True
2184_01,Earth,False,G/105/S,PSO J318.5-22,22.6,False,794,1171,898,1167,102,Nova Stark,False
2184_02,Mars,True,B/90/S,TRAPPIST-1e,45.8,False,0,0,0,0,0,Kai Vega,True
2185_01,Mars,False,A/80/P,PSO J318.5-22,23.9,False,1447,118,28,1012,1053,Ethan Zhao,False
2185_02,Europa,False,B/11/S,TRAPPIST-1e,29.3,True,871,1389,799,1161,474,Lara Xel'Naga,False
2186_01,Earth,True,E/151/S,TRAPPIST-1e,37.5,False,0,0,0,0,0,Remy Vivaldi,False
2186_02,Earth,True,D/62/P,TRAPPIST-1e,38.6,False,0,0,0,0,0,Jordan Benson,True
2187_01,Mars,True,G/23/P,55 Cancri e,21.1,False,0,0,0,0,0,Nova Stark,True
2187_02,Earth,True,B/103/P,55 Cancri e,28.9,False,0,0,0,0,0,Nova Stark,True
2188_01,Mars,False,C/117/S,TRAPPIST-1e,23.5,False,1235,956,317,756,464,Leo Stark,False
2188_02,Earth,False,F/62/S,PSO J318.5-22,48.9,False,1110,1432,1263,699,1080,Ethan Zhao,True
2189_01,Mars,False,A/2/P,TRAPPIST-1e,16.9,False,767,1207,743,275,232,Aria Lin,False
2189_02,Mars,False,D/149/P,TRAPPIST-1e,35.5,False,53,256,89,1458,407,Jordan Benson,False
2190_01,Earth,True,E/24/S,55 Cancri e,27.6,False,0,0,0,0,0,Hiro Tanaka,True
2190_02,Earth,False,C/49/P,PSO J318.5-22,32.4,False,350,1322,1182,486,841,Remy Vivaldi,True
2191_01,Mars,True,C/188/S,TRAPPIST-1e,14.4,False,0,0,0,0,0,Leo Stark,True
2191_02,Earth,False,E/76/P,TRAPPIST-1e,25.9,False,1119,569,974,391,351,Ethan Zhao,False
2192_01,Earth,True,B/102/S,55 Cancri e,29.8,False,0,0,0,0,0,Nova Stark,True
2192_02,Europa,False,A/147/P,TRAPPIST-1e,25.5,False,776,632,1311,522,725,Kai Vega,True
2193_01,Europa,False,A/83/S,55 Cancri e,20.1,False,1074,1284,1157,1385,567,Nova Stark,True
2193_02,Europa,True,C/101/S,PSO J318.5-22,32.7,False,0,0,0,0,0,Leo Stark,True
2194_01,Earth,True,D/182/S,PSO J318.5-22,48.2,False,0,0,0,0,0,Ilya Komarov,True
2194_02,Earth,True,G/139/S,TRAPPIST-1e,35.4,False,0,0,0,0,0,Kai Vega,True
2195_01,Mars,True,F/38/P,55 Cancri e,18.7,True,0,0,0,0,0,Ethan Zhao,True
2195_02,Earth,True,B/88/P,55 Cancri e,23.2,False,0,0,0,0,0,Remy Vivaldi,False
2196_01,Europa,False,F/121/P,55 Cancri e,15.4,False,1269,313,729,383,276,Priya Kaur,False
2196_02,Mars,True,D/155/S,TRAPPIST-1e,34.4,True,0,0,0,0,0,Hiro Tanaka,True
2197_01,Europa,True,F/199/P,TRAPPIST-1e,19.4,False,0,0,0,0,0,Jordan Benson,False
2197_02,Europa,False,C/151/P,PSO J318.5-22,20.9,False,1243,1029,750,982,623,Priya Kaur,True
2198_01,Europa,False,D/151/P,TRAPPIST-1e,49.4,False,11,691,69,107,200,Ilya Komarov,True
2198_02,Europa,False,C/186/S,TRAPPIST-1e,11.5,False,1075,628,1282,1287,905,Ethan Zhao,False
2199_01,Europa,True,G/91/P,PSO J318.5-22,39.6,False,0,0,0,0,0,Remy Vivaldi,False
2199_02,Mars,False,F/128/S,TRAPPIST-1e,41.6,True,554,124,1293,858,744,Kai Vega,False
2200_01,Earth,False,F/83/S,TRAPPIST-1e,34.7,False,480,980,1024,330,941,Ethan Zhao,True
2200_02,Earth,False,G/41/S,TRAPPIST-1e,30.9,False,954,767,390,833,142,Aria Lin,False
2201_01,Europa,False,A/32/S,55 Cancri e,29.6,False,89,807,1020,1065,1058,Mila Benson,False
2201_02,Earth,False,G/57/S,TRAPPIST-1e,17.8,False,1011,552,123,56,805,Jordan Benson,False
2202_01,Europa,True,E/18/S,TRAPPIST-1e,0.2,True,0,0,0,0,0,Remy Vivaldi,False
2202_02,Mars,False,F/44/P,TRAPPIST-1e,27.1,False,969,1366,1199,51,488,Aria Lin,False
2203_01,Mars,False,G/126/S,TRAPPIST-1e,31.7,False,1232,216,535,1365,1424,Aria Lin,False
2203_02,Earth,False,E/34/P,TRAPPIST-1e,31.1,False,1485,737,729,1234,1049,Leo Stark,False
2204_01,Europa,False,D/79/S,TRAPPIST-1e,18.2,False,69,200,307,1275,1310,Ilya Komarov,True
2204_02,Earth,False,C/100/P,55 Cancri e,37.8,False,921,291,1177,923,1156,Lara Xel'Naga,True
2205_01,Earth,False,C/103/P,PSO J318.5-22,29.8,False,292,359,213,1429,1459,Ethan Zhao,False
2205_02,Earth,False,G/172/P,TRAPPIST-1e,23.3,True,1038,1296,562,764,44,Ilya Komarov,False
2206_01,Mars,False,C/185/S,PSO J318.5-22,26.7,False,660,1193,720,593,1424,Nova Stark,False
2206_02,Mars,True,A/126/S,TRAPPIST-1e,24.4,False,0,0,0,0,0,Kai Vega,True
2207_01,Europa,True,G/158/S,PSO J318.5-22,16.1,False,0,0,0,0,0,Remy Vivaldi,True
2207_02,Mars,False,E/152/S,PSO J318.5-22,16.5,False,840,178,1480,534,606,Nova Stark,True
2208_01,Earth,False,E/52/P,PSO J318.5-22,38.8,False,1135,825,546,1053,1215,Kai Vega,False
2208_02,Europa,True,D/126/P,55 Cancri e,40.9,False,0,0,0,0,0,Leo Stark,False
2209_01,Europa,True,C/62/P,TRAPPIST-1e,45.6,False,0,0,0,0,0,Remy Vivaldi,True
2209_02,Mars,False,A/83/S,55 Cancri e,35.7,False,1497,633,1157,801,311,Ethan Zhao,False
2210_01,Mars,False,B/85/S,TRAPPIST-1e,35.2,False,1342,229,1125,1473,377,Lara Xel'Naga,True
2210_02,Europa,False,G/141/S,TRAPPIST-1e,29.1,False,887,1226,1290,461,364,Jordan Benson,True
2211_01,Mars,True,E/171/P,TRAPPIST-1e,35.8,False,0,0,0,0,0,Jordan Benson,True
2211_02,Europa,False,G/33/P,55 Cancri e,30.2,False,468,1014,869,769,679,Ilya Komarov,False
2212_01,Mars,False,A/63/S,PSO J318.5-22,24.1,False,200,453,825,110,863,Ilya Komarov,False
2212_02,Europa,False,A/81/S,55 Cancri e,29.0,False,907,1232,32,554,106,Ilya Komarov,False
2213_01,Europa,False,A/118/S,TRAPPIST-1e,16.0,False,1245,1393,636,787,166,Lara Xel'Naga,False
2213_02,Earth,False,C/53/S,TRAPPIST-1e,39.2,False,662,299,1404,34,406,Ethan Zhao,True
2214_01,Europa,False,C/9/P,55 Cancri e,20.2,False,726,825,1124,568,1238,Hiro Tanaka,True
2214_02,Earth,False,B/98/S,55 Cancri e,23.4,False,575,61,368,1391,93,Leo Stark,True
2215_01,Europa,True,B/148/P,55 Cancri e,0.0,False,0,0,0,0,0,Ilya Komarov,False
2215_02,Mars,False,C/5/S,55 Cancri e,28.9,False,1458,1144,49,882,763,Remy Vivaldi,False
2216_01,Europa,False,C/69/P,TRAPPIST-1e,26.1,False,566,995,1021,109,148,Jordan Benson,True
2216_02,Earth,False,G/192/S,TRAPPIST-1e,30.9,False,405,698,1016,1433,1152,Nova Stark,True
2217_01,Europa,True,A/28/P,55 Cancri e,12.0,False,0,0,0,0,0,Aria Lin,True
2217_02,Europa,False,E/165/P,TRAPPIST-1e,36.2,False,1089,655,320,718,727,Aria Lin,False
2218_01,Mars,False,C/54/S,55 Cancri e,20.2,False,848,369,1481,576,688,Jordan Benson,True
2218_02,Earth,False,A/49/S,55 Cancri e,40.4,False,789,991,162,976,1355,Mila Benson,False
2219_01,Mars,True,F/42/S,TRAPPIST-1e,31.7,False,0,0,0,0,0,Nova Stark,False
2219_02,Earth,False,B/1/P,TRAPPIST-1e,28.1,False,1491,425,326,1129,254,Nova Stark,False
2220_01,Mars,False,F/44/P,PSO J318.5-22,23.9,False,112,1053,523,688,990,Kai Vega,True
2220_02,Earth,False,B/171/S,TRAPPIST-1e,38.2,False,45,1194,1153,756,1376,Leo Stark,False
2221_01,Europa,False,G/67/S,PSO J318.5-22,25.2,True,1058,563,160,839,1458,Aria Lin,True
2221_02,Earth,False,B/147/P,TRAPPIST-1e,37.7,False,537,224,1469,1340,1437,Nova Stark,True
2222_01,Earth,False,A/67/P,PSO J318.5-22,26.6,False,1233,1497,664,683,909,Lara Xel'Naga,True
2222_02,Europa,True,C/103/P,TRAPPIST-1e,30.3,False,0,0,0,0,0,Hiro Tanaka,True
2223_01,Earth,False,A/136/S,TRAPPIST-1e,28.7,False,179,833,1482,1091,1352,Remy Vivaldi,False
2223_02,Mars,False,F/4/P,55 Cancri e,16.9,False,201,1498,1038,1065,542,Hiro Tanaka,False
2224_01,Earth,False,D/179/S,55 Cancri e,27.1,False,693,1267,611,1197,243,Aria Lin,False
2224_02,Europa,False,D/141/P,55 Cancri e,40.1,False,59,103,650,1326,1010,Nova Stark,True
2225_01,Earth,False,B/22/P,PSO J318.5-22,20.8,False,1207,1304,1311,697,1497,Aria Lin,True
2225_02,Europa,False,E/70/P,TRAPPIST-1e,21.7,False,945,266,780,608,945,Mila Benson,False
2226_01,Earth,False,C/178/S,55 Cancri e,32.2,False,1050,547,159,936,398,Hiro Tanaka,True
2226_02,Earth,False,B/2/P,TRAPPIST-1e,27.1,False,542,126,1008,947,209,Mila Benson,True
2227_01,Earth,False,B/14/S,PSO J318.5-22,40.0,False,1080,8,1028,846,1137,Hiro Tanaka,False
2227_02,Mars,False,D/104/S,PSO J318.5-22,29.3,False,776,684,731,1228,23,Jordan Benson,False
2228_01,Earth,False,G/154/P,TRAPPIST-1e,35.1,False,1429,102,1083,1109,766,Ilya Komarov,False
2228_02,Earth,False,A/107/S,TRAPPIST-1e,28.5,False,1022,371,678,595,201,Hiro Tanaka,True
2229_01,Earth,True,B/185/P,55 Cancri e,24.3,False,0,0,0,0,0,Jordan Benson,True
2229_02,Earth,False,B/56/P,TRAPPIST-1e,36.0,False,155,398,187,1075,651,Priya Kaur,False
2230_01,Earth,True,E/65/P,PSO J318.5-22,38.5,False,0,0,0,0,0,Ethan Zhao,False
2230_02,Earth,False,D/123/P,PSO J318.5-22,22.9,False,1153,54,270,1123,1092,Lara Xel'Naga,True
2231_01,Earth,False,G/194/S,TRAPPIST-1e,39.5,False,115,322,562,228,359,Leo Stark,False
2231_02,Earth,False,D/99/P,TRAPPIST-1e,35.9,False,1028,27,1387,1485,1254,Hiro Tanaka,False
2232_01,Earth,False,F/170/S,PSO J318.5-22,27.7,False,1294,1327,1406,27,743,Leo Stark,False
2232_02,Mars,False,E/180/S,55 Cancri e,20.4,False,1222,1105,1111,1413,579,Jordan Benson,True
2233_01,Europa,False,G/75/P,TRAPPIST-1e,30.6,False,434,1210,1413,217,1131,Remy Vivaldi,False
2233_02,Mars,False,A/177/S,TRAPPIST-1e,39.5,False,947,348,787,25,1071,Ilya Komarov,False
2234_01,Earth,False,B/111/S,TRAPPIST-1e,21.2,False,1210,883,278,340,1351,Leo Stark,False
2234_02,Europa,False,E/172/P,55 Cancri e,32.6,False,606,1048,528,425,28,Leo Stark,False
2235_01,Europa,False,B/149/S,PSO J318.5-22,41.3,False,583,1293,761,294,655,Priya Kaur,False
2235_02,Mars,True,E/148/P,TRAPPIST-1e,39.6,False,0,0,0,0,0,Aria Lin,True
2236_01,Europa,False,E/167/S,55 Cancri e,38.8,True,884,172,1027,394,832,Ethan Zhao,False
2236_02,Earth,True,B/91/S,PSO J318.5-22,18.0,False,0,0,0,0,0,Jordan Benson,True
2237_01,Europa,False,B/19/P,PSO J318.5-22,24.6,False,117,511,611,1198,158,Hiro Tanaka,False
2237_02,Europa,True,B/82/P,TRAPPIST-1e,25.5,False,0,0,0,0,0,Ethan Zhao,True
2238_01,Earth,False,G/168/P,55 Cancri e,50.1,False,462,1454,103,981,1216,Mila Benson,False
2238_02,Mars,False,C/145/S,PSO J318.5-22,20.7,False,249,1036,566,596,620,Hiro Tanaka,False
2239_01,Mars,True,C/117/S,55 Cancri e,29.7,False,0,0,0,0,0,Leo Stark,True
2239_02,Earth,True,A/84/S,TRAPPIST-1e,40.4,False,0,0,0,0,0,Kai Vega,True
2240_01,Europa,False,F/44/P,TRAPPIST-1e,48.7,False,1067,1295,1037,1394,1135,Nova Stark,True
2240_02,Earth,False,F/84/P,TRAPPIST-1e,36.5,False,1402,313,1438,484,168,Hiro Tanaka,False
2241_01,Europa,False,A/192/P,TRAPPIST-1e,19.0,False,848,242,1323,1350,529,Ilya Komarov,False
2241_02,Earth,False,G/110/P,TRAPPIST-1e,23.1,False,846,1003,341,1272,759,Ethan Zhao,False
2242_01,Earth,False,C/17/S,TRAPPIST-1e,48.5,False,863,1404,41,1368,598,Lara Xel'Naga,True
2242_02,Earth,True,G/180/S,55 Cancri e,34.2,False,0,0,0,0,0,Ilya Komarov,False
2243_01,Earth,False,B/174/P,TRAPPIST-1e,19.0,False,1263,678,1336,730,440,Priya Kaur,True
2243_02,Mars,True,A/135/P,TRAPPIST-1e,27.8,False,0,0,0,0,0,Kai Vega,True
2244_01,Europa,False,F/82/P,TRAPPIST-1e,33.2,False,718,50,617,391,695,Lara Xel'Naga,False
2244_02,Earth,False,D/63/S,TRAPPIST-1e,30.4,False,522,507,353,866,972,Kai Vega,False
2245_01,Earth,True,A/5/S,TRAPPIST-1e,35.8,False,0,0,0,0,0,Mila Benson,False
2245_02,Europa,False,G/149/S,PSO J318.5-22,36.3,False,677,512,1265,855,789,Mila Benson,True
2246_01,Mars,True,G/5/P,PSO J318.5-22,18.1,False,0,0,0,0,0,Priya Kaur,False
2246_02,Europa,True,A/12/P,TRAPPIST-1e,22.5,False,0,0,0,0,0,Kai Vega,True
2247_01,Earth,True,A/115/P,TRAPPIST-1e,30.8,False,0,0,0,0,0,Leo Stark,True
2247_02,Europa,False,E/115/P,TRAPPIST-1e,32.6,False,230,1432,737,996,296,Kai Vega,False
2248_01,Europa,False,G/3/P,PSO J318.5-22,28.9,False,239,1199,1086,550,137,Mila Benson,True
2248_02,Europa,False,D/66/P,PSO J318.5-22,15.4,False,453,1472,1249,442,1229,Kai Vega,True
2249_01,Earth,False,A/12/P,TRAPPIST-1e,22.9,False,709,848,948,106,443,Mila Benson,True
2249_02,Europa,True,B/32/P,TRAPPIST-1e,20.5,False,0,0,0,0,0,Ethan Zhao,True
2250_01,Earth,True,F/121/P,PSO J318.5-22,33.5,False,0,0,0,0,0,Aria Lin,True
2250_02,Mars,False,G/178/S,TRAPPIST-1e,39.0,False,1192,795,271,1443,1207,Ilya Komarov,False
2251_01,Europa,True,E/196/S,PSO J318.5-22,32.5,False,0,0,0,0,0,Ilya Komarov,True
2251_02,Mars,False,C/17/P,55 Cancri e,16.6,False,1464,980,121,1440,1398,Aria Lin,True
2252_01,Earth,False,A/137/P,PSO J318.5-22,37.4,False,706,994,152,1040,550,Aria Lin,False
2252_02,Earth,True,D/58/P,TRAPPIST-1e,39.4,False,0,0,0,0,0,Hiro Tanaka,True
2253_01,Earth,False,D/131/P,PSO J318.5-22,6.6,False,992,1488,803,354,377,Ilya Komarov,False
2253_02,Earth,True,E/143/P,55 Cancri e,31.2,False,0,0,0,0,0,Hiro Tanaka,True
2254_01,Europa,False,F/11/P,PSO J318.5-22,17.7,False,232,153,906,1432,1054,Jordan Benson,False
2254_02,Mars,False,E/85/P,55 Cancri e,22.7,False,370,322,331,242,429,Priya Kaur,False
2255_01,Earth,False,F/36/P,TRAPPIST-1e,25.0,False,80,419,466,1451,1080,Kai Vega,False
2255_02,Europa,True,B/115/P,PSO J318.5-22,55.4,False,0,0,0,0,0,Kai Vega,True
2256_01,Mars,True,C/108/S,TRAPPIST-1e,21.6,False,0,0,0,0,0,Mila Benson,True
2256_02,Europa,True,C/51/S,55 Cancri e,15.5,False,0,0,0,0,0,Lara Xel'Naga,True
2257_01,Mars,False,F/90/S,PSO J318.5-22,41.7,False,977,3,1462,1333,602,Nova Stark,True
2257_02,Europa,False,D/195/S,55 Cancri e,24.0,False,1112,319,1398,500,1257,Priya Kaur,False
2258_01,Mars,False,E/43/P,TRAPPIST-1e,41.6,False,1461,555,1203,1099,892,Mila Benson,False
2258_02,Mars,False,F/171/P,TRAPPIST-1e,44.9,True,1295,54,862,76,295,Hiro Tanaka,False
2259_01,Europa,False,A/45/S,TRAPPIST-1e,56.0,False,899,42,1384,1251,226,Ilya Komarov,False
2259_02,Mars,False,A/72/P,TRAPPIST-1e,32.9,False,1086,170,962,761,849,Kai Vega,False
2260_01,Mars,False,E/108/S,TRAPPIST-1e,31.5,False,991,33,826,129,1417,Leo Stark,True
2260_02,Earth,False,D/16/S,55 Cancri e,37.0,False,1174,654,629,1407,1040,Ilya Komarov,True
2261_01,Earth,False,E/119/S,PSO J318.5-22,37.8,True,203,1402,22,613,1185,Remy Vivaldi,True
2261_02,Mars,False,F/74/S,TRAPPIST-1e,34.9,False,143,103,1405,1478,1440,Mila Benson,False
2262_01,Earth,False,D/169/S,PSO J318.5-22,31.2,False,273,451,880,124,1406,Hiro Tanaka,False
2262_02,Europa,False,E/174/P,PSO J318.5-22,28.3,False,316,106,906,1486,429,Mila Benson,True
2263_01,Earth,False,A/119/S,PSO J318.5-22,46.2,False,971,361,795,431,674,Ethan Zhao,False
2263_02,Europa,False,C/104/P,TRAPPIST-1e,27.3,False,858,1429,1013,1400,1175,Kai Vega,False
2264_01,Earth,True,F/50/P,TRAPPIST-1e,48.8,False,0,0,0,0,0,Kai Vega,True
2264_02,Earth,True,C/92/S,TRAPPIST-1e,25.7,False,0,0,0,0,0,Jordan Benson,True
2265_01,Mars,False,G/122/P,TRAPPIST-1e,43.8,False,224,989,459,393,1249,Remy Vivaldi,False
2265_02,Mars,True,F/40/S,TRAPPIST-1e,33.1,False,0,0,0,0,0,Ilya Komarov,True
2266_01,Europa,False,D/36/S,TRAPPIST-1e,13.9,False,14,559,1003,413,1378,Aria Lin,True
2266_02,Earth,True,C/67/P,PSO J318.5-22,28.1,False,0,0,0,0,0,Hiro Tanaka,False
2267_01,Earth,False,A/98/P,55 Cancri e,27.2,False,1219,114,1440,1375,975,Ethan Zhao,False
2267_02,Europa,True,G/9/S,TRAPPIST-1e,35.8,False,0,0,0,0,0,Aria Lin,True
2268_01,Earth,False,D/113/P,PSO J318.5-22,23.9,False,62,665,508,187,734,Remy Vivaldi,False
2268_02,Europa,True,G/109/P,TRAPPIST-1e,37.9,False,0,0,0,0,0,Jordan Benson,False
2269_01,Earth,False,E/147/S,TRAPPIST-1e,33.0,False,1469,24,507,97,1291,Leo Stark,False
2269_02,Earth,False,G/85/S,TRAPPIST-1e,22.8,False,661,1416,1308,683,1132,Nova Stark,False
2270_01,Earth,False,B/185/S,TRAPPIST-1e,37.5,False,1156,1075,780,297,1422,Kai Vega,False
2270_02,Europa,False,F/80/P,TRAPPIST-1e,31.7,False,1041,817,854,558,1269,Lara Xel'Naga,True
2271_01,Mars,False,B/90/P,PSO J318.5-22,29.3,False,239,489,1036,648,1338,Aria Lin,False
2271_02,Europa,False,F/44/P,TRAPPIST-1e,13.0,True,684,1221,242,506,1066,Ilya Komarov,False
2272_01,Mars,False,E/23/S,TRAPPIST-1e,47.8,False,612,161,655,958,620,Kai Vega,False
2272_02,Mars,True,F/180/S,55 Cancri e,25.1,False,0,0,0,0,0,Kai Vega,True
2273_01,Earth,False,C/151/P,TRAPPIST-1e,26.3,False,933,1255,749,708,272,Kai Vega,False
2273_02,Earth,False,D/146/P,TRAPPIST-1e,45.7,False,806,40,559,465,1100,Leo Stark,True
2274_01,Europa,False,C/94/P,55 Cancri e,35.9,False,433,1042,993,195,618,Remy Vivaldi,False
2274_02,Mars,False,F/75/S,TRAPPIST-1e,20.1,False,1474,424,1417,1307,33,Lara Xel'Naga,True
2275_01,Earth,True,B/93/S,TRAPPIST-1e,26.0,False,0,0,0,0,0,Hiro Tanaka,True
2275_02,Earth,False,A/147/P,TRAPPIST-1e,19.1,False,621,1251,618,642,22,Ethan Zhao,True
2276_01,Earth,False,B/102/P,TRAPPIST-1e,19.2,False,1169,251,301,1093,1116,Jordan Benson,False
2276_02,Earth,True,F/101/P,TRAPPIST-1e,33.6,False,0,0,0,0,0,Mila Benson,True
2277_01,Earth,False,F/199/S,TRAPPIST-1e,37.3,False,1086,611,1459,1071,444,Hiro Tanaka,False
2277_02,Mars,True,C/40/S,55 Cancri e,30.8,False,0,0,0,0,0,Lara Xel'Naga,True
2278_01,Earth,False,G/128/S,55 Cancri e,19.1,False,541,156,1289,255,1062,Kai Vega,False
2278_02,Earth,False,F/91/S,55 Cancri e,26.9,False,1078,1051,936,117,369,Jordan Benson,True
2279_01,Europa,True,A/127/S,PSO J318.5-22,21.1,False,0,0,0,0,0,Aria Lin,False
2279_02,Mars,False,E/59/P,TRAPPIST-1e,29.4,False,315,1416,443,1282,1221,Kai Vega,False
2280_01,Earth,True,B/101/P,55 Cancri e,39.6,False,0,0,0,0,0,Ilya Komarov,True
2280_02,Earth,False,G/171/S,TRAPPIST-1e,39.3,False,581,604,740,907,648,Leo Stark,False
2281_01,Mars,True,B/142/S,TRAPPIST-1e,17.0,False,0,0,0,0,0,Jordan Benson,False
2281_02,Mars,True,B/182/P,55 Cancri e,45.3,False,0,0,0,0,0,Lara Xel'Naga,True
2282_01,Europa,False,F/163/S,55 Cancri e,35.7,False,418,304,1461,84,251,Priya Kaur,False
2282_02,Earth,False,D/126/S,TRAPPIST-1e,60.4,False,125,609,1428,303,1051,Hiro Tanaka,True
2283_01,Europa,True,G/59/S,TRAPPIST-1e,50.0,False,0,0,0,0,0,Lara Xel'Naga,True
2283_02,Mars,False,E/108/P,TRAPPIST-1e,40.0,False,573,874,510,200,822,Nova Stark,True
2284_01,Earth,True,A/126/S,PSO J318.5-22,39.0,False,0,0,0,0,0,Kai Vega,True
2284_02,Europa,False,F/134/S,55 Cancri e,19.3,False,1387,431,1092,1481,539,Leo Stark,False
2285_01,Earth,True,D/18/S,TRAPPIST-1e,20.9,False,0,0,0,0,0,Jordan Benson,False
2285_02,Mars,True,E/146/P,TRAPPIST-1e,25.9,False,0,0,0,0,0,Remy Vivaldi,True
2286_01,Mars,False,A/122/P,TRAPPIST-1e,22.7,False,1479,509,208,1181,1360,Remy Vivaldi,True
2286_02,Earth,False,B/71/P,PSO J318.5-22,32.0,False,1264,57,815,1328,1368,Nova Stark,True
2287_01,Europa,True,F/117/S,PSO J318.5-22,22.6,False,0,0,0,0,0,Ethan Zhao,True
2287_02,Earth,False,F/5/P,PSO J318.5-22,36.3,False,728,357,1181,673,17,Lara Xel'Naga,True
2288_01,Mars,False,D/22/P,PSO J318.5-22,42.9,False,1370,1081,154,486,150,Hiro Tanaka,False
2288_02,Earth,False,B/153/S,55 Cancri e,14.4,False,1382,367,1070,206,449,Mila Benson,True
2289_01,Earth,True,C/159/S,TRAPPIST-1e,51.3,False,0,0,0,0,0,Nova Stark,True
2289_02,Europa,True,B/51/P,55 Cancri e,32.0,False,0,0,0,0,0,Mila Benson,True
2290_01,Earth,False,C/18/S,TRAPPIST-1e,26.6,True,1423,1120,1070,190,139,Ethan Zhao,True
2290_02,Earth,False,A/114/S,55 Cancri e,19.4,False,614,1254,1363,924,1072,Priya Kaur,False
2291_01,Mars,False,F/139/S,TRAPPIST-1e,4.4,False,1345,86,1497,281,763,Hiro Tanaka,False
2291_02,Earth,False,C/159/S,TRAPPIST-1e,40.8,False,1097,452,46,1119,937,Leo Stark,False
2292_01,Earth,False,B/115/P,55 Cancri e,12.9,False,1258,391,1006,353,304,Nova Stark,True
2292_02,Earth,True,F/35/P,TRAPPIST-1e,40.2,False,0,0,0,0,0,Remy Vivaldi,True
2293_01,Earth,False,C/12/S,TRAPPIST-1e,38.5,False,508,711,1418,1454,684,Ilya Komarov,False
2293_02,Earth,False,C/155/P,55 Cancri e,31.6,False,785,856,176,1429,300,Jordan Benson,False
2294_01,Europa,False,D/115/S,TRAPPIST-1e,22.4,False,20,1015,710,700,1443,Aria Lin,False
2294_02,Europa,False,E/189/S,55 Cancri e,26.2,False,151,1183,858,1466,95,Kai Vega,False
2295_01,Europa,True,D/166/S,55 Cancri e,27.9,False,0,0,0,0,0,Leo Stark,True
2295_02,Earth,False,E/61/S,55 Cancri e,22.2,False,639,1382,1156,399,1162,Nova Stark,True
2296_01,Mars,True,B/72/P,TRAPPIST-1e,33.1,False,0,0,0,0,0,Kai Vega,True
2296_02,Europa,False,B/67/P,55 Cancri e,38.2,False,1193,1263,1360,1161,1259,Kai Vega,False
2297_01,Earth,True,F/151/P,TRAPPIST-1e,21.6,False,0,0,0,0,0,Priya Kaur,False
2297_02,Mars,False,E/46/S,PSO J318.5-22,22.9,False,933,1424,1224,291,341,Lara Xel'Naga,False
2298_01,Europa,False,B/172/P,55 Cancri e,12.0,False,1492,1441,26,454,917,Nova Stark,False
2298_02,Earth,True,D/124/P,TRAPPIST-1e,25.0,False,0,0,0,0,0,Remy Vivaldi,True
2299_01,Mars,False,D/169/S,55 Cancri e,27.0,False,489,984,960,623,206,Remy Vivaldi,True
2299_02,Earth,True,G/100/S,TRAPPIST-1e,24.5,True,0,0,0,0,0,Priya Kaur,True
2300_01,Earth,False,C/126/P,55 Cancri e,31.6,False,739,305,1486,1259,1314,Mila Benson,False
2300_02,Earth,True,C/19/P,PSO J318.5-22,26.8,False,0,0,0,0,0,Aria Lin,True
2301_01,Europa,False,D/188/S,PSO J318.5-22,30.2,False,644,29,1411,766,1166,Hiro Tanaka,False
2301_02,Mars,False,G/113/P,PSO J318.5-22,26.3,False,614,1442,1004,73,1078,Mila Benson,False
2302_01,Earth,False,D/26/S,TRAPPIST-1e,39.2,False,1045,427,1055,862,338,Ilya Komarov,True
2302_02,Earth,False,F/152/P,PSO J318.5-22,17.4,False,511,1093,671,1111,876,Ilya Komarov,False
2303_01,Earth,True,E/113/P,PSO J318.5-22,32.5,False,0,0,0,0,0,Leo Stark,True
2303_02,Europa,False,B/21/S,55 Cancri e,17.8,False,588,766,1293,818,77,Kai Vega,False
2304_01,Europa,False,C/129/S,55 Cancri e,24.9,False,635,1209,1144,591,717,Lara Xel'Naga,True
2304_02,Mars,False,C/18/S,TRAPPIST-1e,31.7,False,564,1297,409,357,97,Nova Stark,False
2305_01,Europa,True,A/186/S,TRAPPIST-1e,14.2,False,0,0,0,0,0,Ethan Zhao,True
2305_02,Europa,True,F/42/P,TRAPPIST-1e,34.5,False,0,0,0,0,0,Hiro Tanaka,False
2306_01,Mars,False,G/41/P,TRAPPIST-1e,32.3,False,137,435,753,142,1023,Mila Benson,True
2306_02,Europa,False,B/36/P,TRAPPIST-1e,37.7,False,1322,261,511,672,61,Priya Kaur,True
2307_01,Europa,False,D/124/P,TRAPPIST-1e,31.0,False,801,1192,265,307,458,Aria Lin,True
2307_02,Europa,False,F/179/S,TRAPPIST-1e,48.8,True,1208,333,514,440,672,Nova Stark,False
2308_01,Europa,False,E/22/P,TRAPPIST-1e,28.1,False,253,1358,1423,1189,1283,Ethan Zhao,False
2308_02,Mars,False,D/171/S,PSO J318.5-22,32.2,False,1027,118,995,469,1493,Nova Stark,False
2309_01,Europa,False,D/65/S,TRAPPIST-1e,25.1,True,1093,693,864,775,1393,Nova Stark,True
2309_02,Mars,False,C/165/P,55 Cancri e,9.3,False,180,1028,1220,46,633,Nova Stark,False
2310_01,Earth,True,C/16/S,55 Cancri e,22.9,False,0,0,0,0,0,Priya Kaur,True
2310_02,Earth,False,E/125/P,55 Cancri e,36.6,False,1450,588,309,273,839,Ethan Zhao,True
2311_01,Earth,True,A/176/S,PSO J318.5-22,34.3,True,0,0,0,0,0,Hiro Tanaka,True
2311_02,Mars,False,F/60/S,PSO J318.5-22,31.6,False,360,1017,1092,661,698,Mila Benson,False
2312_01,Mars,True,D/111/P,55 Cancri e,20.6,True,0,0,0,0,0,Lara Xel'Naga,False
2312_02,Earth,True,A/50/P,55 Cancri e,34.5,False,0,0,0,0,0,Hiro Tanaka,False
2313_01,Earth,True,A/21/P,TRAPPIST-1e,18.8,False,0,0,0,0,0,Priya Kaur,True
2313_02,Earth,False,C/129/S,TRAPPIST-1e,33.6,False,181,685,680,247,619,Nova Stark,False
2314_01,Europa,True,B/146/S,TRAPPIST-1e,17.9,False,0,0,0,0,0,Kai Vega,True
2314_02,Europa,False,C/89/S,PSO J318.5-22,32.4,False,29,1325,1499,872,947,Remy Vivaldi,False
2315_01,Mars,False,E/52/S,PSO J318.5-22,19.4,False,736,1420,1112,1257,167,Aria Lin,True
2315_02,Mars,False,D/159/S,TRAPPIST-1e,28.3,False,742,125,572,119,1451,Remy Vivaldi,False
2316_01,Mars,False,E/91/S,PSO J318.5-22,35.0,False,559,1225,1082,696,222,Ilya Komarov,False
2316_02,Earth,False,F/100/P,PSO J318.5-22,31.1,False,1034,792,813,309,1011,Hiro Tanaka,False
2317_01,Earth,False,F/111/P,TRAPPIST-1e,33.1,False,1156,843,988,418,1491,Hiro Tanaka,False
2317_02,Mars,False,B/152/P,TRAPPIST-1e,35.6,False,1467,29,297,1084,457,Aria Lin,False
2318_01,Earth,True,E/93/P,55 Cancri e,29.5,False,0,0,0,0,0,Ilya Komarov,True
2318_02,Mars,False,G/156/P,TRAPPIST-1e,36.8,False,447,1325,880,539,484,Mila Benson,True
2319_01,Mars,False,E/195/P,PSO J318.5-22,29.4,False,465,465,1063,689,1352,Hiro Tanaka,False
2319_02,Europa,False,G/33/P,TRAPPIST-1e,28.6,False,1308,946,553,1089,108,Aria Lin,False
2320_01,Earth,False,A/199/S,PSO J318.5-22,13.7,False,819,422,571,861,1263,Mila Benson,False
2320_02,Mars,False,D/44/S,PSO J318.5-22,40.9,False,434,211,1423,525,467,Ethan Zhao,True
2321_01,Earth,True,C/109/S,TRAPPIST-1e,28.0,False,0,0,0,0,0,Remy Vivaldi,True
2321_02,Europa,False,E/40/S,TRAPPIST-1e,25.8,False,209,255,72,146,1363,Leo Stark,True
2322_01,Earth,False,A/71/P,TRAPPIST-1e,21.4,False,1177,1278,1374,546,834,Ilya Komarov,False
2322_02,Europa,False,G/73/P,PSO J318.5-22,23.2,False,311,807,764,133,947,Lara Xel'Naga,True
2323_01,Earth,False,B/193/S,TRAPPIST-1e,27.3,False,929,882,251,134,522,Nova Stark,True
2323_02,Europa,False,F/64/P,55 Cancri e,42.2,False,803,659,318,79,1214,Hiro Tanaka,False
2324_01,Mars,False,D/7/P,TRAPPIST-1e,21.9,False,367,1006,992,595,1017,Kai Vega,False
2324_02,Earth,True,E/4/S,55 Cancri e,26.4,False,0,0,0,0,0,Priya Kaur,True
2325_01,Europa,False,F/62/P,PSO J318.5-22,34.4,False,282,613,930,805,231,Ilya Komarov,False
2325_02,Earth,False,C/88/S,55 Cancri e,36.7,False,315,837,1359,410,244,Ilya Komarov,True
2326_01,Mars,False,B/87/S,TRAPPIST-1e,10.3,False,658,897,551,678,602,Jordan Benson,True
2326_02,Earth,True,D/105/S,TRAPPIST-1e,34.5,False,0,0,0,0,0,Aria Lin,True
2327_01,Earth,False,E/191/P,PSO J318.5-22,37.8,False,1358,651,589,198,16,Ilya Komarov,False
2327_02,Earth,False,C/16/P,TRAPPIST-1e,23.1,False,217,740,649,146,1233,Remy Vivaldi,False
2328_01,Mars,True,B/121/S,55 Cancri e,28.1,False,0,0,0,0,0,Kai Vega,False
2328_02,Mars,True,F/145/P,TRAPPIST-1e,28.3,False,0,0,0,0,0,Hiro Tanaka,False
2329_01,Earth,False,A/177/P,TRAPPIST-1e,22.8,False,352,182,454,5,1356,Nova Stark,False
2329_02,Mars,False,C/81/S,PSO J318.5-22,11.7,False,1356,1281,210,50,1468,Kai Vega,False
2330_01,Earth,False,A/108/P,TRAPPIST-1e,18.7,True,769,1074,153,581,787,Ethan Zhao,False
2330_02,Europa,False,C/154/P,TRAPPIST-1e,42.6,True,790,1333,1422,133,219,Kai Vega,False
2331_01,Earth,False,B/101/S,TRAPPIST-1e,23.7,False,945,688,114,1495,1172,Lara Xel'Naga,False
2331_02,Mars,False,D/151/P,TRAPPIST-1e,14.4,False,1264,122,803,838,1092,Ethan Zhao,False
2332_01,Europa,True,A/119/P,TRAPPIST-1e,25.1,False,0,0,0,0,0,Ilya Komarov,True
2332_02,Mars,True,B/119/P,PSO J318.5-22,17.1,False,0,0,0,0,0,Ilya Komarov,False
2333_01,Earth,False,A/15/P,TRAPPIST-1e,28.8,False,1281,216,478,1137,1403,Nova Stark,True
2333_02,Earth,True,A/16/S,TRAPPIST-1e,18.5,False,0,0,0,0,0,Lara Xel'Naga,True
2334_01,Europa,False,F/122/S,TRAPPIST-1e,29.7,False,597,128,509,164,276,Nova Stark,False
2334_02,Earth,False,E/169/S,55 Cancri e,15.7,False,256,1155,991,569,1280,Remy Vivaldi,True
2335_01,Mars,False,B/48/S,TRAPPIST-1e,21.9,False,715,1022,1074,1282,177,Aria Lin,False
2335_02,Mars,True,G/198/P,TRAPPIST-1e,32.3,False,0,0,0,0,0,Leo Stark,True
2336_01,Earth,True,C/127/P,TRAPPIST-1e,12.3,False,0,0,0,0,0,Jordan Benson,False
2336_02,Mars,False,G/187/S,TRAPPIST-1e,40.3,False,1179,1067,592,541,321,Leo Stark,False
2337_01,Mars,False,E/105/S,55 Cancri e,30.3,True,617,358,1341,1098,193,Aria Lin,False
2337_02,Earth,False,D/191/S,TRAPPIST-1e,15.6,False,362,1119,1063,767,396,Leo Stark,False
2338_01,Mars,True,B/23/P,55 Cancri e,37.1,False,0,0,0,0,0,Lara Xel'Naga,True
2338_02,Europa,True,C/123/S,PSO J318.5-22,36.0,False,0,0,0,0,0,Aria Lin,True
2339_01,Mars,False,A/70/P,TRAPPIST-1e,35.0,False,1066,625,349,1053,1464,Leo Stark,False
2339_02,Earth,True,G/121/P,55 Cancri e,39.6,False,0,0,0,0,0,Ilya Komarov,True
2340_01,Europa,False,A/5/P,TRAPPIST-1e,23.5,False,961,93,1318,898,88,Lara Xel'Naga,False
2340_02,Europa,True,B/43/S,TRAPPIST-1e,14.9,False,0,0,0,0,0,Aria Lin,True
2341_01,Earth,False,B/143/S,TRAPPIST-1e,13.3,False,693,641,1247,554,386,Leo Stark,False
2341_02,Europa,False,C/51/P,55 Cancri e,46.9,False,680,775,1497,202,1009,Remy Vivaldi,False
2342_01,Europa,True,D/104/S,PSO J318.5-22,40.6,False,0,0,0,0,0,Mila Benson,False
2342_02,Mars,False,C/78/S,55 Cancri e,27.3,False,1091,1115,777,177,828,Leo Stark,False
2343_01,Europa,False,D/176/P,PSO J318.5-22,22.4,False,1296,115,858,463,103,Aria Lin,False
2343_02,Mars,False,B/175/S,PSO J318.5-22,19.3,True,258,1331,1390,928,809,Nova Stark,False
2344_01,Earth,False,F/110/P,55 Cancri e,21.1,False,559,26,507,526,774,Lara Xel'Naga,False
2344_02,Mars,False,B/54/P,TRAPPIST-1e,25.9,False,1388,952,297,776,360,Lara Xel'Naga,False
2345_01,Europa,False,F/106/P,55 Cancri e,18.4,False,29,1462,1363,125,595,Ethan Zhao,False
2345_02,Mars,True,G/173/P,TRAPPIST-1e,26.4,False,0,0,0,0,0,Leo Stark,True
2346_01,Earth,True,A/77/S,TRAPPIST-1e,51.6,False,0,0,0,0,0,Leo Stark,False
2346_02,Mars,True,G/141/S,PSO J318.5-22,28.4,False,0,0,0,0,0,Priya Kaur,True
2347_01,Mars,False,E/44/S,TRAPPIST-1e,35.7,False,1245,1,393,305,1169,Kai Vega,False
2347_02,Europa,True,G/195/S,TRAPPIST-1e,18.6,False,0,0,0,0,0,Leo Stark,True
2348_01,Earth,False,A/59/S,TRAPPIST-1e,13.9,True,670,1363,351,809,208,Priya Kaur,False
2348_02,Earth,False,B/26/P,55 Cancri e,26.4,True,957,204,624,720,635,Leo Stark,False
2349_01,Earth,True,D/150/P,TRAPPIST-1e,32.6,False,0,0,0,0,0,Remy Vivaldi,True
2349_02,Mars,False,G/64/P,TRAPPIST-1e,22.8,False,458,37,197,356,6,Lara Xel'Naga,True
2350_01,Earth,True,B/25/S,TRAPPIST-1e,29.8,True,0,0,0,0,0,Aria Lin,True
2350_02,Europa,True,B/56/P,TRAPPIST-1e,33.1,False,0,0,0,0,0,Leo Stark,True
2351_01,Europa,True,A/75/P,55 Cancri e,43.1,False,0,0,0,0,0,Jordan Benson,True
2351_02,Earth,True,A/141/S,55 Cancri e,8.6,False,0,0,0,0,0,Jordan Benson,True
2352_01,Mars,False,G/63/P,PSO J318.5-22,50.9,False,1394,821,234,1092,446,Ilya Komarov,False
2352_02,Mars,False,F/177/P,TRAPPIST-1e,39.7,False,609,7,461,999,1334,Ethan Zhao,True
2353_01,Europa,False,G/192/P,55 Cancri e,11.0,False,1383,1137,1111,137,1131,Nova Stark,False
2353_02,Earth,False,B/76/S,55 Cancri e,31.7,False,534,143,868,655,55,Remy Vivaldi,False
2354_01,Mars,False,D/30/S,TRAPPIST-1e,37.1,False,836,779,836,509,1096,Ethan Zhao,False
2354_02,Mars,False,A/120/P,PSO J318.5-22,38.9,False,811,563,264,1250,1216,Ilya Komarov,True
2355_01,Mars,True,B/9/S,TRAPPIST-1e,50.4,True,0,0,0,0,0,Remy Vivaldi,True
2355_02,Europa,False,A/140/P,TRAPPIST-1e,26.9,False,1382,804,1075,98,592,Hiro Tanaka,False
2356_01,Earth,False,B/29/S,PSO J318.5-22,38.3,False,356,927,10,80,1284,Mila Benson,False
2356_02,Europa,False,B/46/S,PSO J318.5-22,27.2,False,5,1481,372,480,221,Remy Vivaldi,True
2357_01,Europa,False,B/183/S,TRAPPIST-1e,19.7,False,514,1083,220,348,227,Lara Xel'Naga,False
2357_02,Earth,False,A/57/P,TRAPPIST-1e,23.8,False,289,292,809,1216,955,Hiro Tanaka,False
2358_01,Earth,True,F/56/P,TRAPPIST-1e,39.1,False,0,0,0,0,0,Mila Benson,True
2358_02,Europa,True,D/130/P,TRAPPIST-1e,23.5,False,0,0,0,0,0,Ilya Komarov,True
2359_01,Europa,False,F/35/P,TRAPPIST-1e,14.1,False,1301,1487,188,917,1201,Nova Stark,True
2359_02,Mars,False,G/44/S,55 Cancri e,40.3,False,923,987,374,759,1477,Mila Benson,True
2360_01,Earth,False,C/22/S,PSO J318.5-22,17.3,False,1396,1488,162,275,363,Nova Stark,True
2360_02,Earth,True,F/4/S,TRAPPIST-1e,30.9,False,0,0,0,0,0,Priya Kaur,True
2361_01,Earth,True,C/8/S,TRAPPIST-1e,43.2,False,0,0,0,0,0,Mila Benson,True
2361_02,Mars,False,E/75/S,55 Cancri e,26.7,False,459,1288,538,973,1409,Remy Vivaldi,False
2362_01,Mars,True,D/157/S,TRAPPIST-1e,30.8,False,0,0,0,0,0,Priya Kaur,True
2362_02,Earth,False,F/116/S,TRAPPIST-1e,31.8,False,1492,879,1365,1200,1153,Mila Benson,False
2363_01,Mars,True,C/184/P,TRAPPIST-1e,18.4,False,0,0,0,0,0,Lara Xel'Naga,True
2363_02,Mars,False,D/63/P,55 Cancri e,26.4,False,741,984,470,1377,415,Mila Benson,True
2364_01,Europa,False,B/34/P,TRAPPIST-1e,26.7,False,1112,1213,898,600,1371,Lara Xel'Naga,True
2364_02,Earth,True,D/51/S,55 Cancri e,59.8,True,0,0,0,0,0,Hiro Tanaka,True
2365_01,Mars,True,C/11/S,TRAPPIST-1e,45.5,False,0,0,0,0,0,Aria Lin,True
2365_02,Europa,False,G/122/P,PSO J318.5-22,14.3,False,775,900,482,1142,168,Mila Benson,False
2366_01,Earth,False,G/113/S,55 Cancri e,24.8,False,1460,438,887,1212,159,Remy Vivaldi,False
2366_02,Earth,True,G/66/P,55 Cancri e,17.8,False,0,0,0,0,0,Hiro Tanaka,True
2367_01,Europa,True,F/21/P,55 Cancri e,34.8,False,0,0,0,0,0,Priya Kaur,True
2367_02,Earth,False,A/193/S,TRAPPIST-1e,30.1,False,585,863,1041,139,1138,Ilya Komarov,False
2368_01,Mars,False,D/19/S,TRAPPIST-1e,19.0,False,385,520,1276,619,1121,Leo Stark,False
2368_02,Earth,False,E/40/P,55 Cancri e,39.4,False,786,1094,550,446,1113,Nova Stark,True
2369_01,Mars,False,D/195/P,TRAPPIST-1e,2.8,False,543,1149,1170,279,23,Aria Lin,True
2369_02,Earth,True,C/59/S,55 Cancri e,23.0,False,0,0,0,0,0,Lara Xel'Naga,True
2370_01,Europa,True,G/49/P,TRAPPIST-1e,47.0,False,0,0,0,0,0,Nova Stark,True
2370_02,Europa,False,E/69/S,TRAPPIST-1e,31.4,False,1320,854,1015,943,1105,Priya Kaur,False
2371_01,Mars,False,E/156/P,TRAPPIST-1e,34.9,False,1493,1446,1047,1084,83,Nova Stark,False
2371_02,Europa,False,B/180/S,TRAPPIST-1e,38.5,False,224,185,374,71,73,Hiro Tanaka,True
2372_01,Mars,False,D/51/S,PSO J318.5-22,28.3,False,764,1096,211,1455,723,Priya Kaur,True
2372_02,Earth,False,B/150/P,TRAPPIST-1e,50.4,False,1191,774,330,750,1166,Leo Stark,False
2373_01,Mars,True,B/155/P,55 Cancri e,26.3,False,0,0,0,0,0,Leo Stark,True
2373_02,Mars,True,B/122/P,TRAPPIST-1e,26.7,False,0,0,0,0,0,Remy Vivaldi,False
2374_01,Earth,False,D/162/P,TRAPPIST-1e,35.1,False,1351,603,1282,1460,717,Leo Stark,False
2374_02,Earth,True,A/30/S,PSO J318.5-22,24.6,False,0,0,0,0,0,Jordan Benson,True
2375_01,Europa,True,F/88/P,55 Cancri e,19.8,False,0,0,0,0,0,Lara Xel'Naga,True
2375_02,Mars,False,B/56/P,TRAPPIST-1e,32.4,False,514,1472,398,213,561,Kai Vega,True
2376_01,Mars,False,F/31/S,TRAPPIST-1e,24.0,False,1411,693,1288,1336,1063,Kai Vega,False
2376_02,Earth,True,D/87/S,55 Cancri e,35.5,False,0,0,0,0,0,Hiro Tanaka,True
2377_01,Europa,True,G/21/S,TRAPPIST-1e,20.5,False,0,0,0,0,0,Kai Vega,True
2377_02,Mars,True,C/20/P,PSO J318.5-22,25.9,False,0,0,0,0,0,Leo Stark,True
2378_01,Mars,False,B/65/S,TRAPPIST-1e,31.6,False,534,1258,1154,1023,16,Hiro Tanaka,False
2378_02,Mars,True,D/187/P,TRAPPIST-1e,40.8,False,0,0,0,0,0,Hiro Tanaka,True
2379_01,Mars,False,F/146/P,TRAPPIST-1e,31.8,False,877,184,1414,1446,1465,Mila Benson,True
2379_02,Earth,False,C/95/P,55 Cancri e,26.0,False,1035,79,808,301,1239,Kai Vega,False
2380_01,Mars,True,F/61/P,TRAPPIST-1e,20.8,False,0,0,0,0,0,Priya Kaur,True
2380_02,Earth,False,A/7/P,TRAPPIST-1e,26.3,False,1028,755,628,1009,772,Kai Vega,False
2381_01,Earth,False,E/164/S,TRAPPIST-1e,21.1,False,344,1293,1131,473,1105,Ethan Zhao,True
2381_02,Europa,True,C/162/S,TRAPPIST-1e,27.1,False,0,0,0,0,0,Ethan Zhao,True
2382_01,Mars,True,A/97/S,TRAPPIST-1e,39.5,False,0,0,0,0,0,Kai Vega,True
2382_02,Earth,False,G/17/S,55 Cancri e,24.9,False,174,841,1486,1418,865,Aria Lin,True
2383_01,Earth,True,A/198/S,55 Cancri e,34.8,False,0,0,0,0,0,Hiro Tanaka,True
2383_02,Earth,False,C/1/P,PSO J318.5-22,37.3,False,848,240,701,339,792,Jordan Benson,False
2384_01,Earth,False,G/14/P,55 Cancri e,47.4,False,1298,14,1064,207,1083,Hiro Tanaka,False
2384_02,Mars,False,F/35/P,TRAPPIST-1e,27.3,False,364,1263,607,159,396,Leo Stark,False
2385_01,Earth,False,E/141/S,TRAPPIST-1e,51.8,False,1156,1404,432,608,388,Ilya Komarov,False
2385_02,Europa,False,E/163/S,55 Cancri e,26.1,False,996,582,431,1297,350,Lara Xel'Naga,True
2386_01,Earth,False,C/22/S,TRAPPIST-1e,42.8,False,1321,116,1290,148,1217,Leo Stark,True
2386_02,Mars,True,D/44/P,PSO J318.5-22,21.2,False,0,0,0,0,0,Leo Stark,True
2387_01,Mars,False,B/133/S,PSO J318.5-22,29.6,False,147,464,975,568,1028,Hiro Tanaka,True
2387_02,Earth,False,F/112/P,PSO J318.5-22,40.7,False,525,279,498,835,435,Ethan Zhao,False
2388_01,Mars,True,B/8/S,TRAPPIST-1e,44.6,False,0,0,0,0,0,Hiro Tanaka,True
2388_02,Europa,False,G/54/S,55 Cancri e,38.5,False,968,1160,611,594,1303,Ilya Komarov,False
2389_01,Europa,True,C/151/P,PSO J318.5-22,28.3,False,0,0,0,0,0,Aria Lin,True
2389_02,Earth,True,C/59/P,TRAPPIST-1e,29.6,False,0,0,0,0,0,Leo Stark,True
2390_01,Earth,False,G/142/S,PSO J318.5-22,27.0,False,651,657,461,1225,151,Leo Stark,False
2390_02,Earth,False,D/55/S,TRAPPIST-1e,18.3,False,221,78,1223,98,911,Leo Stark,True
2391_01,Mars,False,A/44/P,TRAPPIST-1e,19.1,False,1397,1075,966,134,410,Kai Vega,True
2391_02,Earth,False,D/80/S,TRAPPIST-1e,39.6,False,1493,1135,784,1067,1420,Lara Xel'Naga,False
2392_01,Mars,False,A/129/S,PSO J318.5-22,53.8,False,544,387,1499,1433,15,Nova Stark,False
2392_02,Earth,False,G/71/P,55 Cancri e,27.4,False,661,101,1209,950,930,Ethan Zhao,False
2393_01,Earth,True,D/186/S,PSO J318.5-22,19.7,False,0,0,0,0,0,Nova Stark,True
2393_02,Earth,False,G/65/S,PSO J318.5-22,31.5,False,17,569,1016,1355,1120,Lara Xel'Naga,False
2394_01,Earth,True,C/191/S,55 Cancri e,2.4,False,0,0,0,0,0,Hiro Tanaka,False
2394_02,Earth,True,D/84/P,TRAPPIST-1e,19.9,False,0,0,0,0,0,Hiro Tanaka,True
2395_01,Earth,False,E/176/S,TRAPPIST-1e,22.1,False,871,834,1264,856,1068,Remy Vivaldi,False
2395_02,Mars,False,F/150/P,TRAPPIST-1e,27.3,False,969,592,254,66,917,Remy Vivaldi,False
2396_01,Earth,True,D/1/P,55 Cancri e,20.5,False,0,0,0,0,0,Jordan Benson,True
2396_02,Europa,True,B/73/P,55 Cancri e,20.9,False,0,0,0,0,0,Nova Stark,True
2397_01,Earth,True,F/140/S,TRAPPIST-1e,39.9,False,0,0,0,0,0,Remy Vivaldi,True
2397_02,Europa,False,D/181/P,TRAPPIST-1e,32.1,False,1257,965,484,38,10,Kai Vega,False
2398_01,Earth,True,D/192/P,TRAPPIST-1e,49.5,False,0,0,0,0,0,Priya Kaur,True
2398_02,Earth,False,B/53/S,55 Cancri e,23.3,False,1117,83,57,1316,1039,Priya Kaur,False
2399_01,Mars,False,D/37/P,PSO J318.5-22,27.8,False,968,164,436,726,402,Nova Stark,False
2399_02,Earth,False,F/130/P,TRAPPIST-1e,44.8,False,1409,1161,715,813,721,Hiro Tanaka,True
2400_01,Earth,False,G/99/P,TRAPPIST-1e,31.5,False,1022,461,1396,1185,641,Ethan Zhao,False
2400_02,Earth,True,G/96/S,TRAPPIST-1e,14.3,False,0,0,0,0,0,Aria Lin,True
2401_01,Mars,False,G/111/P,PSO J318.5-22,19.0,False,518,1434,1364,710,88,Mila Benson,False
2401_02,Earth,True,D/142/P,PSO J318.5-22,41.0,False,0,0,0,0,0,Jordan Benson,True
2402_01,Earth,False,D/186/S,55 Cancri e,40.1,False,672,863,889,1304,421,Ilya Komarov,False
2402_02,Mars,False,D/97/S,TRAPPIST-1e,30.4,False,875,701,337,265,802,Nova Stark,False
2403_01,Earth,True,E/29/S,PSO J318.5-22,25.3,False,0,0,0,0,0,Nova Stark,True
2403_02,Europa,True,A/36/S,PSO J318.5-22,30.9,False,0,0,0,0,0,Nova Stark,True
2404_01,Earth,False,E/159/P,TRAPPIST-1e,29.2,False,952,1226,716,984,895,Remy Vivaldi,False
2404_02,Earth,True,F/191/P,TRAPPIST-1e,39.2,False,0,0,0,0,0,Priya Kaur,True
2405_01,Europa,False,D/6/P,TRAPPIST-1e,21.7,False,495,1172,541,634,1349,Leo Stark,True
2405_02,Mars,True,D/73/P,TRAPPIST-1e,31.5,False,0,0,0,0,0,Jordan Benson,True
2406_01,Earth,False,E/123/S,TRAPPIST-1e,33.7,False,74,497,1439,721,1363,Leo Stark,False
2406_02,Mars,False,F/66/P,55 Cancri e,27.8,False,307,703,883,1264,252,Hiro Tanaka,False
2407_01,Earth,True,C/14/S,55 Cancri e,26.1,False,0,0,0,0,0,Ilya Komarov,False
2407_02,Mars,True,A/41/P,PSO J318.5-22,26.4,False,0,0,0,0,0,Nova Stark,True
2408_01,Earth,False,G/29/P,TRAPPIST-1e,29.9,False,1177,991,1254,101,826,Priya Kaur,True
2408_02,Europa,False,A/152/S,PSO J318.5-22,30.4,False,176,983,926,231,11,Jordan Benson,False
2409_01,Europa,False,E/18/S,TRAPPIST-1e,15.7,False,1158,756,1054,455,258,Leo Stark,False
2409_02,Earth,False,D/65/S,TRAPPIST-1e,28.6,False,1127,430,1405,468,1230,Hiro Tanaka,True
2410_01,Earth,True,C/44/S,TRAPPIST-1e,26.9,False,0,0,0,0,0,Ethan Zhao,True
2410_02,Mars,False,C/66/S,TRAPPIST-1e,40.4,False,1139,195,35,66,644,Priya Kaur,False
2411_01,Europa,False,F/89/P,TRAPPIST-1e,16.5,False,321,239,1016,1083,649,Kai Vega,False
2411_02,Earth,False,E/174/P,55 Cancri e,20.3,False,561,164,830,188,91,Aria Lin,False
2412_01,Earth,False,E/179/P,TRAPPIST-1e,31.9,False,1098,1451,1408,1076,174,Kai Vega,False
2412_02,Mars,False,F/9/S,TRAPPIST-1e,37.7,False,473,1384,269,406,1147,Leo Stark,True
2413_01,Earth,True,A/57/S,TRAPPIST-1e,22.8,False,0,0,0,0,0,Hiro Tanaka,True
2413_02,Europa,False,D/69/S,55 Cancri e,47.2,False,35,1235,133,864,923,Lara Xel'Naga,False
2414_01,Earth,False,F/129/P,TRAPPIST-1e,18.5,False,490,840,987,1461,838,Leo Stark,False
2414_02,Mars,False,A/91/P,55 Cancri e,34.1,False,1069,667,1424,1019,431,Leo Stark,False
2415_01,Mars,True,C/191/S,TRAPPIST-1e,30.2,False,0,0,0,0,0,Nova Stark,False
2415_02,Europa,False,G/108/S,55 Cancri e,28.2,False,516,461,965,180,144,Kai Vega,False
2416_01,Mars,True,F/62/S,TRAPPIST-1e,10.9,False,0,0,0,0,0,Mila Benson,True
2416_02,Mars,False,F/106/P,TRAPPIST-1e,15.3,False,812,968,954,483,481,Hiro Tanaka,False
2417_01,Earth,True,C/96/P,55 Cancri e,35.3,False,0,0,0,0,0,Leo Stark,True
2417_02,Earth,False,A/38/S,55 Cancri e,33.3,False,265,527,1115,1271,1042,Ethan Zhao,False
2418_01,Mars,False,F/100/S,55 Cancri e,34.4,False,1118,429,794,940,1060,Ilya Komarov,False
2418_02,Mars,False,D/190/P,TRAPPIST-1e,27.9,False,1416,1314,302,400,822,Remy Vivaldi,True
2419_01,Earth,False,A/67/P,TRAPPIST-1e,21.9,False,164,1036,24,1146,128,Lara Xel'Naga,True
2419_02,Mars,False,F/21/S,TRAPPIST-1e,35.7,False,816,1017,594,1332,435,Mila Benson,False
2420_01,Earth,False,D/151/P,TRAPPIST-1e,22.0,False,42,403,604,655,262,Remy Vivaldi,False
2420_02,Europa,False,E/129/S,TRAPPIST-1e,24.7,False,69,660,1315,1237,871,Aria Lin,False
2421_01,Mars,False,C/58/S,TRAPPIST-1e,49.5,False,481,714,815,681,174,Lara Xel'Naga,True
2421_02,Earth,False,C/107/S,TRAPPIST-1e,18.0,False,1370,1193,1,638,705,Nova Stark,False
2422_01,Mars,False,F/75/P,PSO J318.5-22,27.5,False,589,201,1004,1312,1085,Kai Vega,False
2422_02,Earth,False,A/182/P,TRAPPIST-1e,33.8,False,125,991,48,845,178,Lara Xel'Naga,False
2423_01,Earth,True,B/79/P,PSO J318.5-22,18.5,False,0,0,0,0,0,Ethan Zhao,False
2423_02,Earth,False,C/33/P,TRAPPIST-1e,30.7,False,1456,571,301,963,989,Jordan Benson,True
2424_01,Mars,False,B/4/P,55 Cancri e,29.0,True,1387,623,99,214,624,Leo Stark,False
2424_02,Europa,False,E/85/S,TRAPPIST-1e,10.6,False,96,818,629,547,336,Priya Kaur,False
2425_01,Europa,False,G/17/P,TRAPPIST-1e,26.6,False,815,359,1014,346,1147,Lara Xel'Naga,False
2425_02,Earth,False,G/155/P,TRAPPIST-1e,32.6,False,551,537,653,421,335,Leo Stark,False
2426_01,Earth,False,F/158/S,55 Cancri e,27.0,False,911,716,1099,1489,284,Jordan Benson,False
2426_02,Earth,False,G/84/S,TRAPPIST-1e,21.7,True,721,385,949,769,1282,Remy Vivaldi,False
2427_01,Mars,False,F/45/S,TRAPPIST-1e,6.4,False,599,1392,1207,1039,755,Ilya Komarov,False
2427_02,Mars,False,B/171/P,PSO J318.5-22,23.8,False,1109,710,1033,476,1187,Ethan Zhao,True
2428_01,Earth,True,F/115/S,55 Cancri e,30.4,False,0,0,0,0,0,Jordan Benson,True
2428_02,Earth,True,G/188/P,TRAPPIST-1e,12.3,False,0,0,0,0,0,Priya Kaur,True
2429_01,Earth,False,A/33/S,TRAPPIST-1e,27.9,False,21,179,790,729,1498,Hiro Tanaka,True
2429_02,Mars,False,E/92/P,PSO J318.5-22,15.6,False,748,715,338,530,691,Priya Kaur,True
2430_01,Mars,False,A/183/P,TRAPPIST-1e,29.9,False,1108,489,4,75,1276,Hiro Tanaka,False
2430_02,Mars,False,E/23/P,TRAPPIST-1e,37.6,False,6,680,472,1161,1381,Leo Stark,False
2431_01,Mars,False,C/36/P,TRAPPIST-1e,26.1,False,1188,231,327,237,1143,Leo Stark,True
2431_02,Mars,False,F/69/P,TRAPPIST-1e,14.3,False,949,894,618,249,1359,Priya Kaur,False
2432_01,Europa,False,B/172/S,PSO J318.5-22,34.2,False,1418,937,1174,1288,1243,Ilya Komarov,False
2432_02,Mars,False,A/185/P,55 Cancri e,25.5,False,1239,1338,215,1358,1382,Leo Stark,False
2433_01,Earth,True,F/9/P,PSO J318.5-22,29.1,False,0,0,0,0,0,Nova Stark,True
2433_02,Europa,False,B/37/P,55 Cancri e,34.6,False,510,917,156,161,41,Ethan Zhao,False
2434_01,Mars,False,G/152/P,TRAPPIST-1e,4.1,False,1013,763,1452,1373,119,Jordan Benson,False
2434_02,Earth,True,F/118/P,55 Cancri e,31.5,False,0,0,0,0,0,Priya Kaur,True
2435_01,Europa,True,A/181/S,55 Cancri e,27.8,True,0,0,0,0,0,Ilya Komarov,True
2435_02,Europa,True,G/58/P,55 Cancri e,23.9,False,0,0,0,0,0,Jordan Benson,False
2436_01,Earth,True,E/159/S,TRAPPIST-1e,26.4,False,0,0,0,0,0,Leo Stark,False
2436_02,Mars,True,A/52/S,TRAPPIST-1e,34.7,False,0,0,0,0,0,Kai Vega,True
2437_01,Mars,False,D/1/S,PSO J318.5-22,46.4,False,756,597,1292,1203,790,Aria Lin,False
2437_02,Mars,False,G/84/S,TRAPPIST-1e,11.2,False,1172,1171,679,1032,1201,Remy Vivaldi,False
2438_01,Mars,False,C/67/S,55 Cancri e,21.9,False,330,55,1230,104,546,Remy Vivaldi,True
2438_02,Earth,False,A/152/S,TRAPPIST-1e,36.2,False,792,1378,488,1073,1110,Priya Kaur,False
2439_01,Mars,False,B/184/P,PSO J318.5-22,27.8,False,649,647,1385,380,161,Priya Kaur,False
2439_02,Earth,True,B/85/P,TRAPPIST-1e,20.8,False,0,0,0,0,0,Hiro Tanaka,False
2440_01,Mars,False,D/33/S,TRAPPIST-1e,34.2,False,942,1107,1399,221,1348,Priya Kaur,False
2440_02,Europa,True,C/133/P,TRAPPIST-1e,39.4,True,0,0,0,0,0,Jordan Benson,True
2441_01,Mars,True,C/156/S,PSO J318.5-22,31.1,False,0,0,0,0,0,Mila Benson,True
2441_02,Europa,False,A/116/P,55 Cancri e,21.6,False,617,1348,522,165,707,Nova Stark,True
2442_01,Mars,False,F/60/S,PSO J318.5-22,12.1,False,1008,912,1036,1280,1233,Remy Vivaldi,False
2442_02,Europa,False,G/147/P,55 Cancri e,19.3,False,364,224,995,193,1219,Jordan Benson,True
2443_01,Europa,False,E/97/S,TRAPPIST-1e,36.6,False,212,1302,1403,116,1474,Lara Xel'Naga,True
2443_02,Earth,False,B/170/S,PSO J318.5-22,25.1,False,598,409,1390,811,928,Lara Xel'Naga,False
2444_01,Earth,True,E/168/P,TRAPPIST-1e,33.9,False,0,0,0,0,0,Hiro Tanaka,True
2444_02,Europa,True,C/43/S,TRAPPIST-1e,6.6,False,0,0,0,0,0,Nova Stark,True
2445_01,Europa,False,G/151/P,PSO J318.5-22,32.7,False,601,987,1115,468,969,Lara Xel'Naga,True
2445_02,Mars,False,F/108/S,TRAPPIST-1e,32.1,False,1178,626,206,1013,80,Mila Benson,False
2446_01,Mars,False,G/187/S,TRAPPIST-1e,30.8,False,1430,1126,1263,1288,32,Kai Vega,True
2446_02,Earth,False,G/121/P,55 Cancri e,45.0,False,34,1272,999,1073,279,Kai Vega,False
2447_01,Europa,True,E/26/P,55 Cancri e,16.3,False,0,0,0,0,0,Ethan Zhao,True
2447_02,Europa,True,E/176/S,PSO J318.5-22,26.7,True,0,0,0,0,0,Leo Stark,True
2448_01,Earth,False,A/121/P,TRAPPIST-1e,19.7,False,734,1018,1253,664,922,Priya Kaur,True
2448_02,Earth,True,B/27/P,55 Cancri e,33.9,False,0,0,0,0,0,Mila Benson,True
2449_01,Mars,False,D/127/P,55 Cancri e,26.0,False,1144,15,738,714,713,Ethan Zhao,False
2449_02,Europa,False,E/35/P,TRAPPIST-1e,20.1,False,97,115,964,1494,1462,Lara Xel'Naga,False
2450_01,Mars,False,D/70/P,TRAPPIST-1e,36.0,False,1134,1375,1035,983,638,Lara Xel'Naga,True
2450_02,Earth,True,A/97/S,55 Cancri e,37.2,False,0,0,0,0,0,Jordan Benson,True
2451_01,Europa,True,G/153/S,PSO J318.5-22,46.0,False,0,0,0,0,0,Leo Stark,True
2451_02,Europa,False,A/49/S,TRAPPIST-1e,25.7,False,544,391,1193,76,296,Leo Stark,False
2452_01,Earth,False,A/178/S,TRAPPIST-1e,15.5,False,1213,1098,509,578,1116,Nova Stark,False
2452_02,Mars,False,C/77/P,TRAPPIST-1e,31.1,False,1076,495,947,93,624,Leo Stark,False
2453_01,Europa,False,A/182/P,55 Cancri e,34.0,False,280,961,666,1106,1209,Jordan Benson,False
2453_02,Earth,False,C/189/S,55 Cancri e,24.9,False,530,1371,422,980,453,Remy Vivaldi,False
2454_01,Mars,True,D/110/S,PSO J318.5-22,38.6,False,0,0,0,0,0,Mila Benson,True
2454_02,Earth,False,G/137/P,PSO J318.5-22,43.0,False,763,1255,1320,897,952,Priya Kaur,False
2455_01,Earth,False,B/67/S,TRAPPIST-1e,23.4,False,383,1149,102,899,732,Lara Xel'Naga,False
2455_02,Earth,False,D/14/P,PSO J318.5-22,28.9,False,109,1495,1088,1495,669,Ethan Zhao,False
2456_01,Mars,True,B/53/P,TRAPPIST-1e,21.0,False,0,0,0,0,0,Nova Stark,True
2456_02,Europa,False,A/87/P,TRAPPIST-1e,27.2,False,189,761,359,874,885,Nova Stark,False
2457_01,Mars,False,F/35/S,TRAPPIST-1e,32.2,False,1235,885,1014,1468,148,Mila Benson,False
2457_02,Earth,False,C/174/P,55 Cancri e,26.4,False,9,791,1078,871,179,Jordan Benson,False
2458_01,Europa,False,G/42/S,55 Cancri e,35.5,False,1116,1436,393,964,1354,Ethan Zhao,True
2458_02,Mars,False,B/56/S,TRAPPIST-1e,31.2,False,432,953,1186,945,1063,Priya Kaur,False
2459_01,Earth,False,G/114/P,55 Cancri e,30.2,False,783,815,1114,1408,1216,Hiro Tanaka,False
2459_02,Earth,False,G/157/P,TRAPPIST-1e,32.2,False,1276,1267,706,269,840,Kai Vega,True
2460_01,Europa,False,F/58/P,55 Cancri e,12.2,False,684,624,884,318,1147,Mila Benson,False
2460_02,Europa,False,D/48/S,TRAPPIST-1e,42.2,False,1395,1374,1346,487,450,Kai Vega,False
2461_01,Earth,False,C/71/S,TRAPPIST-1e,40.1,False,319,1188,84,247,1455,Priya Kaur,False
2461_02,Earth,False,E/62/P,TRAPPIST-1e,21.2,False,567,683,643,478,712,Mila Benson,False
2462_01,Mars,False,A/52/P,55 Cancri e,22.7,False,356,407,1368,178,1448,Ilya Komarov,True
2462_02,Europa,False,E/3/S,55 Cancri e,28.4,False,1466,1329,366,1059,462,Priya Kaur,False
2463_01,Mars,False,D/129/S,PSO J318.5-22,28.7,False,1298,86,153,496,314,Remy Vivaldi,True
2463_02,Europa,False,A/135/S,TRAPPIST-1e,7.7,False,722,1297,763,261,486,Leo Stark,False
2464_01,Earth,False,F/54/S,55 Cancri e,30.3,False,1128,349,823,437,168,Aria Lin,False
2464_02,Mars,True,A/148/P,TRAPPIST-1e,32.2,False,0,0,0,0,0,Lara Xel'Naga,True
2465_01,Europa,False,D/120/P,TRAPPIST-1e,32.7,False,721,252,403,132,1297,Leo Stark,True
2465_02,Earth,False,C/100/P,TRAPPIST-1e,2.7,False,617,231,544,78,1058,Ethan Zhao,False
2466_01,Earth,False,A/61/P,PSO J318.5-22,29.3,False,327,966,689,383,1387,Kai Vega,False
2466_02,Mars,False,C/171/S,TRAPPIST-1e,1.8,False,1255,1437,1317,546,1197,Aria Lin,True
2467_01,Earth,True,F/182/P,PSO J318.5-22,39.1,True,0,0,0,0,0,Jordan Benson,True
2467_02,Europa,True,D/61/S,55 Cancri e,18.7,False,0,0,0,0,0,Lara Xel'Naga,True
2468_01,Mars,False,C/19/S,PSO J318.5-22,25.1,True,540,296,55,1495,1039,Aria Lin,False
2468_02,Europa,False,G/97/P,TRAPPIST-1e,26.7,False,65,957,1495,1046,701,Nova Stark,True
2469_01,Earth,False,E/80/S,TRAPPIST-1e,23.0,True,887,1328,176,194,1036,Ethan Zhao,False
2469_02,Mars,False,F/169/P,TRAPPIST-1e,18.8,False,875,165,1173,1364,556,Mila Benson,True
2470_01,Europa,True,A/114/S,PSO J318.5-22,33.6,False,0,0,0,0,0,Remy Vivaldi,True
2470_02,Europa,False,G/185/S,TRAPPIST-1e,34.1,False,96,678,403,1100,1260,Kai Vega,True
2471_01,Earth,False,F/126/S,TRAPPIST-1e,21.5,False,888,880,366,547,901,Remy Vivaldi,False
2471_02,Earth,False,D/90/P,TRAPPIST-1e,18.7,False,247,765,1237,69,745,Kai Vega,True
2472_01,Earth,False,E/50/S,TRAPPIST-1e,20.1,False,1197,698,805,273,523,Mila Benson,False
2472_02,Earth,False,A/176/S,PSO J318.5-22,13.6,False,218,1023,512,1422,1134,Priya Kaur,False
2473_01,Earth,True,F/7/S,PSO J318.5-22,31.4,False,0,0,0,0,0,Mila Benson,False
2473_02,Mars,False,C/139/S,TRAPPIST-1e,53.1,False,1116,450,1419,923,932,Aria Lin,True
2474_01,Earth,False,A/66/S,55 Cancri e,42.5,False,992,1376,767,1262,1127,Nova Stark,True
2474_02,Earth,True,G/142/P,TRAPPIST-1e,16.8,False,0,0,0,0,0,Hiro Tanaka,True
2475_01,Earth,False,B/130/P,TRAPPIST-1e,50.3,False,374,1420,363,146,313,Lara Xel'Naga,True
2475_02,Europa,False,F/91/P,TRAPPIST-1e,22.9,False,547,795,1475,898,100,Leo Stark,False
2476_01,Earth,False,B/107/S,TRAPPIST-1e,16.8,False,1372,616,587,1250,595,Mila Benson,False
2476_02,Europa,True,F/59/P,TRAPPIST-1e,22.7,False,0,0,0,0,0,Hiro Tanaka,True
2477_01,Europa,True,A/64/P,TRAPPIST-1e,15.7,True,0,0,0,0,0,Lara Xel'Naga,True
2477_02,Europa,False,B/62/P,55 Cancri e,22.2,False,1073,867,969,721,157,Kai Vega,True
2478_01,Europa,False,D/165/S,TRAPPIST-1e,22.0,False,734,632,1477,1333,326,Hiro Tanaka,False
2478_02,Earth,True,F/144/S,PSO J318.5-22,23.1,False,0,0,0,0,0,Remy Vivaldi,True
2479_01,Earth,False,F/66/P,TRAPPIST-1e,31.0,False,240,434,1051,703,1272,Aria Lin,True
2479_02,Earth,False,A/132/S,TRAPPIST-1e,22.1,False,1387,1495,588,412,568,Mila Benson,False
2480_01,Earth,False,E/127/P,TRAPPIST-1e,21.2,False,1071,483,1181,667,150,Nova Stark,True
2480_02,Earth,False,D/125/P,TRAPPIST-1e,35.1,False,224,1283,1410,255,60,Mila Benson,False
2481_01,Earth,True,E/177/P,55 Cancri e,19.4,False,0,0,0,0,0,Jordan Benson,True
2481_02,Mars,False,G/183/P,TRAPPIST-1e,22.8,False,1420,1185,379,1466,348,Kai Vega,False
2482_01,Mars,False,E/177/S,55 Cancri e,27.6,False,1461,1,928,561,1158,Aria Lin,False
2482_02,Europa,True,C/200/S,55 Cancri e,27.9,False,0,0,0,0,0,Leo Stark,False
2483_01,Mars,True,D/97/P,PSO J318.5-22,19.9,False,0,0,0,0,0,Ilya Komarov,True
2483_02,Earth,True,A/140/P,TRAPPIST-1e,40.0,False,0,0,0,0,0,Hiro Tanaka,True
2484_01,Europa,True,G/34/S,TRAPPIST-1e,33.8,False,0,0,0,0,0,Hiro Tanaka,True
2484_02,Mars,True,A/36/S,PSO J318.5-22,27.3,False,0,0,0,0,0,Nova Stark,True
2485_01,Mars,False,F/111/S,55 Cancri e,36.0,False,897,790,241,907,1183,Priya Kaur,False
2485_02,Earth,False,A/110/P,TRAPPIST-1e,33.4,False,776,1258,1476,198,1056,Jordan Benson,False
2486_01,Earth,True,F/142/P,TRAPPIST-1e,15.6,False,0,0,0,0,0,Ilya Komarov,True
2486_02,Earth,True,G/132/P,PSO J318.5-22,25.1,False,0,0,0,0,0,Mila Benson,True
2487_01,Europa,False,C/62/S,TRAPPIST-1e,12.2,False,1183,839,787,1313,553,Leo Stark,True
2487_02,Europa,False,C/49/P,55 Cancri e,26.3,False,577,532,334,1020,245,Ilya Komarov,False
2488_01,Earth,False,A/24/P,TRAPPIST-1e,46.8,False,1194,1133,993,806,1033,Hiro Tanaka,False
2488_02,Europa,False,C/70/S,TRAPPIST-1e,32.5,False,1225,1280,1285,692,429,Aria Lin,False
2489_01,Mars,True,G/151/P,55 Cancri e,39.6,False,0,0,0,0,0,Ilya Komarov,True
2489_02,Europa,False,G/100/S,55 Cancri e,27.2,False,611,34,556,490,253,Ilya Komarov,True
2490_01,Mars,True,A/170/P,PSO J318.5-22,27.1,False,0,0,0,0,0,Mila Benson,True
2490_02,Earth,False,D/139/P,TRAPPIST-1e,36.0,False,1279,727,1447,500,1015,Ethan Zhao,True
2491_01,Earth,False,D/81/S,PSO J318.5-22,23.2,False,1222,658,936,1441,51,Remy Vivaldi,True
2491_02,Europa,False,G/27/S,PSO J318.5-22,29.7,False,242,1242,517,969,108,Jordan Benson,False
2492_01,Mars,False,E/151/P,TRAPPIST-1e,28.7,False,201,900,213,67,758,Ilya Komarov,True
2492_02,Mars,True,G/18/P,TRAPPIST-1e,19.5,False,0,0,0,0,0,Nova Stark,True
2493_01,Mars,False,D/116/P,TRAPPIST-1e,23.3,False,522,1329,1415,987,1147,Ilya Komarov,False
2493_02,Mars,False,E/37/P,TRAPPIST-1e,9.9,False,1003,503,1248,755,1341,Priya Kaur,False
2494_01,Mars,False,F/43/S,55 Cancri e,23.2,False,868,877,939,876,1452,Hiro Tanaka,True
2494_02,Mars,True,E/75/P,PSO J318.5-22,21.8,False,0,0,0,0,0,Aria Lin,False
2495_01,Europa,False,C/50/S,PSO J318.5-22,34.4,False,837,1323,83,376,1336,Ethan Zhao,False
2495_02,Earth,False,D/53/P,55 Cancri e,19.9,False,1343,203,1378,1008,1317,Hiro Tanaka,False
2496_01,Mars,True,G/32/S,PSO J318.5-22,8.2,False,0,0,0,0,0,Kai Vega,True
2496_02,Europa,False,A/70/S,TRAPPIST-1e,15.9,True,574,575,1014,1062,129,Ethan Zhao,False
2497_01,Earth,False,C/106/P,TRAPPIST-1e,36.4,False,1068,215,847,1438,688,Jordan Benson,True
2497_02,Mars,False,G/11/S,PSO J318.5-22,5.9,False,1002,264,1463,616,1404,Ilya Komarov,True
2498_01,Mars,False,B/46/S,PSO J318.5-22,36.0,False,405,1378,160,25,82,Lara Xel'Naga,False
2498_02,Earth,False,C/151/S,55 Cancri e,35.2,False,172,998,793,1093,834,Hiro Tanaka,True
2499_01,Mars,True,G/165/S,PSO J318.5-22,18.0,False,0,0,0,0,0,Leo Stark,True
2499_02,Earth,False,D/188/S,55 Cancri e,31.6,False,62,1036,760,204,896,Ilya Komarov,False
2500_01,Europa,False,F/187/P,PSO J318.5-22,20.1,False,824,908,397,1482,1246,Jordan Benson,False
2500_02,Europa,False,E/191/P,TRAPPIST-1e,25.2,False,633,1101,838,599,624,Hiro Tanaka,True
2501_01,Mars,False,D/118/P,55 Cancri e,37.0,False,883,1451,424,386,1262,Ethan Zhao,False
2501_02,Europa,False,D/75/P,PSO J318.5-22,42.0,True,1003,857,622,89,384,Mila Benson,False
2502_01,Earth,False,G/16/P,TRAPPIST-1e,40.2,False,1267,421,1205,1218,873,Jordan Benson,False
2502_02,Mars,False,D/91/P,55 Cancri e,41.3,False,52,985,1013,684,178,Mila Benson,False
2503_01,Earth,False,E/181/S,TRAPPIST-1e,37.0,False,1268,1172,795,1391,15,Remy Vivaldi,False
2503_02,Earth,True,G/195/S,TRAPPIST-1e,37.2,False,0,0,0,0,0,Ilya Komarov,True
2504_01,Europa,False,A/177/S,TRAPPIST-1e,19.3,False,1267,425,353,749,743,Aria Lin,True
2504_02,Europa,False,D/35/P,55 Cancri e,17.1,True,1349,1026,478,975,1104,Ethan Zhao,False
2505_01,Earth,False,D/164/P,55 Cancri e,21.9,False,927,98,1420,170,147,Priya Kaur,False
2505_02,Mars,True,D/33/S,55 Cancri e,29.2,False,0,0,0,0,0,Kai Vega,True
2506_01,Mars,False,E/41/P,PSO J318.5-22,20.2,False,891,1309,1028,1141,229,Hiro Tanaka,True
2506_02,Europa,False,C/182/S,TRAPPIST-1e,29.7,False,159,1317,185,1013,876,Lara Xel'Naga,False
2507_01,Earth,True,A/180/S,TRAPPIST-1e,44.5,False,0,0,0,0,0,Lara Xel'Naga,True
2507_02,Europa,False,G/183/S,TRAPPIST-1e,36.6,False,1390,1151,1374,146,1308,Leo Stark,False
2508_01,Earth,False,C/60/P,TRAPPIST-1e,19.3,False,1168,1300,59,842,1398,Aria Lin,True
2508_02,Mars,False,C/57/S,TRAPPIST-1e,26.6,False,403,880,1137,614,335,Priya Kaur,False
2509_01,Earth,False,F/4/S,55 Cancri e,41.2,False,314,959,70,344,1121,Remy Vivaldi,False
2509_02,Mars,True,C/116/P,TRAPPIST-1e,11.9,False,0,0,0,0,0,Leo Stark,True
2510_01,Mars,False,G/168/S,TRAPPIST-1e,36.1,False,1098,142,930,1046,180,Nova Stark,True
2510_02,Earth,False,A/113/P,PSO J318.5-22,18.4,False,1068,1492,91,1292,33,Nova Stark,False
2511_01,Earth,False,B/160/S,TRAPPIST-1e,30.0,False,1156,758,381,965,1300,Priya Kaur,False
2511_02,Earth,True,B/198/P,TRAPPIST-1e,16.1,False,0,0,0,0,0,Hiro Tanaka,True
2512_01,Europa,False,D/168/P,TRAPPIST-1e,22.4,False,274,500,458,49,969,Hiro Tanaka,True
2512_02,Mars,True,D/7/P,TRAPPIST-1e,21.6,False,0,0,0,0,0,Nova Stark,True
2513_01,Earth,False,D/195/S,PSO J318.5-22,35.9,False,627,1115,1479,338,1076,Jordan Benson,False
2513_02,Earth,False,E/65/S,TRAPPIST-1e,32.3,False,3,280,1313,72,1160,Lara Xel'Naga,False
2514_01,Earth,True,G/65/S,55 Cancri e,40.2,False,0,0,0,0,0,Aria Lin,True
2514_02,Mars,False,B/29/P,TRAPPIST-1e,28.6,False,997,1416,207,259,929,Jordan Benson,False
2515_01,Europa,False,C/39/S,PSO J318.5-22,41.6,False,51,1379,362,44,826,Lara Xel'Naga,False
2515_02,Earth,False,G/67/S,TRAPPIST-1e,13.6,False,1401,788,1435,770,141,Priya Kaur,True
2516_01,Earth,True,E/177/P,TRAPPIST-1e,14.6,False,0,0,0,0,0,Ilya Komarov,True
2516_02,Mars,False,A/199/S,TRAPPIST-1e,26.4,False,44,919,1069,564,300,Kai Vega,False
2517_01,Europa,False,F/187/P,TRAPPIST-1e,28.3,False,790,1085,580,1265,935,Priya Kaur,True
2517_02,Europa,False,B/3/P,55 Cancri e,16.2,False,353,967,70,834,412,Nova Stark,False
2518_01,Europa,False,A/85/P,55 Cancri e,21.8,False,1416,528,1328,190,77,Mila Benson,True
2518_02,Earth,False,A/88/P,55 Cancri e,43.4,False,888,1324,948,16,814,Jordan Benson,False
2519_01,Earth,False,F/57/S,PSO J318.5-22,23.6,False,725,108,967,283,940,Aria Lin,False
2519_02,Europa,False,F/48/P,PSO J318.5-22,39.4,False,1248,736,1141,931,602,Jordan Benson,True
2520_01,Europa,False,C/108/P,TRAPPIST-1e,27.1,False,490,18,1198,1492,800,Jordan Benson,True
2520_02,Earth,False,D/109/S,TRAPPIST-1e,30.3,False,759,1165,1486,928,297,Lara Xel'Naga,False
2521_01,Europa,False,E/135/P,TRAPPIST-1e,25.6,False,802,372,1491,927,950,Mila Benson,False
2521_02,Earth,False,G/144/S,55 Cancri e,13.1,False,1461,843,946,442,1479,Ethan Zhao,False
2522_01,Earth,False,D/2/P,TRAPPIST-1e,18.3,False,822,221,736,1207,1387,Jordan Benson,False
2522_02,Earth,False,C/107/S,55 Cancri e,16.6,False,993,1211,112,1204,1222,Jordan Benson,False
2523_01,Mars,False,G/132/P,TRAPPIST-1e,24.4,True,484,1422,550,1033,2,Hiro Tanaka,False
2523_02,Earth,False,E/146/S,TRAPPIST-1e,29.3,False,661,66,704,1120,1341,Leo Stark,True
2524_01,Earth,False,B/186/S,TRAPPIST-1e,45.0,False,87,971,652,655,911,Lara Xel'Naga,False
2524_02,Earth,True,B/70/S,TRAPPIST-1e,36.4,False,0,0,0,0,0,Lara Xel'Naga,True
2525_01,Earth,False,E/94/S,55 Cancri e,36.6,False,40,815,90,38,1036,Priya Kaur,False
2525_02,Mars,False,F/83/P,55 Cancri e,35.8,False,899,620,103,742,42,Mila Benson,False
2526_01,Mars,True,G/72/P,PSO J318.5-22,23.6,False,0,0,0,0,0,Priya Kaur,True
2526_02,Mars,False,E/32/P,TRAPPIST-1e,19.0,False,475,108,213,408,770,Leo Stark,False
2527_01,Europa,True,C/171/S,TRAPPIST-1e,16.9,False,0,0,0,0,0,Leo Stark,True
2527_02,Earth,True,E/61/P,TRAPPIST-1e,26.8,False,0,0,0,0,0,Remy Vivaldi,False
2528_01,Earth,False,E/190/S,TRAPPIST-1e,16.7,False,161,464,822,547,1210,Ilya Komarov,False
2528_02,Europa,False,A/42/P,55 Cancri e,16.3,True,51,487,1419,91,650,Ilya Komarov,False
2529_01,Europa,False,D/34/S,TRAPPIST-1e,23.9,False,718,1167,198,814,1346,Mila Benson,True
2529_02,Mars,False,E/74/S,55 Cancri e,24.3,False,1355,1287,216,555,1457,Nova Stark,False
2530_01,Earth,True,G/165/S,PSO J318.5-22,17.3,False,0,0,0,0,0,Jordan Benson,True
2530_02,Earth,True,B/189/P,55 Cancri e,37.7,False,0,0,0,0,0,Aria Lin,True
2531_01,Mars,False,F/13/S,55 Cancri e,33.6,False,365,1262,623,919,560,Ethan Zhao,True
2531_02,Mars,False,B/193/P,PSO J318.5-22,8.1,False,822,966,662,750,1419,Jordan Benson,False
2532_01,Earth,True,E/59/S,TRAPPIST-1e,43.6,False,0,0,0,0,0,Priya Kaur,True
2532_02,Earth,False,F/140/S,55 Cancri e,32.4,False,382,1393,1308,1279,308,Hiro Tanaka,False
2533_01,Europa,True,G/192/S,TRAPPIST-1e,23.6,False,0,0,0,0,0,Remy Vivaldi,True
2533_02,Europa,True,C/33/S,PSO J318.5-22,30.5,False,0,0,0,0,0,Ilya Komarov,True
2534_01,Mars,False,C/115/S,TRAPPIST-1e,28.6,False,1262,1020,349,454,440,Jordan Benson,False
2534_02,Mars,False,C/48/P,TRAPPIST-1e,34.4,False,760,514,1104,1384,287,Kai Vega,False
2535_01,Mars,False,B/183/S,TRAPPIST-1e,32.2,False,1400,805,1166,157,429,Hiro Tanaka,False
2535_02,Europa,False,D/139/S,TRAPPIST-1e,30.3,False,1471,1433,1394,1132,845,Mila Benson,False
2536_01,Europa,True,C/177/P,TRAPPIST-1e,24.6,False,0,0,0,0,0,Hiro Tanaka,True
2536_02,Europa,False,D/148/P,PSO J318.5-22,51.0,False,973,1438,1017,1319,712,Priya Kaur,False
2537_01,Earth,False,A/39/S,TRAPPIST-1e,26.3,False,145,867,419,572,1026,Leo Stark,False
2537_02,Europa,False,E/75/S,PSO J318.5-22,21.7,False,1286,798,320,245,476,Aria Lin,False
2538_01,Europa,False,E/195/S,TRAPPIST-1e,20.2,False,532,1362,1283,236,1164,Ethan Zhao,False
2538_02,Earth,False,C/159/S,PSO J318.5-22,33.6,False,974,678,578,1373,129,Hiro Tanaka,True
2539_01,Earth,True,E/86/S,TRAPPIST-1e,17.5,False,0,0,0,0,0,Aria Lin,True
2539_02,Europa,True,E/72/S,TRAPPIST-1e,28.8,False,0,0,0,0,0,Hiro Tanaka,True
2540_01,Mars,False,E/150/S,TRAPPIST-1e,50.6,False,1442,881,18,109,1460,Hiro Tanaka,False
2540_02,Mars,False,E/22/S,55 Cancri e,36.1,False,504,1057,1311,1002,254,Lara Xel'Naga,False
2541_01,Earth,True,E/184/P,TRAPPIST-1e,37.4,False,0,0,0,0,0,Jordan Benson,True
2541_02,Earth,False,D/171/S,55 Cancri e,20.1,False,498,396,646,684,1236,Lara Xel'Naga,False
2542_01,Earth,False,E/88/P,TRAPPIST-1e,35.9,False,118,301,1308,226,1235,Mila Benson,False
2542_02,Mars,False,F/179/P,PSO J318.5-22,25.6,False,355,700,486,1344,222,Mila Benson,False
2543_01,Europa,False,E/178/S,TRAPPIST-1e,32.2,False,1150,364,1067,518,1151,Aria Lin,True
2543_02,Europa,False,C/185/S,55 Cancri e,33.6,False,1153,528,1344,185,797,Aria Lin,True
2544_01,Earth,False,B/12/S,TRAPPIST-1e,40.1,False,921,920,956,360,1310,Hiro Tanaka,False
2544_02,Europa,False,B/168/P,TRAPPIST-1e,17.7,False,181,1474,96,562,313,Remy Vivaldi,False
2545_01,Mars,False,F/115/S,55 Cancri e,26.4,False,804,575,402,1147,612,Kai Vega,False
2545_02,Earth,False,G/197/S,55 Cancri e,22.8,False,1142,969,692,958,871,Nova Stark,True
2546_01,Europa,True,C/182/S,55 Cancri e,26.7,False,0,0,0,0,0,Mila Benson,True
2546_02,Mars,True,F/161/P,55 Cancri e,26.2,True,0,0,0,0,0,Leo Stark,True
2547_01,Europa,False,E/10/S,TRAPPIST-1e,40.1,False,611,1434,51,1469,611,Leo Stark,False
2547_02,Mars,False,D/172/S,55 Cancri e,28.1,False,1467,1405,373,374,388,Ethan Zhao,True
2548_01,Earth,False,B/75/P,TRAPPIST-1e,28.7,False,403,592,1491,731,504,Priya Kaur,False
2548_02,Earth,False,F/13/P,TRAPPIST-1e,3.6,False,82,318,1090,413,452,Remy Vivaldi,False
2549_01,Europa,False,B/93/S,55 Cancri e,24.3,False,297,1303,299,128,497,Ethan Zhao,False
2549_02,Mars,True,F/3/S,55 Cancri e,47.6,False,0,0,0,0,0,Ethan Zhao,True
2550_01,Mars,True,F/58/S,55 Cancri e,20.7,False,0,0,0,0,0,Kai Vega,False
2550_02,Mars,False,A/47/S,TRAPPIST-1e,23.9,False,206,293,28,178,40,Ethan Zhao,False
2551_01,Europa,True,D/172/P,TRAPPIST-1e,23.9,False,0,0,0,0,0,Leo Stark,True
2551_02,Mars,False,F/77/S,TRAPPIST-1e,12.7,False,277,1378,528,85,316,Mila Benson,False
2552_01,Earth,False,G/87/S,TRAPPIST-1e,13.1,False,862,1168,314,224,1446,Mila Benson,True
2552_02,Mars,True,B/183/P,TRAPPIST-1e,39.6,False,0,0,0,0,0,Jordan Benson,True
2553_01,Earth,False,D/190/P,TRAPPIST-1e,34.1,False,67,1357,1020,1100,855,Priya Kaur,True
2553_02,Earth,False,C/196/P,PSO J318.5-22,34.2,False,1178,1095,1470,1382,1300,Ethan Zhao,False
2554_01,Europa,False,E/107/S,TRAPPIST-1e,33.1,False,1151,199,331,546,1315,Aria Lin,False
2554_02,Europa,False,C/149/S,55 Cancri e,31.2,False,65,730,567,656,403,Ethan Zhao,True
2555_01,Mars,True,E/150/P,55 Cancri e,45.3,False,0,0,0,0,0,Lara Xel'Naga,True
2555_02,Europa,False,G/154/P,TRAPPIST-1e,35.3,False,1425,124,1355,479,1001,Priya Kaur,True
2556_01,Mars,True,F/33/P,TRAPPIST-1e,40.8,False,0,0,0,0,0,Jordan Benson,True
2556_02,Earth,False,E/50/S,TRAPPIST-1e,28.5,False,1421,814,1053,55,131,Lara Xel'Naga,True
2557_01,Mars,False,G/138/S,TRAPPIST-1e,32.4,False,447,125,554,693,488,Ilya Komarov,True
2557_02,Earth,False,A/135/S,TRAPPIST-1e,29.1,False,611,890,445,1493,1372,Aria Lin,False
2558_01,Europa,False,G/106/P,55 Cancri e,24.8,False,384,711,928,1471,1138,Nova Stark,False
2558_02,Europa,True,B/178/S,TRAPPIST-1e,25.7,False,0,0,0,0,0,Ethan Zhao,True
2559_01,Mars,False,A/112/P,TRAPPIST-1e,33.0,False,520,537,1456,144,1091,Lara Xel'Naga,False
2559_02,Mars,False,F/46/P,TRAPPIST-1e,17.9,False,699,130,732,1304,512,Lara Xel'Naga,False
2560_01,Mars,False,D/27/S,PSO J318.5-22,36.8,False,431,390,1289,398,807,Nova Stark,False
2560_02,Europa,False,C/125/P,55 Cancri e,18.7,False,1279,394,951,173,1068,Kai Vega,False
2561_01,Mars,True,C/174/S,TRAPPIST-1e,22.9,True,0,0,0,0,0,Aria Lin,True
2561_02,Mars,True,G/3/P,55 Cancri e,16.8,False,0,0,0,0,0,Ethan Zhao,True
2562_01,Mars,False,E/123/S,TRAPPIST-1e,37.1,False,275,1054,7,714,32,Nova Stark,False
2562_02,Europa,False,E/29/P,TRAPPIST-1e,29.4,False,809,1475,1472,927,861,Jordan Benson,True
2563_01,Europa,False,F/108/S,55 Cancri e,21.1,False,211,1163,701,607,981,Kai Vega,True
2563_02,Mars,True,B/115/S,TRAPPIST-1e,10.0,False,0,0,0,0,0,Leo Stark,True
2564_01,Earth,False,C/63/P,TRAPPIST-1e,18.8,False,1246,1219,599,1322,210,Ilya Komarov,False
2564_02,Europa,False,B/51/S,55 Cancri e,38.6,False,231,869,694,366,480,Lara Xel'Naga,True
2565_01,Europa,False,B/129/P,PSO J318.5-22,27.4,False,929,1039,465,1425,293,Nova Stark,True
2565_02,Earth,False,B/141/S,TRAPPIST-1e,43.6,False,170,1055,262,1238,557,Nova Stark,True
2566_01,Earth,True,C/3/S,PSO J318.5-22,16.3,True,0,0,0,0,0,Ilya Komarov,True
2566_02,Mars,True,D/165/S,TRAPPIST-1e,22.0,False,0,0,0,0,0,Kai Vega,True
2567_01,Europa,False,B/105/S,TRAPPIST-1e,21.7,False,1284,1205,341,953,21,Ethan Zhao,False
2567_02,Europa,True,E/24/S,PSO J318.5-22,33.3,False,0,0,0,0,0,Ethan Zhao,True
2568_01,Mars,False,E/113/S,55 Cancri e,24.4,False,233,1398,1456,640,1357,Kai Vega,False
2568_02,Europa,False,C/168/S,55 Cancri e,9.1,False,606,539,1058,1467,1254,Jordan Benson,False
2569_01,Europa,False,C/68/S,TRAPPIST-1e,33.3,False,978,636,1489,78,892,Remy Vivaldi,False
2569_02,Earth,True,D/65/S,55 Cancri e,37.9,False,0,0,0,0,0,Remy Vivaldi,True
2570_01,Earth,True,B/130/S,55 Cancri e,24.7,False,0,0,0,0,0,Nova Stark,True
2570_02,Earth,False,E/21/S,TRAPPIST-1e,27.9,False,674,56,190,643,1486,Hiro Tanaka,False
2571_01,Mars,False,B/33/P,55 Cancri e,11.4,True,1273,501,1216,789,749,Mila Benson,False
2571_02,Earth,False,C/74/S,PSO J318.5-22,28.9,False,741,164,754,89,986,Remy Vivaldi,False
2572_01,Mars,False,A/83/P,55 Cancri e,26.5,False,749,818,242,662,857,Kai Vega,False
2572_02,Earth,False,G/169/S,TRAPPIST-1e,18.6,False,218,8,429,12,906,Remy Vivaldi,False
2573_01,Earth,False,A/199/S,TRAPPIST-1e,27.6,False,1090,676,183,1004,207,Nova Stark,False
2573_02,Earth,False,C/157/S,TRAPPIST-1e,45.2,False,527,1323,817,1002,1264,Hiro Tanaka,False
2574_01,Earth,False,G/41/P,PSO J318.5-22,36.0,False,243,770,237,1269,344,Hiro Tanaka,False
2574_02,Earth,False,E/126/S,PSO J318.5-22,37.4,False,309,1307,37,31,1266,Aria Lin,False
2575_01,Earth,False,G/122/P,55 Cancri e,33.4,False,757,1405,577,1161,1223,Leo Stark,True
2575_02,Europa,False,D/57/P,55 Cancri e,16.4,False,1358,604,446,1371,277,Leo Stark,True
2576_01,Mars,False,D/129/S,TRAPPIST-1e,16.8,False,1414,983,601,561,1033,Mila Benson,False
2576_02,Earth,True,C/170/P,55 Cancri e,28.6,False,0,0,0,0,0,Hiro Tanaka,True
2577_01,Europa,False,F/198/P,PSO J318.5-22,31.9,False,458,103,830,788,103,Ilya Komarov,False
2577_02,Europa,True,B/104/S,TRAPPIST-1e,37.9,False,0,0,0,0,0,Lara Xel'Naga,True
2578_01,Mars,True,C/160/S,PSO J318.5-22,17.3,False,0,0,0,0,0,Nova Stark,True
2578_02,Earth,True,D/82/P,55 Cancri e,20.7,False,0,0,0,0,0,Ethan Zhao,False
2579_01,Mars,True,G/164/S,55 Cancri e,24.6,False,0,0,0,0,0,Hiro Tanaka,True
2579_02,Mars,False,A/130/S,TRAPPIST-1e,27.3,False,627,1364,1107,928,1282,Ethan Zhao,False
2580_01,Earth,False,G/1/S,TRAPPIST-1e,26.2,False,342,346,95,1278,1159,Nova Stark,False
2580_02,Mars,True,E/56/S,TRAPPIST-1e,29.1,False,0,0,0,0,0,Ethan Zhao,True
2581_01,Earth,False,G/49/P,55 Cancri e,28.0,False,485,1425,603,411,447,Ilya Komarov,True
2581_02,Europa,True,A/82/S,55 Cancri e,36.6,False,0,0,0,0,0,Ilya Komarov,True
2582_01,Earth,False,E/86/P,55 Cancri e,25.0,False,123,1283,1192,940,876,Priya Kaur,False
2582_02,Earth,True,F/147/P,TRAPPIST-1e,18.9,False,0,0,0,0,0,Ilya Komarov,True
2583_01,Earth,True,D/177/P,55 Cancri e,27.4,True,0,0,0,0,0,Priya Kaur,True
2583_02,Earth,True,E/67/P,55 Cancri e,17.3,False,0,0,0,0,0,Priya Kaur,False
2584_01,Mars,False,B/138/S,55 Cancri e,35.7,False,382,555,1319,333,1271,Leo Stark,True
2584_02,Mars,False,C/90/S,55 Cancri e,32.1,False,1264,1129,897,930,684,Ethan Zhao,False
2585_01,Earth,True,G/1/S,PSO J318.5-22,29.1,False,0,0,0,0,0,Aria Lin,False
2585_02,Mars,False,B/91/P,TRAPPIST-1e,26.2,True,987,839,415,707,636,Nova Stark,False
2586_01,Europa,False,E/189/P,TRAPPIST-1e,36.2,False,534,909,772,663,1041,Nova Stark,False
2586_02,Mars,False,B/88/S,55 Cancri e,37.5,False,26,535,1052,1007,657,Nova Stark,False
2587_01,Europa,True,E/6/P,TRAPPIST-1e,33.1,False,0,0,0,0,0,Mila Benson,True
2587_02,Earth,False,G/120/S,55 Cancri e,20.8,False,1155,1312,1259,41,1183,Leo Stark,False
2588_01,Mars,False,D/197/P,TRAPPIST-1e,17.5,False,1299,212,1496,835,701,Nova Stark,False
2588_02,Mars,True,F/73/P,PSO J318.5-22,34.3,False,0,0,0,0,0,Aria Lin,True
2589_01,Earth,True,G/80/S,55 Cancri e,28.9,False,0,0,0,0,0,Aria Lin,True
2589_02,Earth,True,D/6/S,55 Cancri e,35.4,False,0,0,0,0,0,Mila Benson,False
2590_01,Mars,False,G/79/P,TRAPPIST-1e,25.9,False,423,918,515,164,1449,Nova Stark,False
2590_02,Europa,False,A/174/P,PSO J318.5-22,33.5,False,996,992,892,1015,1065,Priya Kaur,True
2591_01,Earth,False,G/43/S,TRAPPIST-1e,35.0,False,335,880,1453,971,684,Priya Kaur,False
2591_02,Earth,False,E/187/P,TRAPPIST-1e,22.9,False,1357,740,1429,29,574,Kai Vega,False
2592_01,Europa,True,C/166/S,TRAPPIST-1e,37.3,False,0,0,0,0,0,Aria Lin,True
2592_02,Europa,True,A/67/S,TRAPPIST-1e,17.6,False,0,0,0,0,0,Ethan Zhao,True
2593_01,Earth,False,G/186/S,55 Cancri e,44.3,False,1434,1435,491,437,478,Nova Stark,True
2593_02,Earth,False,D/29/S,TRAPPIST-1e,32.6,False,782,948,1007,71,581,Priya Kaur,False
2594_01,Earth,True,G/4/P,TRAPPIST-1e,28.6,False,0,0,0,0,0,Priya Kaur,False
2594_02,Earth,True,A/59/S,TRAPPIST-1e,29.9,False,0,0,0,0,0,Aria Lin,True
2595_01,Earth,False,A/98/S,TRAPPIST-1e,10.3,False,803,1378,742,79,65,Leo Stark,False
2595_02,Earth,False,B/29/P,TRAPPIST-1e,29.2,False,135,398,346,58,777,Jordan Benson,True
2596_01,Mars,False,D/102/P,PSO J318.5-22,33.0,False,976,1260,78,114,985,Hiro Tanaka,False
2596_02,Mars,False,F/150/S,55 Cancri e,26.8,False,1485,125,572,964,499,Mila Benson,False
2597_01,Europa,False,E/158/S,TRAPPIST-1e,34.6,False,1228,362,497,536,1257,Remy Vivaldi,False
2597_02,Earth,False,G/127/P,55 Cancri e,35.7,True,15,980,1164,619,1443,Kai Vega,True
2598_01,Earth,True,G/65/S,TRAPPIST-1e,31.4,False,0,0,0,0,0,Nova Stark,True
2598_02,Earth,True,A/95/P,55 Cancri e,29.2,False,0,0,0,0,0,Nova Stark,True
2599_01,Mars,False,B/154/S,PSO J318.5-22,18.7,False,913,779,920,1339,1098,Ethan Zhao,False
2599_02,Earth,True,F/147/P,TRAPPIST-1e,10.9,False,0,0,0,0,0,Ilya Komarov,True
2600_01,Earth,False,D/110/P,TRAPPIST-1e,29.8,False,652,1005,395,1254,803,Priya Kaur,False
2600_02,Mars,True,D/84/P,TRAPPIST-1e,27.4,False,0,0,0,0,0,Ilya Komarov,True
2601_01,Earth,False,D/73/P,TRAPPIST-1e,40.0,False,1182,1281,372,849,89,Kai Vega,True
2601_02,Earth,False,A/49/S,TRAPPIST-1e,24.6,False,756,1321,30,357,469,Nova Stark,False
2602_01,Mars,True,B/37/S,PSO J318.5-22,33.3,False,0,0,0,0,0,Jordan Benson,True
2602_02,Earth,False,G/177/S,TRAPPIST-1e,37.6,False,689,1329,1214,1380,456,Mila Benson,False
2603_01,Mars,True,B/161/S,PSO J318.5-22,27.0,False,0,0,0,0,0,Ilya Komarov,True
2603_02,Mars,False,E/129/P,55 Cancri e,35.5,False,873,466,1383,1410,127,Aria Lin,False
2604_01,Earth,False,D/41/S,TRAPPIST-1e,26.3,False,1267,1042,1419,1252,367,Remy Vivaldi,True
2604_02,Earth,False,B/169/P,55 Cancri e,36.1,False,57,1304,556,1125,47,Jordan Benson,False
2605_01,Earth,True,D/41/S,TRAPPIST-1e,34.0,False,0,0,0,0,0,Leo Stark,True
2605_02,Mars,False,D/113/S,55 Cancri e,46.6,False,785,182,416,1139,398,Nova Stark,False
2606_01,Mars,False,E/163/S,PSO J318.5-22,49.9,False,436,317,605,1273,910,Ilya Komarov,False
2606_02,Mars,False,E/176/P,55 Cancri e,38.2,False,1470,496,1366,426,817,Hiro Tanaka,False
2607_01,Earth,True,D/89/S,TRAPPIST-1e,18.9,False,0,0,0,0,0,Ethan Zhao,True
2607_02,Mars,False,C/182/P,PSO J318.5-22,17.6,False,796,202,1489,1319,286,Leo Stark,False
2608_01,Mars,False,B/196/P,TRAPPIST-1e,29.6,False,1341,202,230,903,1080,Leo Stark,True
2608_02,Europa,False,B/28/S,55 Cancri e,21.0,False,643,1443,914,279,808,Nova Stark,True
2609_01,Earth,False,E/175/P,TRAPPIST-1e,34.6,False,853,252,474,175,1444,Aria Lin,False
2609_02,Europa,False,F/25/P,TRAPPIST-1e,37.7,False,970,1484,253,902,106,Kai Vega,False
2610_01,Earth,True,D/35/P,TRAPPIST-1e,25.5,False,0,0,0,0,0,Remy Vivaldi,True
2610_02,Europa,False,E/165/S,TRAPPIST-1e,36.5,False,941,1313,83,1140,711,Nova Stark,True
2611_01,Europa,False,E/124/P,TRAPPIST-1e,34.3,False,900,1125,656,455,658,Kai Vega,False
2611_02,Earth,False,A/6/S,PSO J318.5-22,33.6,False,772,790,850,525,265,Priya Kaur,False
2612_01,Earth,True,D/91/P,TRAPPIST-1e,32.6,False,0,0,0,0,0,Lara Xel'Naga,True
2612_02,Europa,True,B/80/S,55 Cancri e,38.4,False,0,0,0,0,0,Lara Xel'Naga,True
2613_01,Earth,True,G/141/P,55 Cancri e,8.0,False,0,0,0,0,0,Jordan Benson,False
2613_02,Europa,True,A/107/P,TRAPPIST-1e,38.1,False,0,0,0,0,0,Kai Vega,True
2614_01,Earth,False,G/158/S,PSO J318.5-22,51.7,True,1091,372,195,125,261,Lara Xel'Naga,False
2614_02,Mars,True,E/157/S,PSO J318.5-22,14.3,False,0,0,0,0,0,Leo Stark,True
2615_01,Mars,False,A/137/P,55 Cancri e,43.1,False,107,1446,34,1067,654,Leo Stark,False
2615_02,Europa,False,A/75/P,55 Cancri e,23.9,False,722,997,415,999,284,Ilya Komarov,False
2616_01,Earth,False,D/22/S,PSO J318.5-22,41.4,False,226,1448,1391,1333,847,Mila Benson,True
2616_02,Earth,False,B/7/P,TRAPPIST-1e,25.8,False,1128,17,1228,42,88,Ethan Zhao,False
2617_01,Earth,False,A/124/P,PSO J318.5-22,28.1,False,1155,1451,865,203,1359,Aria Lin,False
2617_02,Mars,True,G/84/S,PSO J318.5-22,15.4,False,0,0,0,0,0,Priya Kaur,False
2618_01,Europa,True,B/44/S,TRAPPIST-1e,16.8,False,0,0,0,0,0,Nova Stark,False
2618_02,Earth,False,G/54/P,TRAPPIST-1e,23.0,False,1281,1315,1148,870,1198,Aria Lin,False
2619_01,Europa,False,A/29/S,55 Cancri e,39.0,False,79,811,914,1328,1367,Aria Lin,True
2619_02,Europa,False,C/126/S,TRAPPIST-1e,24.2,False,569,1114,861,168,1357,Jordan Benson,False
2620_01,Mars,False,C/154/S,55 Cancri e,40.5,False,614,605,960,777,1276,Mila Benson,False
2620_02,Europa,False,E/45/S,PSO J318.5-22,32.7,False,357,1081,1422,520,524,Leo Stark,False
2621_01,Europa,False,B/123/S,TRAPPIST-1e,25.5,False,152,892,983,479,582,Aria Lin,False
2621_02,Earth,True,C/140/P,55 Cancri e,18.2,False,0,0,0,0,0,Mila Benson,True
2622_01,Europa,False,D/9/P,PSO J318.5-22,40.0,False,888,725,146,429,847,Ilya Komarov,False
2622_02,Earth,False,A/59/S,55 Cancri e,35.0,False,1463,197,996,1310,564,Mila Benson,True
2623_01,Earth,True,G/194/S,PSO J318.5-22,10.4,False,0,0,0,0,0,Leo Stark,True
2623_02,Earth,True,C/104/P,TRAPPIST-1e,19.5,False,0,0,0,0,0,Aria Lin,True
2624_01,Earth,False,A/112/P,TRAPPIST-1e,34.4,False,774,560,59,544,1016,Leo Stark,True
2624_02,Mars,True,D/191/S,TRAPPIST-1e,24.4,False,0,0,0,0,0,Leo Stark,False
2625_01,Earth,True,D/25/S,TRAPPIST-1e,41.1,False,0,0,0,0,0,Lara Xel'Naga,True
2625_02,Earth,True,A/177/S,TRAPPIST-1e,24.6,False,0,0,0,0,0,Hiro Tanaka,True
2626_01,Mars,False,C/12/S,PSO J318.5-22,28.9,False,558,348,669,257,654,Aria Lin,False
2626_02,Mars,True,A/154/P,TRAPPIST-1e,29.2,False,0,0,0,0,0,Nova Stark,True
2627_01,Mars,False,B/164/S,TRAPPIST-1e,27.9,False,586,521,1144,800,1485,Remy Vivaldi,False
2627_02,Mars,True,G/111/P,TRAPPIST-1e,16.0,False,0,0,0,0,0,Jordan Benson,True
2628_01,Earth,True,B/135/S,55 Cancri e,35.9,False,0,0,0,0,0,Mila Benson,True
2628_02,Earth,False,A/44/S,55 Cancri e,37.4,False,1441,326,1414,1320,629,Remy Vivaldi,False
2629_01,Mars,False,C/21/S,55 Cancri e,9.2,True,145,1194,1357,423,1332,Ilya Komarov,True
2629_02,Earth,True,B/183/S,PSO J318.5-22,33.2,False,0,0,0,0,0,Hiro Tanaka,False
2630_01,Mars,False,F/197/S,TRAPPIST-1e,44.7,False,568,346,1325,346,407,Jordan Benson,False
2630_02,Mars,False,E/160/P,TRAPPIST-1e,23.5,False,132,613,987,105,170,Priya Kaur,False
2631_01,Earth,False,A/82/P,TRAPPIST-1e,17.6,False,1474,902,289,1286,1337,Lara Xel'Naga,False
2631_02,Earth,True,F/129/S,TRAPPIST-1e,29.9,False,0,0,0,0,0,Leo Stark,True
2632_01,Earth,False,B/114/P,PSO J318.5-22,24.4,False,814,332,464,199,1224,Ethan Zhao,True
2632_02,Europa,False,A/175/S,TRAPPIST-1e,37.2,False,328,239,797,701,582,Kai Vega,False
2633_01,Earth,False,E/91/S,PSO J318.5-22,41.5,False,720,359,1401,384,1488,Remy Vivaldi,True
2633_02,Earth,False,G/24/S,TRAPPIST-1e,28.2,False,1245,798,364,71,1263,Jordan Benson,False
2634_01,Mars,True,F/10/P,TRAPPIST-1e,33.3,False,0,0,0,0,0,Ilya Komarov,True
2634_02,Earth,False,F/134/P,55 Cancri e,29.3,False,1271,481,1335,1467,282,Remy Vivaldi,False
2635_01,Mars,False,C/109/S,TRAPPIST-1e,26.3,True,1376,945,891,1486,461,Hiro Tanaka,True
2635_02,Europa,False,F/82/S,TRAPPIST-1e,20.7,False,1316,797,732,1430,161,Ethan Zhao,True
2636_01,Mars,False,B/75/P,TRAPPIST-1e,37.2,False,119,1242,1440,671,504,Kai Vega,True
2636_02,Europa,False,C/170/P,TRAPPIST-1e,38.7,False,1323,108,1261,292,987,Ilya Komarov,False
2637_01,Earth,False,D/37/S,PSO J318.5-22,27.1,False,255,1458,1031,747,1201,Lara Xel'Naga,True
2637_02,Earth,False,C/33/P,TRAPPIST-1e,27.1,False,1265,40,1380,756,112,Priya Kaur,True
2638_01,Earth,True,G/153/S,TRAPPIST-1e,31.8,False,0,0,0,0,0,Nova Stark,True
2638_02,Earth,True,F/109/S,TRAPPIST-1e,23.6,False,0,0,0,0,0,Ilya Komarov,True
2639_01,Earth,False,G/60/P,55 Cancri e,40.3,False,877,1219,401,832,63,Kai Vega,False
2639_02,Earth,True,A/200/S,PSO J318.5-22,30.3,False,0,0,0,0,0,Jordan Benson,True
2640_01,Earth,False,F/27/P,PSO J318.5-22,26.6,False,372,305,208,466,931,Aria Lin,False
2640_02,Earth,False,G/176/P,55 Cancri e,38.0,False,1327,1415,1176,646,361,Aria Lin,True
2641_01,Mars,False,E/176/S,55 Cancri e,30.9,False,542,193,651,1050,1069,Mila Benson,True
2641_02,Europa,False,A/71/P,PSO J318.5-22,40.7,False,646,953,1081,1036,948,Aria Lin,False
2642_01,Earth,False,D/79/S,TRAPPIST-1e,37.5,False,1117,606,1474,1402,9,Ethan Zhao,True
2642_02,Europa,False,G/156/S,TRAPPIST-1e,35.3,False,673,725,515,223,1404,Hiro Tanaka,False
2643_01,Earth,False,E/198/S,TRAPPIST-1e,28.1,False,588,570,956,195,1345,Nova Stark,False
2643_02,Earth,False,G/180/S,TRAPPIST-1e,21.3,True,417,1365,1412,8,531,Mila Benson,False
2644_01,Earth,False,A/192/P,55 Cancri e,27.9,False,475,578,1076,1459,205,Leo Stark,False
2644_02,Europa,False,F/5/S,TRAPPIST-1e,33.8,False,985,914,744,912,53,Nova Stark,False
2645_01,Europa,False,A/154/S,55 Cancri e,25.3,False,343,1192,1184,702,526,Lara Xel'Naga,False
2645_02,Mars,True,F/40/S,TRAPPIST-1e,10.4,False,0,0,0,0,0,Leo Stark,False
2646_01,Europa,False,E/163/P,TRAPPIST-1e,23.9,False,568,198,1184,774,388,Aria Lin,True
2646_02,Europa,False,C/10/S,TRAPPIST-1e,21.8,False,473,1404,764,591,1147,Priya Kaur,False
2647_01,Europa,True,E/189/P,TRAPPIST-1e,16.2,False,0,0,0,0,0,Remy Vivaldi,True
2647_02,Earth,True,F/31/S,55 Cancri e,30.8,False,0,0,0,0,0,Lara Xel'Naga,False
2648_01,Earth,False,B/54/P,TRAPPIST-1e,21.0,False,823,1198,1222,1139,1338,Leo Stark,False
2648_02,Earth,False,G/177/P,55 Cancri e,20.6,False,1243,890,133,121,832,Leo Stark,True
2649_01,Earth,False,F/30/S,TRAPPIST-1e,26.8,False,894,288,1076,1228,1371,Lara Xel'Naga,False
2649_02,Europa,False,B/52/S,PSO J318.5-22,24.4,False,1074,838,911,39,249,Ethan Zhao,False
2650_01,Earth,True,G/26/S,PSO J318.5-22,37.9,False,0,0,0,0,0,Hiro Tanaka,True
2650_02,Earth,False,B/124/S,TRAPPIST-1e,43.4,False,1187,1400,704,496,596,Priya Kaur,False
2651_01,Europa,False,C/37/S,TRAPPIST-1e,12.2,False,1060,318,1435,355,616,Aria Lin,False
2651_02,Mars,True,G/85/P,PSO J318.5-22,12.0,False,0,0,0,0,0,Mila Benson,False
2652_01,Europa,False,F/190/S,55 Cancri e,42.0,False,560,1375,1465,634,458,Ethan Zhao,False
2652_02,Mars,True,G/47/S,TRAPPIST-1e,30.0,False,0,0,0,0,0,Nova Stark,True
2653_01,Earth,False,F/26/S,PSO J318.5-22,19.8,False,369,1459,1247,1011,610,Jordan Benson,True
2653_02,Earth,True,C/27/P,PSO J318.5-22,24.5,False,0,0,0,0,0,Jordan Benson,True
2654_01,Earth,True,A/122/S,TRAPPIST-1e,23.8,False,0,0,0,0,0,Aria Lin,True
2654_02,Earth,False,E/72/S,PSO J318.5-22,24.3,False,1220,108,1243,719,1342,Jordan Benson,True
2655_01,Earth,False,B/47/P,TRAPPIST-1e,45.5,False,1031,635,1172,1121,1124,Priya Kaur,False
2655_02,Earth,False,C/181/S,TRAPPIST-1e,8.6,False,366,1485,924,413,1282,Ethan Zhao,False
2656_01,Earth,False,G/27/P,55 Cancri e,13.2,True,1145,64,1325,124,311,Priya Kaur,False
2656_02,Mars,False,E/53/S,PSO J318.5-22,16.8,False,1214,774,1001,872,1473,Remy Vivaldi,False
2657_01,Earth,False,F/142/P,TRAPPIST-1e,11.0,False,989,798,673,1286,911,Mila Benson,False
2657_02,Europa,False,E/54/S,TRAPPIST-1e,31.6,False,405,995,1040,636,1283,Hiro Tanaka,True
2658_01,Mars,False,C/70/P,55 Cancri e,35.3,True,1237,238,179,1442,1166,Ilya Komarov,False
2658_02,Europa,False,F/60/P,TRAPPIST-1e,31.0,False,316,1267,231,1326,330,Remy Vivaldi,False
2659_01,Europa,True,C/102/P,TRAPPIST-1e,29.0,False,0,0,0,0,0,Nova Stark,True
2659_02,Mars,False,A/4/S,TRAPPIST-1e,35.8,False,1310,939,31,529,380,Nova Stark,False
2660_01,Mars,False,G/53/S,55 Cancri e,41.4,False,957,1274,294,178,228,Aria Lin,True
2660_02,Mars,True,E/46/P,55 Cancri e,37.0,False,0,0,0,0,0,Mila Benson,False
2661_01,Earth,False,E/72/S,55 Cancri e,18.8,False,378,906,135,729,1401,Priya Kaur,False
2661_02,Earth,False,F/91/P,55 Cancri e,29.7,False,1142,905,529,934,665,Nova Stark,False
2662_01,Earth,True,G/61/P,PSO J318.5-22,21.1,True,0,0,0,0,0,Mila Benson,True
2662_02,Mars,False,D/16/S,TRAPPIST-1e,32.1,False,582,572,643,572,869,Remy Vivaldi,True
2663_01,Europa,False,A/184/S,PSO J318.5-22,47.4,False,437,554,110,1345,526,Jordan Benson,False
2663_02,Europa,False,F/57/P,55 Cancri e,27.6,False,176,673,623,943,472,Remy Vivaldi,False
2664_01,Earth,True,A/59/S,55 Cancri e,21.7,False,0,0,0,0,0,Ilya Komarov,True
2664_02,Earth,False,F/167/P,TRAPPIST-1e,23.9,False,1121,1434,1398,169,1013,Priya Kaur,False
2665_01,Earth,False,C/95/P,TRAPPIST-1e,22.9,False,956,259,640,561,339,Jordan Benson,False
2665_02,Earth,False,F/77/P,TRAPPIST-1e,53.5,False,403,531,1197,794,1183,Kai Vega,False
2666_01,Earth,True,G/83/P,PSO J318.5-22,25.9,False,0,0,0,0,0,Nova Stark,False
2666_02,Europa,False,A/86/P,TRAPPIST-1e,22.0,False,651,713,343,1396,1458,Ilya Komarov,False
2667_01,Earth,True,G/116/P,PSO J318.5-22,29.0,False,0,0,0,0,0,Hiro Tanaka,True
2667_02,Mars,False,E/6/P,TRAPPIST-1e,44.5,False,54,1101,855,1295,659,Ethan Zhao,False
2668_01,Mars,True,E/193/S,55 Cancri e,16.6,False,0,0,0,0,0,Ethan Zhao,True
2668_02,Earth,False,F/115/P,PSO J318.5-22,15.6,False,500,587,417,274,1220,Kai Vega,False
2669_01,Earth,False,C/15/S,TRAPPIST-1e,25.9,False,972,990,1133,193,1482,Nova Stark,False
2669_02,Europa,False,D/72/P,55 Cancri e,23.1,False,854,798,300,967,567,Mila Benson,True
2670_01,Mars,False,G/81/P,TRAPPIST-1e,11.3,False,768,1484,138,860,291,Mila Benson,True
2670_02,Earth,False,A/78/P,TRAPPIST-1e,28.4,False,334,698,1207,306,924,Priya Kaur,True
2671_01,Europa,False,E/19/S,TRAPPIST-1e,34.3,False,1333,343,1447,656,260,Nova Stark,False
2671_02,Earth,True,A/4/P,TRAPPIST-1e,29.0,True,0,0,0,0,0,Kai Vega,True
2672_01,Earth,False,C/160/S,TRAPPIST-1e,33.9,False,199,1408,1335,581,1335,Remy Vivaldi,True
2672_02,Mars,False,C/44/S,55 Cancri e,33.9,True,565,394,350,27,631,Priya Kaur,False
2673_01,Earth,False,D/109/P,TRAPPIST-1e,44.6,False,806,226,1450,26,1355,Mila Benson,True
2673_02,Earth,False,F/121/S,PSO J318.5-22,32.7,False,1140,88,618,121,865,Priya Kaur,True
2674_01,Europa,False,G/99/S,TRAPPIST-1e,14.0,False,1421,524,1047,1348,33,Nova Stark,True
2674_02,Europa,True,E/85/P,TRAPPIST-1e,23.1,False,0,0,0,0,0,Nova Stark,False
2675_01,Mars,False,G/19/S,TRAPPIST-1e,47.6,False,48,911,179,1393,737,Leo Stark,False
2675_02,Mars,False,D/197/S,TRAPPIST-1e,26.3,False,1418,589,495,430,1230,Jordan Benson,False
2676_01,Europa,False,B/199/P,PSO J318.5-22,17.3,False,363,309,981,1302,1175,Hiro Tanaka,False
2676_02,Mars,True,C/79/S,TRAPPIST-1e,35.9,False,0,0,0,0,0,Kai Vega,False
2677_01,Earth,False,D/73/S,PSO J318.5-22,39.3,False,988,893,156,854,25,Priya Kaur,False
2677_02,Europa,True,F/79/P,PSO J318.5-22,23.5,False,0,0,0,0,0,Lara Xel'Naga,True
2678_01,Europa,True,A/62/S,PSO J318.5-22,41.9,False,0,0,0,0,0,Ethan Zhao,True
2678_02,Earth,False,F/153/P,PSO J318.5-22,11.5,False,760,773,263,587,957,Ethan Zhao,False
2679_01,Europa,True,G/69/S,55 Cancri e,30.8,False,0,0,0,0,0,Hiro Tanaka,False
2679_02,Earth,False,E/170/S,TRAPPIST-1e,25.4,False,1170,1349,1361,739,117,Priya Kaur,True
2680_01,Mars,True,G/149/P,PSO J318.5-22,23.8,False,0,0,0,0,0,Priya Kaur,True
2680_02,Mars,False,A/165/S,PSO J318.5-22,20.8,False,807,820,1221,1397,563,Leo Stark,False
2681_01,Europa,False,D/66/S,TRAPPIST-1e,34.9,False,656,111,1391,1125,593,Mila Benson,False
2681_02,Earth,False,C/29/P,55 Cancri e,13.7,False,1429,506,670,1063,1404,Leo Stark,True
2682_01,Mars,False,C/114/S,55 Cancri e,28.8,False,1306,727,1342,822,1437,Ethan Zhao,False
2682_02,Europa,True,E/21/P,55 Cancri e,27.8,False,0,0,0,0,0,Nova Stark,True
2683_01,Earth,True,E/169/P,TRAPPIST-1e,30.2,False,0,0,0,0,0,Hiro Tanaka,True
2683_02,Earth,False,C/108/S,TRAPPIST-1e,17.7,False,341,198,677,1315,657,Mila Benson,False
2684_01,Europa,False,G/55/S,55 Cancri e,31.9,True,1398,1139,1165,991,1220,Kai Vega,False
2684_02,Mars,False,D/29/S,TRAPPIST-1e,15.9,False,789,1322,1099,529,99,Ilya Komarov,False
2685_01,Mars,False,A/35/S,PSO J318.5-22,29.9,True,1044,1487,482,308,873,Jordan Benson,False
2685_02,Earth,True,C/10/S,55 Cancri e,13.6,False,0,0,0,0,0,Lara Xel'Naga,True
2686_01,Europa,True,C/69/S,TRAPPIST-1e,35.2,False,0,0,0,0,0,Nova Stark,True
2686_02,Europa,False,G/193/S,TRAPPIST-1e,39.6,False,106,528,575,968,687,Nova Stark,False
2687_01,Earth,True,C/7/S,TRAPPIST-1e,61.8,False,0,0,0,0,0,Aria Lin,True
2687_02,Mars,False,D/34/P,55 Cancri e,27.6,False,667,384,1076,1206,1392,Nova Stark,False
2688_01,Mars,False,F/143/S,TRAPPIST-1e,10.0,False,159,1307,564,1310,7,Aria Lin,False
2688_02,Mars,True,D/109/P,PSO J318.5-22,15.7,False,0,0,0,0,0,Ilya Komarov,True
2689_01,Earth,True,B/165/S,TRAPPIST-1e,14.1,False,0,0,0,0,0,Mila Benson,True
2689_02,Mars,False,D/27/S,TRAPPIST-1e,16.5,False,1453,1119,1284,120,1389,Ilya Komarov,False
2690_01,Mars,False,C/36/S,55 Cancri e,8.3,False,317,674,701,1300,1217,Kai Vega,False
2690_02,Earth,False,D/50/S,55 Cancri e,27.4,False,692,1016,20,398,201,Aria Lin,False
2691_01,Earth,False,B/89/P,TRAPPIST-1e,17.1,False,309,503,25,65,262,Jordan Benson,False
2691_02,Europa,False,A/123/P,TRAPPIST-1e,13.3,False,471,166,799,1177,342,Aria Lin,True
2692_01,Mars,True,B/194/S,PSO J318.5-22,24.3,False,0,0,0,0,0,Lara Xel'Naga,True
2692_02,Europa,False,B/46/S,55 Cancri e,31.7,False,1217,1025,1238,686,796,Lara Xel'Naga,False
2693_01,Earth,False,A/142/P,TRAPPIST-1e,30.2,False,1055,14,1341,1266,16,Aria Lin,False
2693_02,Mars,False,E/31/P,PSO J318.5-22,36.1,False,533,80,655,435,1031,Hiro Tanaka,False
2694_01,Mars,False,A/64/P,TRAPPIST-1e,30.4,False,779,185,421,465,82,Priya Kaur,False
2694_02,Europa,False,C/112/S,55 Cancri e,36.6,False,566,642,324,1442,50,Jordan Benson,False
2695_01,Earth,False,G/60/P,TRAPPIST-1e,24.1,False,792,1085,656,1194,1309,Leo Stark,False
2695_02,Europa,False,E/65/P,TRAPPIST-1e,36.9,False,116,1027,1089,1083,904,Kai Vega,False
2696_01,Mars,False,F/124/S,PSO J318.5-22,28.5,False,1123,1142,68,663,791,Kai Vega,False
2696_02,Mars,False,D/63/S,PSO J318.5-22,25.8,False,220,1009,222,676,210,Kai Vega,False
2697_01,Europa,False,A/189/P,TRAPPIST-1e,20.7,False,797,1280,1086,1415,539,Ethan Zhao,True
2697_02,Mars,False,B/176/P,55 Cancri e,14.9,False,416,52,37,307,845,Jordan Benson,False
2698_01,Mars,True,G/85/S,TRAPPIST-1e,19.4,False,0,0,0,0,0,Ilya Komarov,True
2698_02,Earth,True,G/168/S,PSO J318.5-22,16.3,False,0,0,0,0,0,Priya Kaur,True
2699_01,Mars,True,E/184/S,PSO J318.5-22,30.0,False,0,0,0,0,0,Hiro Tanaka,False
2699_02,Europa,False,F/135/S,55 Cancri e,32.8,False,1160,1395,1279,394,1060,Lara Xel'Naga,False
2700_01,Mars,False,E/125/S,TRAPPIST-1e,20.4,False,262,631,1462,1282,1346,Priya Kaur,False
2700_02,Europa,True,C/5/S,TRAPPIST-1e,12.2,False,0,0,0,0,0,Lara Xel'Naga,True
2701_01,Europa,False,D/81/P,PSO J318.5-22,42.6,False,91,1187,1358,314,944,Ethan Zhao,False
2701_02,Earth,True,E/13/P,TRAPPIST-1e,31.7,False,0,0,0,0,0,Kai Vega,True
2702_01,Earth,False,A/146/P,TRAPPIST-1e,19.3,False,764,666,902,90,338,Kai Vega,True
2702_02,Europa,True,A/47/S,TRAPPIST-1e,12.2,False,0,0,0,0,0,Jordan Benson,True
2703_01,Mars,True,C/82/P,TRAPPIST-1e,23.8,False,0,0,0,0,0,Nova Stark,True
2703_02,Earth,False,A/30/S,55 Cancri e,19.3,False,577,1207,779,169,361,Leo Stark,False
2704_01,Earth,False,A/57/S,TRAPPIST-1e,30.2,False,518,1421,332,964,1340,Ethan Zhao,False
2704_02,Earth,False,F/119/S,55 Cancri e,29.2,False,562,425,1159,640,708,Ilya Komarov,False
2705_01,Earth,False,B/2/P,TRAPPIST-1e,13.4,False,367,5,522,528,1295,Ethan Zhao,False
2705_02,Mars,True,B/61/S,PSO J318.5-22,6.0,False,0,0,0,0,0,Jordan Benson,False
2706_01,Earth,True,C/145/P,55 Cancri e,34.5,False,0,0,0,0,0,Priya Kaur,True
2706_02,Earth,False,B/186/S,TRAPPIST-1e,27.8,False,767,1000,1154,529,1461,Leo Stark,True
2707_01,Mars,False,C/178/S,TRAPPIST-1e,34.8,False,1040,1489,734,881,362,Aria Lin,False
2707_02,Earth,False,C/64/S,55 Cancri e,51.8,False,1233,1014,524,830,781,Kai Vega,False
2708_01,Earth,True,E/183/P,TRAPPIST-1e,25.8,False,0,0,0,0,0,Nova Stark,True
2708_02,Earth,False,A/182/P,55 Cancri e,26.1,False,1085,411,629,320,1154,Hiro Tanaka,False
2709_01,Europa,False,G/39/S,TRAPPIST-1e,32.4,False,35,790,1239,585,305,Remy Vivaldi,False
2709_02,Europa,False,G/194/S,55 Cancri e,21.5,False,1007,892,11,82,1055,Leo Stark,True
2710_01,Earth,True,E/86/S,TRAPPIST-1e,29.6,False,0,0,0,0,0,Nova Stark,True
2710_02,Earth,True,C/103/S,PSO J318.5-22,42.8,False,0,0,0,0,0,Hiro Tanaka,False
2711_01,Europa,False,E/107/P,PSO J318.5-22,31.0,False,1279,240,897,895,906,Ilya Komarov,False
2711_02,Earth,False,F/133/P,55 Cancri e,22.2,False,1475,755,1024,600,281,Jordan Benson,False
2712_01,Earth,False,G/25/S,TRAPPIST-1e,44.0,False,899,1103,893,956,218,Priya Kaur,True
2712_02,Earth,False,F/85/S,55 Cancri e,11.3,True,726,1008,1489,517,811,Lara Xel'Naga,False
2713_01,Europa,False,G/84/P,TRAPPIST-1e,36.6,False,813,613,425,1393,1434,Kai Vega,True
2713_02,Earth,False,C/192/P,PSO J318.5-22,34.0,False,882,431,1219,1400,947,Kai Vega,False
2714_01,Europa,False,G/162/P,55 Cancri e,17.5,False,404,491,65,911,390,Ethan Zhao,False
2714_02,Earth,True,G/32/P,55 Cancri e,35.5,False,0,0,0,0,0,Aria Lin,True
2715_01,Europa,False,D/131/S,PSO J318.5-22,29.2,False,1252,784,1248,1136,651,Ilya Komarov,True
2715_02,Earth,True,D/186/P,TRAPPIST-1e,33.3,False,0,0,0,0,0,Mila Benson,True
2716_01,Mars,False,A/113/P,TRAPPIST-1e,40.5,False,522,204,741,318,1182,Jordan Benson,False
2716_02,Earth,False,E/121/P,PSO J318.5-22,28.4,False,277,901,147,777,1106,Hiro Tanaka,False
2717_01,Mars,False,F/27/P,TRAPPIST-1e,11.2,False,391,1156,939,241,1474,Ilya Komarov,False
2717_02,Earth,True,G/127/S,TRAPPIST-1e,31.8,False,0,0,0,0,0,Ilya Komarov,True
2718_01,Earth,False,E/2/P,55 Cancri e,38.8,False,1242,1328,242,1315,975,Priya Kaur,True
2718_02,Mars,True,C/93/S,55 Cancri e,29.5,False,0,0,0,0,0,Aria Lin,True
2719_01,Mars,False,A/111/S,55 Cancri e,20.9,False,616,25,862,78,1011,Jordan Benson,False
2719_02,Earth,False,B/142/P,TRAPPIST-1e,23.2,False,127,412,136,1357,547,Jordan Benson,True
2720_01,Earth,False,E/39/P,TRAPPIST-1e,27.0,False,420,1147,1111,140,50,Lara Xel'Naga,False
2720_02,Europa,False,B/51/S,55 Cancri e,34.1,False,986,928,1428,1360,661,Kai Vega,False
2721_01,Earth,False,F/148/P,TRAPPIST-1e,21.8,False,853,257,1411,44,268,Mila Benson,False
2721_02,Europa,False,G/74/S,PSO J318.5-22,28.3,False,1334,671,1018,1301,856,Leo Stark,False
2722_01,Mars,False,E/8/P,TRAPPIST-1e,31.5,False,1468,352,1417,993,274,Lara Xel'Naga,False
2722_02,Mars,False,A/137/P,55 Cancri e,21.6,False,1407,909,1346,1206,439,Mila Benson,False
2723_01,Mars,True,C/126/P,TRAPPIST-1e,29.9,False,0,0,0,0,0,Aria Lin,True
2723_02,Earth,False,D/184/P,55 Cancri e,29.4,False,650,942,33,704,866,Nova Stark,False
2724_01,Europa,False,E/28/S,TRAPPIST-1e,29.4,False,1233,461,80,321,414,Leo Stark,False
2724_02,Mars,False,B/147/S,TRAPPIST-1e,31.3,False,991,189,1256,391,1192,Leo Stark,False
2725_01,Europa,True,G/14/P,PSO J318.5-22,35.2,False,0,0,0,0,0,Leo Stark,True
2725_02,Earth,False,G/16/P,TRAPPIST-1e,16.4,False,1173,663,1409,380,1298,Kai Vega,False
2726_01,Mars,False,A/100/S,TRAPPIST-1e,36.2,False,61,1490,527,861,149,Priya Kaur,False
2726_02,Mars,False,G/167/S,TRAPPIST-1e,37.8,False,1165,115,823,64,1452,Priya Kaur,False
2727_01,Europa,False,A/194/P,TRAPPIST-1e,40.0,False,1384,1301,1319,872,168,Leo Stark,False
2727_02,Mars,True,C/62/P,TRAPPIST-1e,28.2,False,0,0,0,0,0,Kai Vega,True
2728_01,Earth,False,C/167/S,TRAPPIST-1e,38.3,False,1155,587,761,346,954,Hiro Tanaka,False
2728_02,Europa,False,A/99/S,55 Cancri e,14.7,False,734,1276,409,542,354,Aria Lin,True
2729_01,Mars,False,A/73/S,55 Cancri e,21.0,False,946,1425,1198,823,77,Mila Benson,False
2729_02,Earth,False,G/63/P,TRAPPIST-1e,47.0,False,439,548,1255,399,1236,Lara Xel'Naga,False
2730_01,Mars,False,B/117/S,TRAPPIST-1e,45.5,False,125,833,1405,543,501,Remy Vivaldi,True
2730_02,Europa,True,F/13/P,PSO J318.5-22,12.4,False,0,0,0,0,0,Nova Stark,False
2731_01,Earth,True,B/139/P,55 Cancri e,37.9,False,0,0,0,0,0,Ilya Komarov,True
2731_02,Mars,True,B/129/S,TRAPPIST-1e,34.3,False,0,0,0,0,0,Nova Stark,True
2732_01,Earth,True,F/36/S,TRAPPIST-1e,15.3,False,0,0,0,0,0,Nova Stark,False
2732_02,Earth,True,B/65/S,TRAPPIST-1e,27.7,False,0,0,0,0,0,Ilya Komarov,True
2733_01,Mars,False,G/89/P,PSO J318.5-22,41.8,False,1338,24,493,352,868,Remy Vivaldi,False
2733_02,Europa,False,A/136/S,TRAPPIST-1e,23.9,False,1140,198,1302,846,1102,Nova Stark,False
2734_01,Earth,True,A/183/P,55 Cancri e,13.4,False,0,0,0,0,0,Mila Benson,False
2734_02,Europa,False,A/85/S,55 Cancri e,29.2,False,476,9,1283,523,809,Remy Vivaldi,True
2735_01,Europa,True,D/180/P,PSO J318.5-22,23.3,False,0,0,0,0,0,Hiro Tanaka,False
2735_02,Europa,True,B/131/S,PSO J318.5-22,29.2,False,0,0,0,0,0,Hiro Tanaka,False
2736_01,Europa,False,G/53/P,TRAPPIST-1e,19.7,False,1170,1216,1036,245,674,Nova Stark,False
2736_02,Mars,False,D/21/P,TRAPPIST-1e,31.2,False,113,1011,793,232,979,Jordan Benson,True
2737_01,Earth,False,C/158/P,TRAPPIST-1e,32.8,False,977,902,1306,650,391,Priya Kaur,False
2737_02,Earth,False,D/100/S,TRAPPIST-1e,38.3,False,381,215,541,605,115,Remy Vivaldi,False
2738_01,Mars,False,B/22/S,PSO J318.5-22,10.6,False,1314,1062,1047,775,1066,Ethan Zhao,False
2738_02,Earth,False,D/142/P,TRAPPIST-1e,37.1,True,1193,339,168,1495,661,Priya Kaur,False
2739_01,Earth,False,D/180/P,PSO J318.5-22,25.6,False,574,474,310,1083,1052,Jordan Benson,False
2739_02,Europa,False,D/106/P,TRAPPIST-1e,36.8,False,530,990,72,1417,868,Mila Benson,True
2740_01,Earth,True,G/54/P,TRAPPIST-1e,24.0,False,0,0,0,0,0,Priya Kaur,True
2740_02,Earth,True,E/99/P,PSO J318.5-22,26.2,False,0,0,0,0,0,Mila Benson,True
2741_01,Europa,False,D/5/S,TRAPPIST-1e,26.7,True,1012,964,86,358,694,Kai Vega,True
2741_02,Mars,False,D/110/S,55 Cancri e,25.9,True,196,755,976,1408,1141,Ilya Komarov,False
2742_01,Mars,True,B/119/S,55 Cancri e,37.6,False,0,0,0,0,0,Hiro Tanaka,True
2742_02,Mars,True,E/8/S,TRAPPIST-1e,32.4,False,0,0,0,0,0,Ilya Komarov,True
2743_01,Earth,False,G/135/P,TRAPPIST-1e,30.2,False,1270,233,416,1490,1388,Mila Benson,False
2743_02,Earth,True,G/149/P,TRAPPIST-1e,21.1,False,0,0,0,0,0,Mila Benson,True
2744_01,Mars,False,E/178/S,TRAPPIST-1e,34.4,False,188,811,1275,394,661,Hiro Tanaka,False
2744_02,Europa,False,F/106/P,TRAPPIST-1e,15.1,False,852,1242,593,189,233,Aria Lin,True
2745_01,Europa,False,D/140/S,TRAPPIST-1e,36.9,True,236,1056,212,378,1025,Leo Stark,False
2745_02,Mars,False,E/17/P,55 Cancri e,14.5,False,908,449,568,1450,812,Kai Vega,False
2746_01,Earth,False,E/173/S,TRAPPIST-1e,24.5,False,870,1070,437,670,903,Mila Benson,False
2746_02,Europa,True,D/153/P,TRAPPIST-1e,17.5,False,0,0,0,0,0,Jordan Benson,True
2747_01,Europa,False,E/114/P,TRAPPIST-1e,34.3,False,219,332,1153,1055,1448,Priya Kaur,True
2747_02,Earth,True,F/2/S,PSO J318.5-22,30.6,False,0,0,0,0,0,Priya Kaur,False
2748_01,Mars,False,G/70/P,TRAPPIST-1e,16.5,False,356,1478,400,895,989,Nova Stark,False
2748_02,Europa,False,F/163/P,TRAPPIST-1e,29.0,False,708,1478,1057,247,945,Jordan Benson,True
2749_01,Europa,False,F/8/S,PSO J318.5-22,28.7,False,485,1483,898,710,1151,Ethan Zhao,False
2749_02,Earth,False,F/156/S,PSO J318.5-22,37.2,False,375,664,782,850,1106,Remy Vivaldi,False
2750_01,Mars,False,E/3/P,55 Cancri e,22.2,False,673,1126,361,683,1279,Aria Lin,False
2750_02,Europa,False,B/113/P,TRAPPIST-1e,21.6,False,246,1215,534,313,1299,Priya Kaur,False
2751_01,Earth,True,A/86/S,55 Cancri e,31.3,False,0,0,0,0,0,Aria Lin,True
2751_02,Europa,False,B/183/P,TRAPPIST-1e,37.8,False,581,870,1383,547,1131,Jordan Benson,False
2752_01,Europa,False,B/70/S,55 Cancri e,17.2,False,501,850,715,891,500,Ethan Zhao,True
2752_02,Earth,False,D/140/P,55 Cancri e,33.2,False,734,592,406,1353,702,Mila Benson,False
2753_01,Europa,False,D/35/P,55 Cancri e,13.4,False,383,10,275,885,963,Mila Benson,False
2753_02,Mars,False,F/103/S,TRAPPIST-1e,18.3,False,302,203,344,825,1289,Nova Stark,False
2754_01,Earth,False,D/36/P,55 Cancri e,13.8,False,583,1012,382,916,391,Ilya Komarov,False
2754_02,Earth,False,C/162/P,TRAPPIST-1e,33.8,False,888,539,1115,565,1182,Aria Lin,False
2755_01,Earth,True,E/109/S,55 Cancri e,36.0,False,0,0,0,0,0,Lara Xel'Naga,True
2755_02,Earth,False,B/35/S,55 Cancri e,32.5,False,1399,36,690,843,1060,Mila Benson,False
2756_01,Earth,True,G/67/P,TRAPPIST-1e,42.2,False,0,0,0,0,0,Ilya Komarov,True
2756_02,Earth,False,F/138/P,TRAPPIST-1e,11.9,False,657,89,1029,904,1162,Remy Vivaldi,False
2757_01,Europa,False,E/100/P,TRAPPIST-1e,30.3,False,690,324,406,995,518,Kai Vega,False
2757_02,Mars,False,B/145/S,55 Cancri e,18.8,False,895,76,233,829,585,Mila Benson,True
2758_01,Mars,False,C/165/P,55 Cancri e,31.1,False,546,718,1007,269,604,Remy Vivaldi,False
2758_02,Earth,False,G/198/P,55 Cancri e,20.2,False,964,377,176,273,636,Remy Vivaldi,False
2759_01,Earth,False,A/14/P,TRAPPIST-1e,36.8,False,1240,660,269,1139,244,Leo Stark,False
2759_02,Mars,False,A/150/S,TRAPPIST-1e,36.4,False,659,84,906,1473,535,Mila Benson,False
2760_01,Earth,True,E/28/S,TRAPPIST-1e,18.9,False,0,0,0,0,0,Aria Lin,True
2760_02,Earth,False,C/185/P,TRAPPIST-1e,23.4,False,894,506,407,1294,523,Ilya Komarov,False
2761_01,Earth,False,B/168/S,PSO J318.5-22,31.0,False,851,327,1309,1058,622,Aria Lin,False
2761_02,Earth,False,C/47/P,TRAPPIST-1e,28.1,False,487,486,144,755,145,Priya Kaur,False
2762_01,Mars,False,G/51/P,55 Cancri e,19.5,False,827,626,1295,533,629,Remy Vivaldi,True
2762_02,Mars,False,C/199/S,55 Cancri e,18.5,False,880,1118,1470,414,256,Mila Benson,False
2763_01,Earth,False,F/171/S,PSO J318.5-22,28.3,False,1459,569,741,107,1042,Jordan Benson,False
2763_02,Earth,True,C/1/P,TRAPPIST-1e,29.6,True,0,0,0,0,0,Mila Benson,True
2764_01,Earth,True,D/108/S,TRAPPIST-1e,28.9,False,0,0,0,0,0,Hiro Tanaka,True
2764_02,Europa,False,C/36/S,PSO J318.5-22,14.2,False,99,264,749,1072,676,Nova Stark,True
2765_01,Earth,False,C/128/S,PSO J318.5-22,37.8,False,658,1470,1324,607,1377,Jordan Benson,True
2765_02,Mars,True,E/96/S,TRAPPIST-1e,26.5,False,0,0,0,0,0,Priya Kaur,True
2766_01,Mars,False,E/164/S,TRAPPIST-1e,40.4,False,346,811,800,1160,1053,Ethan Zhao,True
2766_02,Earth,False,F/89/S,TRAPPIST-1e,20.8,False,145,1491,502,798,967,Priya Kaur,False
2767_01,Earth,False,A/26/S,TRAPPIST-1e,29.7,False,0,109,893,1087,755,Mila Benson,False
2767_02,Earth,False,B/155/S,55 Cancri e,20.8,False,52,261,1325,885,233,Kai Vega,False
2768_01,Earth,True,G/184/P,55 Cancri e,12.3,False,0,0,0,0,0,Nova Stark,True
2768_02,Mars,False,D/178/S,PSO J318.5-22,44.1,False,858,136,778,1427,627,Ilya Komarov,False
2769_01,Earth,True,F/196/S,PSO J318.5-22,18.8,False,0,0,0,0,0,Hiro Tanaka,True
2769_02,Europa,False,B/170/S,TRAPPIST-1e,15.7,False,229,1250,261,1154,891,Mila Benson,False
2770_01,Europa,False,F/20/P,TRAPPIST-1e,25.0,False,1297,351,1436,1174,383,Ilya Komarov,False
2770_02,Earth,False,E/131/P,55 Cancri e,42.1,False,1059,325,464,465,1118,Jordan Benson,False
2771_01,Earth,True,B/129/P,55 Cancri e,20.3,False,0,0,0,0,0,Nova Stark,False
2771_02,Mars,False,A/197/P,TRAPPIST-1e,25.3,False,792,1022,585,749,1190,Jordan Benson,True
2772_01,Europa,False,E/147/P,TRAPPIST-1e,35.8,False,1026,255,370,277,515,Priya Kaur,False
2772_02,Earth,True,C/97/S,TRAPPIST-1e,29.4,False,0,0,0,0,0,Remy Vivaldi,True
2773_01,Earth,True,F/120/P,55 Cancri e,34.7,False,0,0,0,0,0,Leo Stark,False
2773_02,Earth,True,F/62/S,PSO J318.5-22,23.8,False,0,0,0,0,0,Remy Vivaldi,True
2774_01,Mars,False,G/168/S,TRAPPIST-1e,27.3,False,63,459,1039,563,1042,Ethan Zhao,False
2774_02,Europa,False,A/40/P,TRAPPIST-1e,22.9,False,1348,907,92,772,809,Jordan Benson,True
2775_01,Earth,False,A/169/P,TRAPPIST-1e,21.7,False,748,527,1167,553,514,Ilya Komarov,False
2775_02,Mars,False,G/119/S,TRAPPIST-1e,33.9,False,1493,376,483,451,786,Nova Stark,False
2776_01,Mars,True,C/166/P,PSO J318.5-22,34.2,False,0,0,0,0,0,Lara Xel'Naga,True
2776_02,Earth,True,D/46/S,PSO J318.5-22,21.9,False,0,0,0,0,0,Remy Vivaldi,True
2777_01,Earth,False,A/197/S,PSO J318.5-22,19.1,False,1006,593,188,103,1367,Kai Vega,False
2777_02,Earth,False,E/191/P,55 Cancri e,11.1,False,1394,32,748,373,1201,Priya Kaur,False
2778_01,Europa,False,F/167/P,PSO J318.5-22,19.7,False,248,447,1017,979,1027,Leo Stark,False
2778_02,Earth,False,G/28/S,TRAPPIST-1e,3.8,False,1259,172,1345,370,790,Jordan Benson,False
2779_01,Europa,False,B/130/S,55 Cancri e,21.9,False,399,1081,547,407,640,Hiro Tanaka,True
2779_02,Earth,False,B/191/P,TRAPPIST-1e,19.9,False,63,573,419,145,1295,Nova Stark,True
2780_01,Europa,False,C/43/S,TRAPPIST-1e,25.8,False,452,269,1257,485,577,Priya Kaur,False
2780_02,Mars,False,C/165/S,PSO J318.5-22,42.8,False,337,860,756,756,1471,Remy Vivaldi,True
2781_01,Europa,False,G/59/P,PSO J318.5-22,24.6,False,345,701,292,1173,795,Kai Vega,False
2781_02,Earth,False,A/158/S,PSO J318.5-22,22.6,False,1021,1283,1345,76,1133,Ilya Komarov,False
2782_01,Europa,True,A/6/P,TRAPPIST-1e,39.5,False,0,0,0,0,0,Priya Kaur,True
2782_02,Europa,False,E/92/S,TRAPPIST-1e,30.7,False,1446,393,1258,1353,324,Nova Stark,True
2783_01,Earth,False,B/132/P,PSO J318.5-22,25.5,False,878,1055,271,835,367,Remy Vivaldi,True
2783_02,Europa,True,B/127/S,55 Cancri e,42.5,False,0,0,0,0,0,Ethan Zhao,True
2784_01,Europa,False,G/176/P,PSO J318.5-22,30.4,False,571,1391,79,1195,257,Ilya Komarov,True
2784_02,Mars,False,B/102/S,TRAPPIST-1e,24.7,False,278,503,557,490,565,Jordan Benson,False
2785_01,Mars,True,C/195/P,55 Cancri e,31.7,False,0,0,0,0,0,Aria Lin,True
2785_02,Earth,False,B/188/P,TRAPPIST-1e,19.5,False,1360,520,325,1195,83,Kai Vega,True
2786_01,Europa,True,G/30/S,PSO J318.5-22,23.2,False,0,0,0,0,0,Aria Lin,True
2786_02,Europa,False,D/46/S,PSO J318.5-22,0.2,False,1441,1362,319,303,1295,Kai Vega,True
2787_01,Europa,False,F/37/S,55 Cancri e,43.7,False,1260,1333,683,232,1021,Jordan Benson,False
2787_02,Mars,False,B/171/S,55 Cancri e,16.1,False,548,1288,1036,495,1339,Aria Lin,False
2788_01,Earth,False,E/40/S,TRAPPIST-1e,39.4,False,383,1016,641,315,255,Jordan Benson,False
2788_02,Earth,True,E/112/S,TRAPPIST-1e,44.3,False,0,0,0,0,0,Ilya Komarov,True
2789_01,Earth,True,G/190/S,55 Cancri e,28.0,False,0,0,0,0,0,Jordan Benson,True
2789_02,Mars,False,F/97/P,TRAPPIST-1e,33.1,False,1147,255,650,46,902,Mila Benson,False
2790_01,Earth,True,A/197/P,TRAPPIST-1e,26.1,False,0,0,0,0,0,Leo Stark,True
2790_02,Earth,False,F/78/S,TRAPPIST-1e,29.6,False,54,152,455,285,35,Aria Lin,False
2791_01,Mars,False,D/50/P,55 Cancri e,11.5,False,255,177,1277,507,20,Ilya Komarov,False
2791_02,Earth,False,C/1/S,55 Cancri e,27.7,False,74,718,459,1201,1405,Mila Benson,False
2792_01,Europa,True,B/14/S,55 Cancri e,35.3,False,0,0,0,0,0,Lara Xel'Naga,True
2792_02,Europa,False,A/108/P,TRAPPIST-1e,41.0,False,629,0,935,310,1231,Nova Stark,True
2793_01,Mars,True,G/4/S,TRAPPIST-1e,34.9,False,0,0,0,0,0,Kai Vega,True
2793_02,Europa,True,D/182/P,PSO J318.5-22,34.6,False,0,0,0,0,0,Leo Stark,True
2794_01,Earth,True,E/167/S,TRAPPIST-1e,29.2,False,0,0,0,0,0,Mila Benson,True
2794_02,Earth,False,A/102/P,TRAPPIST-1e,36.1,False,6,1035,513,348,916,Ilya Komarov,True
2795_01,Europa,True,A/31/S,PSO J318.5-22,23.1,False,0,0,0,0,0,Aria Lin,False
2795_02,Mars,False,D/173/P,TRAPPIST-1e,42.0,False,1080,589,232,790,1053,Kai Vega,False
2796_01,Earth,False,E/100/P,55 Cancri e,18.0,False,55,9,146,363,252,Hiro Tanaka,False
2796_02,Earth,False,B/155/P,TRAPPIST-1e,24.2,False,939,1276,1466,735,339,Ilya Komarov,False
2797_01,Earth,False,D/145/P,TRAPPIST-1e,21.4,False,322,1163,860,1468,94,Ilya Komarov,False
2797_02,Mars,False,F/101/S,TRAPPIST-1e,28.9,False,552,1443,789,1173,552,Kai Vega,False
2798_01,Earth,False,B/4/P,55 Cancri e,31.9,False,269,860,290,1457,8,Jordan Benson,False
2798_02,Earth,False,C/152/S,TRAPPIST-1e,27.7,False,629,863,474,536,684,Remy Vivaldi,False
2799_01,Earth,False,G/39/P,TRAPPIST-1e,28.5,False,1350,594,275,369,344,Leo Stark,False
2799_02,Europa,False,A/71/P,55 Cancri e,39.4,False,367,1334,730,14,757,Priya Kaur,True
2800_01,Earth,False,D/79/P,PSO J318.5-22,33.0,False,1392,1488,532,985,1160,Jordan Benson,False
2800_02,Earth,True,C/172/P,PSO J318.5-22,24.3,False,0,0,0,0,0,Remy Vivaldi,True
2801_01,Mars,False,D/164/P,55 Cancri e,17.7,False,1239,1391,116,1202,1269,Jordan Benson,False
2801_02,Earth,False,G/157/P,TRAPPIST-1e,33.9,False,127,1381,77,740,1316,Ethan Zhao,True
2802_01,Earth,False,E/6/P,TRAPPIST-1e,33.6,False,818,577,95,1168,576,Hiro Tanaka,True
2802_02,Mars,False,C/154/S,TRAPPIST-1e,26.2,False,520,1420,995,356,185,Aria Lin,False
2803_01,Earth,False,E/195/P,PSO J318.5-22,16.4,False,1082,9,856,1147,355,Lara Xel'Naga,False
2803_02,Mars,False,G/181/P,PSO J318.5-22,2.3,False,1369,793,236,332,16,Lara Xel'Naga,False
2804_01,Mars,False,A/160/S,PSO J318.5-22,33.7,True,1354,456,1050,396,1211,Leo Stark,False
2804_02,Mars,True,G/75/S,TRAPPIST-1e,37.7,False,0,0,0,0,0,Aria Lin,True
2805_01,Europa,False,A/123/S,PSO J318.5-22,27.4,False,76,851,1267,844,666,Hiro Tanaka,True
2805_02,Earth,False,G/121/P,55 Cancri e,30.1,False,958,988,796,87,914,Nova Stark,False
2806_01,Europa,False,E/40/S,PSO J318.5-22,37.2,True,700,1244,563,161,34,Hiro Tanaka,False
2806_02,Mars,False,E/180/S,PSO J318.5-22,43.0,False,965,36,845,828,622,Kai Vega,False
2807_01,Earth,True,B/22/S,TRAPPIST-1e,36.7,False,0,0,0,0,0,Priya Kaur,False
2807_02,Earth,False,E/143/S,TRAPPIST-1e,36.2,False,104,155,335,1049,295,Aria Lin,False
2808_01,Earth,False,D/108/S,PSO J318.5-22,29.2,False,1350,150,856,576,661,Hiro Tanaka,True
2808_02,Mars,False,B/47/S,TRAPPIST-1e,14.5,False,1343,756,451,569,1135,Mila Benson,True
2809_01,Earth,False,G/104/P,TRAPPIST-1e,43.7,False,361,202,486,3,1152,Hiro Tanaka,False
2809_02,Earth,False,G/125/S,TRAPPIST-1e,11.5,False,1049,800,976,26,1065,Hiro Tanaka,False
2810_01,Europa,True,E/45/P,PSO J318.5-22,19.9,False,0,0,0,0,0,Nova Stark,True
2810_02,Earth,True,C/66/P,TRAPPIST-1e,20.0,False,0,0,0,0,0,Aria Lin,True
2811_01,Earth,False,G/87/S,TRAPPIST-1e,17.9,False,267,94,394,868,363,Jordan Benson,False
2811_02,Mars,False,A/54/S,TRAPPIST-1e,53.3,False,1338,116,163,876,789,Remy Vivaldi,True
2812_01,Earth,False,A/130/P,PSO J318.5-22,29.7,False,199,179,357,739,1275,Jordan Benson,False
2812_02,Earth,False,B/175/P,TRAPPIST-1e,40.6,False,1322,429,1027,652,677,Kai Vega,False
2813_01,Earth,False,E/90/S,55 Cancri e,25.8,False,1119,166,1354,964,853,Nova Stark,False
2813_02,Earth,False,D/51/P,TRAPPIST-1e,32.4,True,1085,173,1276,1484,623,Leo Stark,False
2814_01,Europa,False,C/185/P,TRAPPIST-1e,27.3,False,940,252,196,412,1479,Lara Xel'Naga,False
2814_02,Earth,True,G/174/P,55 Cancri e,23.2,False,0,0,0,0,0,Nova Stark,True
2815_01,Mars,False,B/148/P,PSO J318.5-22,23.1,False,1382,1174,1123,233,1085,Mila Benson,False
2815_02,Europa,True,F/93/S,PSO J318.5-22,31.0,False,0,0,0,0,0,Mila Benson,True
2816_01,Mars,False,B/174/P,55 Cancri e,17.1,False,725,737,796,553,374,Remy Vivaldi,False
2816_02,Europa,True,D/118/S,TRAPPIST-1e,49.5,False,0,0,0,0,0,Nova Stark,True
2817_01,Earth,False,D/192/P,PSO J318.5-22,28.1,False,1475,1210,853,723,1391,Kai Vega,False
2817_02,Earth,False,D/123/S,PSO J318.5-22,34.4,False,339,261,542,550,1329,Ethan Zhao,False
2818_01,Europa,False,B/189/S,TRAPPIST-1e,32.2,False,757,620,1111,1223,1294,Ilya Komarov,False
2818_02,Europa,False,A/135/P,PSO J318.5-22,24.7,False,50,488,197,1046,664,Nova Stark,True
2819_01,Earth,False,E/141/P,TRAPPIST-1e,18.4,False,265,72,76,543,880,Aria Lin,False
2819_02,Earth,False,G/157/S,TRAPPIST-1e,22.2,False,434,1088,356,935,17,Ethan Zhao,False
2820_01,Earth,False,D/195/S,TRAPPIST-1e,30.7,False,750,1459,995,1464,1032,Nova Stark,True
2820_02,Europa,False,D/40/P,TRAPPIST-1e,16.2,True,1493,631,1371,371,969,Aria Lin,True
2821_01,Earth,False,G/66/S,TRAPPIST-1e,20.8,False,1316,352,223,953,367,Aria Lin,False
2821_02,Earth,True,A/115/P,55 Cancri e,41.0,False,0,0,0,0,0,Leo Stark,True
2822_01,Europa,False,E/167/P,PSO J318.5-22,26.8,False,1113,655,1095,432,1371,Nova Stark,True
2822_02,Mars,False,E/52/P,PSO J318.5-22,22.3,False,1286,1294,508,507,616,Leo Stark,True
2823_01,Europa,False,F/97/P,TRAPPIST-1e,33.6,False,573,145,45,1128,1132,Ilya Komarov,False
2823_02,Europa,False,G/28/P,TRAPPIST-1e,25.2,False,1340,120,1066,98,705,Remy Vivaldi,False
2824_01,Mars,False,C/167/S,TRAPPIST-1e,20.5,False,1135,271,824,1125,209,Mila Benson,False
2824_02,Mars,False,A/36/P,TRAPPIST-1e,22.7,False,738,792,1045,759,158,Priya Kaur,False
2825_01,Europa,False,G/1/S,PSO J318.5-22,33.9,True,1423,1477,698,1166,396,Jordan Benson,True
2825_02,Earth,False,C/153/P,TRAPPIST-1e,52.2,False,535,140,960,239,291,Mila Benson,True
2826_01,Mars,False,E/167/S,55 Cancri e,24.7,False,869,170,976,579,525,Kai Vega,True
2826_02,Europa,True,G/125/P,PSO J318.5-22,49.7,False,0,0,0,0,0,Remy Vivaldi,True
2827_01,Europa,False,D/107/P,55 Cancri e,32.2,False,713,83,955,375,1076,Remy Vivaldi,False
2827_02,Earth,False,A/176/P,TRAPPIST-1e,20.0,False,1279,585,1243,99,128,Kai Vega,False
2828_01,Earth,False,D/146/S,TRAPPIST-1e,35.3,False,1481,21,559,628,1018,Leo Stark,False
2828_02,Earth,True,E/32/P,TRAPPIST-1e,22.3,False,0,0,0,0,0,Ethan Zhao,True
2829_01,Mars,True,A/183/P,TRAPPIST-1e,29.0,False,0,0,0,0,0,Leo Stark,True
2829_02,Europa,False,D/2/P,TRAPPIST-1e,38.3,False,178,420,1006,48,766,Remy Vivaldi,True
2830_01,Earth,False,A/115/P,TRAPPIST-1e,16.3,False,328,609,433,587,1272,Remy Vivaldi,False
2830_02,Mars,False,E/140/P,TRAPPIST-1e,16.1,False,1157,689,1388,424,1438,Hiro Tanaka,False
2831_01,Earth,False,A/67/P,TRAPPIST-1e,32.2,False,1411,1011,1472,563,302,Ilya Komarov,True
2831_02,Mars,True,E/27/P,55 Cancri e,22.3,False,0,0,0,0,0,Jordan Benson,False
2832_01,Earth,False,G/18/S,PSO J318.5-22,17.2,False,41,990,467,439,326,Lara Xel'Naga,False
2832_02,Earth,True,G/164/P,TRAPPIST-1e,35.3,False,0,0,0,0,0,Aria Lin,True
2833_01,Earth,False,A/46/P,55 Cancri e,38.3,False,811,1137,507,55,1375,Priya Kaur,False
2833_02,Earth,False,C/2/P,PSO J318.5-22,27.1,False,1352,545,1293,195,412,Hiro Tanaka,False
2834_01,Europa,True,D/10/S,55 Cancri e,38.1,False,0,0,0,0,0,Ilya Komarov,True
2834_02,Europa,False,C/13/P,55 Cancri e,27.3,False,1106,741,136,538,688,Remy Vivaldi,False
2835_01,Mars,True,B/93/P,TRAPPIST-1e,35.6,False,0,0,0,0,0,Ethan Zhao,True
2835_02,Earth,False,A/10/S,55 Cancri e,47.2,False,1334,387,724,914,548,Jordan Benson,False
2836_01,Earth,False,C/171/P,PSO J318.5-22,26.1,False,671,1452,1335,79,1037,Jordan Benson,True
2836_02,Europa,True,E/102/S,TRAPPIST-1e,32.2,False,0,0,0,0,0,Hiro Tanaka,False
2837_01,Earth,True,A/123/S,TRAPPIST-1e,28.1,False,0,0,0,0,0,Remy Vivaldi,True
2837_02,Europa,False,D/87/P,TRAPPIST-1e,44.1,False,1395,502,569,95,1283,Remy Vivaldi,False
2838_01,Earth,False,E/93/S,TRAPPIST-1e,30.3,False,45,981,267,93,735,Hiro Tanaka,True
2838_02,Earth,False,A/180/P,TRAPPIST-1e,26.2,False,1339,611,70,592,448,Kai Vega,True
2839_01,Earth,False,D/93/P,TRAPPIST-1e,35.1,False,613,1433,90,876,527,Leo Stark,False
2839_02,Europa,True,D/93/P,TRAPPIST-1e,22.2,False,0,0,0,0,0,Kai Vega,True
2840_01,Mars,False,C/131/S,TRAPPIST-1e,25.3,False,1112,1295,1270,360,377,Kai Vega,False
2840_02,Earth,True,A/196/P,TRAPPIST-1e,30.5,False,0,0,0,0,0,Mila Benson,True
2841_01,Mars,True,E/141/P,TRAPPIST-1e,30.7,False,0,0,0,0,0,Hiro Tanaka,True
2841_02,Mars,False,A/117/S,TRAPPIST-1e,36.9,False,454,907,66,986,978,Ethan Zhao,False
2842_01,Earth,False,D/122/S,TRAPPIST-1e,28.0,False,847,1055,1287,112,972,Jordan Benson,False
2842_02,Europa,True,B/173/S,TRAPPIST-1e,24.3,False,0,0,0,0,0,Aria Lin,True
2843_01,Mars,False,F/163/S,TRAPPIST-1e,33.6,True,1380,5,1363,991,493,Mila Benson,True
2843_02,Mars,False,A/8/P,TRAPPIST-1e,27.2,False,1131,70,938,1363,673,Nova Stark,True
2844_01,Mars,False,C/23/S,TRAPPIST-1e,20.1,False,1267,735,725,216,433,Ethan Zhao,False
2844_02,Europa,False,F/150/S,TRAPPIST-1e,4.9,False,833,1077,719,941,906,Jordan Benson,False
2845_01,Mars,False,C/4/P,TRAPPIST-1e,29.5,False,565,770,877,823,513,Hiro Tanaka,False
2845_02,Mars,False,C/79/S,TRAPPIST-1e,28.2,False,861,421,516,1162,704,Leo Stark,False
2846_01,Earth,True,D/177/P,55 Cancri e,30.5,False,0,0,0,0,0,Leo Stark,True
2846_02,Earth,False,E/7/P,TRAPPIST-1e,21.5,False,907,257,960,1400,892,Aria Lin,False
2847_01,Earth,False,F/77/S,TRAPPIST-1e,16.7,False,803,1172,1107,1049,1198,Remy Vivaldi,False
2847_02,Mars,True,D/16/S,TRAPPIST-1e,15.6,False,0,0,0,0,0,Nova Stark,True
2848_01,Earth,False,B/170/P,TRAPPIST-1e,36.0,False,1369,301,1321,1158,1078,Jordan Benson,False
2848_02,Earth,False,E/8/S,TRAPPIST-1e,28.1,False,55,1014,373,830,919,Ilya Komarov,False
2849_01,Europa,True,D/64/S,PSO J318.5-22,17.2,True,0,0,0,0,0,Priya Kaur,True
2849_02,Earth,False,D/49/P,TRAPPIST-1e,25.6,False,1319,1202,809,885,1220,Hiro Tanaka,False
2850_01,Europa,False,A/7/P,55 Cancri e,21.1,False,1206,808,878,1032,412,Aria Lin,False
2850_02,Mars,False,B/16/S,TRAPPIST-1e,26.7,False,829,565,103,1149,676,Ethan Zhao,False
2851_01,Mars,False,D/143/S,TRAPPIST-1e,47.2,False,800,1141,1115,1004,1110,Mila Benson,False
2851_02,Mars,True,F/20/S,TRAPPIST-1e,27.3,False,0,0,0,0,0,Hiro Tanaka,True
2852_01,Earth,False,A/149/P,55 Cancri e,12.3,False,1055,356,1486,963,93,Mila Benson,True
2852_02,Mars,False,G/28/S,TRAPPIST-1e,16.4,False,1431,1123,243,57,964,Lara Xel'Naga,False
2853_01,Earth,True,B/48/S,TRAPPIST-1e,30.3,False,0,0,0,0,0,Jordan Benson,True
2853_02,Earth,False,E/136/P,PSO J318.5-22,14.5,False,356,116,1159,295,524,Priya Kaur,False
2854_01,Europa,False,A/87/P,TRAPPIST-1e,32.1,False,1128,1151,400,738,528,Ilya Komarov,True
2854_02,Earth,False,E/58/P,TRAPPIST-1e,17.9,False,556,549,1147,359,63,Priya Kaur,True
2855_01,Earth,False,F/122/S,TRAPPIST-1e,26.4,False,623,101,560,1300,1250,Ethan Zhao,False
2855_02,Earth,False,F/32/P,TRAPPIST-1e,32.6,True,1046,843,1087,1180,1413,Ilya Komarov,False
2856_01,Europa,False,E/91/S,TRAPPIST-1e,12.7,False,1487,644,398,404,825,Kai Vega,False
2856_02,Europa,True,G/112/P,TRAPPIST-1e,33.6,False,0,0,0,0,0,Ilya Komarov,True
2857_01,Mars,True,F/79/P,TRAPPIST-1e,21.4,False,0,0,0,0,0,Aria Lin,True
2857_02,Mars,False,D/156/S,55 Cancri e,39.7,False,696,341,752,415,1479,Hiro Tanaka,True
2858_01,Mars,True,D/59/P,PSO J318.5-22,27.5,False,0,0,0,0,0,Lara Xel'Naga,False
2858_02,Earth,False,A/49/P,55 Cancri e,29.6,False,805,1321,311,54,693,Mila Benson,False
2859_01,Mars,False,F/28/S,TRAPPIST-1e,30.9,False,374,449,1468,1083,1415,Kai Vega,True
2859_02,Mars,False,F/60/P,55 Cancri e,18.8,False,811,389,1235,666,1263,Ilya Komarov,False
2860_01,Europa,False,F/163/S,TRAPPIST-1e,15.8,False,140,1475,873,1176,1331,Ethan Zhao,False
2860_02,Europa,True,G/2/P,PSO J318.5-22,2.6,False,0,0,0,0,0,Remy Vivaldi,True
2861_01,Earth,False,F/170/P,55 Cancri e,36.7,False,1305,1231,951,551,1119,Mila Benson,True
2861_02,Earth,False,C/50/S,TRAPPIST-1e,42.4,False,1475,372,647,1096,332,Aria Lin,False
2862_01,Earth,False,F/144/P,55 Cancri e,36.4,False,1124,1382,1352,394,34,Jordan Benson,False
2862_02,Earth,False,B/7/S,TRAPPIST-1e,26.7,False,156,903,1296,966,395,Priya Kaur,False
2863_01,Europa,True,C/80/P,TRAPPIST-1e,48.4,False,0,0,0,0,0,Nova Stark,False
2863_02,Mars,False,D/50/P,PSO J318.5-22,23.8,False,620,1329,804,461,251,Leo Stark,False
2864_01,Earth,False,D/104/P,55 Cancri e,30.8,False,538,834,502,955,513,Mila Benson,True
2864_02,Europa,False,E/69/P,55 Cancri e,24.1,False,579,1171,839,985,82,Jordan Benson,True
2865_01,Europa,False,E/189/P,TRAPPIST-1e,30.8,False,623,1497,506,1156,1294,Leo Stark,True
2865_02,Mars,False,F/68/P,55 Cancri e,48.9,False,621,1096,1459,292,654,Mila Benson,False
2866_01,Europa,True,C/103/P,55 Cancri e,41.3,False,0,0,0,0,0,Lara Xel'Naga,True
2866_02,Mars,True,F/97/P,55 Cancri e,24.6,False,0,0,0,0,0,Leo Stark,False
2867_01,Earth,True,B/177/P,55 Cancri e,36.3,False,0,0,0,0,0,Ilya Komarov,False
2867_02,Europa,True,F/52/P,TRAPPIST-1e,13.6,False,0,0,0,0,0,Aria Lin,True
2868_01,Europa,False,E/190/P,TRAPPIST-1e,13.6,False,766,1457,518,637,82,Aria Lin,True
2868_02,Earth,False,C/149/P,PSO J318.5-22,23.2,False,27,265,1306,396,961,Priya Kaur,False
2869_01,Mars,False,A/53/P,PSO J318.5-22,21.8,False,1406,810,580,1342,610,Lara Xel'Naga,False
2869_02,Earth,False,G/179/P,55 Cancri e,34.3,False,192,226,450,1205,931,Nova Stark,False
2870_01,Europa,False,C/177/P,TRAPPIST-1e,40.2,False,401,471,889,178,1041,Jordan Benson,True
2870_02,Mars,True,A/167/P,TRAPPIST-1e,27.3,False,0,0,0,0,0,Jordan Benson,False
2871_01,Mars,False,D/104/P,TRAPPIST-1e,30.3,False,925,1426,1416,935,299,Kai Vega,False
2871_02,Earth,False,D/177/S,55 Cancri e,17.1,False,350,186,1370,622,1432,Mila Benson,False
2872_01,Earth,True,A/107/S,55 Cancri e,32.2,False,0,0,0,0,0,Priya Kaur,True
2872_02,Earth,False,F/57/S,PSO J318.5-22,30.0,False,1350,1235,308,1131,176,Mila Benson,False
2873_01,Earth,False,G/48/S,PSO J318.5-22,33.6,False,417,247,208,215,712,Jordan Benson,True
2873_02,Europa,False,E/82/P,PSO J318.5-22,38.2,False,437,310,382,980,1294,Priya Kaur,False
2874_01,Earth,False,G/45/P,55 Cancri e,9.9,False,65,941,227,881,136,Kai Vega,False
2874_02,Mars,True,F/22/S,55 Cancri e,41.1,False,0,0,0,0,0,Aria Lin,False
2875_01,Europa,False,B/14/S,55 Cancri e,30.4,False,1377,929,555,1180,957,Jordan Benson,False
2875_02,Earth,False,A/22/S,PSO J318.5-22,38.4,False,1499,1039,1101,51,513,Lara Xel'Naga,False
2876_01,Earth,True,D/27/P,TRAPPIST-1e,20.9,False,0,0,0,0,0,Remy Vivaldi,True
2876_02,Earth,True,D/79/S,TRAPPIST-1e,44.6,False,0,0,0,0,0,Ilya Komarov,True
2877_01,Mars,False,A/123/P,TRAPPIST-1e,19.6,False,542,409,154,632,50,Ilya Komarov,False
2877_02,Earth,False,G/49/S,PSO J318.5-22,23.3,False,1023,993,1118,523,354,Remy Vivaldi,False
2878_01,Mars,False,A/110/S,PSO J318.5-22,20.5,False,532,40,1482,789,1300,Jordan Benson,False
2878_02,Europa,False,F/57/S,TRAPPIST-1e,37.0,False,194,1094,1293,1358,307,Remy Vivaldi,False
2879_01,Mars,False,G/96/S,PSO J318.5-22,21.4,False,794,229,84,1185,396,Priya Kaur,True
2879_02,Earth,False,D/124/S,55 Cancri e,28.9,False,1394,214,1024,376,411,Lara Xel'Naga,False
2880_01,Earth,False,E/60/S,TRAPPIST-1e,10.9,False,348,830,653,1021,1064,Aria Lin,False
2880_02,Mars,False,B/113/S,TRAPPIST-1e,29.8,False,2,1117,1082,739,406,Hiro Tanaka,False
2881_01,Earth,False,D/10/S,TRAPPIST-1e,13.2,False,585,887,331,1012,168,Nova Stark,True
2881_02,Mars,False,D/128/P,TRAPPIST-1e,50.2,False,775,848,940,205,520,Ilya Komarov,False
2882_01,Earth,False,G/151/P,TRAPPIST-1e,19.7,False,114,663,86,1118,742,Ethan Zhao,True
2882_02,Earth,False,D/54/P,55 Cancri e,47.7,False,427,449,785,714,1,Remy Vivaldi,False
2883_01,Mars,False,F/8/S,TRAPPIST-1e,19.6,False,109,678,1480,370,1360,Jordan Benson,False
2883_02,Mars,False,G/141/P,55 Cancri e,11.9,False,889,598,1045,721,304,Nova Stark,False
2884_01,Earth,True,D/199/P,PSO J318.5-22,23.8,False,0,0,0,0,0,Ilya Komarov,False
2884_02,Earth,False,G/186/P,PSO J318.5-22,24.1,False,445,931,277,376,231,Aria Lin,True
2885_01,Earth,False,A/43/S,TRAPPIST-1e,15.8,False,440,33,328,844,453,Lara Xel'Naga,False
2885_02,Earth,True,D/96/S,TRAPPIST-1e,28.5,False,0,0,0,0,0,Ilya Komarov,True
2886_01,Mars,True,B/143/P,TRAPPIST-1e,34.2,False,0,0,0,0,0,Aria Lin,True
2886_02,Europa,False,G/88/S,TRAPPIST-1e,26.2,False,121,580,1336,486,1035,Nova Stark,False
2887_01,Mars,True,F/161/S,TRAPPIST-1e,32.9,False,0,0,0,0,0,Leo Stark,True
2887_02,Earth,False,D/30/S,PSO J318.5-22,43.2,False,579,717,1259,769,1277,Aria Lin,False
2888_01,Earth,False,D/6/P,TRAPPIST-1e,19.3,False,276,1492,1243,1248,924,Nova Stark,False
2888_02,Mars,False,A/131/P,TRAPPIST-1e,29.0,False,1124,853,506,1354,236,Ethan Zhao,False
2889_01,Mars,False,D/85/S,TRAPPIST-1e,37.6,False,164,845,727,1241,375,Nova Stark,True
2889_02,Earth,False,B/69/P,55 Cancri e,17.9,True,1035,1455,82,430,477,Remy Vivaldi,True
2890_01,Mars,False,G/162/S,PSO J318.5-22,27.2,False,954,140,719,1479,1426,Leo Stark,False
2890_02,Mars,False,E/181/P,55 Cancri e,29.9,False,1015,287,354,342,148,Nova Stark,False
2891_01,Earth,True,C/164/P,TRAPPIST-1e,41.6,False,0,0,0,0,0,Remy Vivaldi,False
2891_02,Mars,False,C/27/P,PSO J318.5-22,28.2,False,535,1072,330,364,10,Hiro Tanaka,False
2892_01,Mars,False,G/43/P,PSO J318.5-22,29.2,False,1471,717,1055,326,73,Hiro Tanaka,True
2892_02,Earth,False,F/75/S,TRAPPIST-1e,24.7,False,250,449,905,354,532,Jordan Benson,False
2893_01,Earth,False,C/183/S,TRAPPIST-1e,20.0,False,511,1361,584,373,1117,Hiro Tanaka,False
2893_02,Earth,False,D/48/S,TRAPPIST-1e,35.6,False,131,909,52,228,639,Priya Kaur,False
2894_01,Earth,True,F/54/S,TRAPPIST-1e,30.9,False,0,0,0,0,0,Priya Kaur,False
2894_02,Mars,False,F/175/S,TRAPPIST-1e,46.9,False,494,852,670,1256,1094,Mila Benson,True
2895_01,Earth,False,D/124/S,55 Cancri e,26.0,False,331,1039,665,668,1116,Hiro Tanaka,False
2895_02,Europa,True,B/185/P,TRAPPIST-1e,36.3,False,0,0,0,0,0,Leo Stark,True
2896_01,Mars,True,D/121/S,TRAPPIST-1e,49.4,False,0,0,0,0,0,Hiro Tanaka,False
2896_02,Earth,True,E/79/S,TRAPPIST-1e,28.1,False,0,0,0,0,0,Lara Xel'Naga,True
2897_01,Europa,False,C/77/P,55 Cancri e,28.5,False,871,1458,932,269,870,Priya Kaur,True
2897_02,Europa,False,E/72/P,TRAPPIST-1e,21.3,False,1091,1053,315,736,163,Leo Stark,False
2898_01,Europa,False,D/130/S,PSO J318.5-22,24.0,False,431,667,633,1286,521,Priya Kaur,False
2898_02,Mars,False,E/21/S,TRAPPIST-1e,29.7,False,963,1195,357,1036,724,Remy Vivaldi,False
2899_01,Earth,False,E/74/P,PSO J318.5-22,21.2,False,1183,638,559,1284,572,Kai Vega,True
2899_02,Earth,True,A/116/P,TRAPPIST-1e,19.9,False,0,0,0,0,0,Nova Stark,True
2900_01,Mars,False,A/16/S,TRAPPIST-1e,19.0,False,601,279,116,609,1185,Aria Lin,True
2900_02,Mars,True,A/117/S,TRAPPIST-1e,21.3,False,0,0,0,0,0,Remy Vivaldi,True
2901_01,Earth,False,A/62/S,55 Cancri e,7.8,False,915,1320,1381,517,377,Priya Kaur,False
2901_02,Earth,True,D/134/P,PSO J318.5-22,30.0,False,0,0,0,0,0,Priya Kaur,True
2902_01,Mars,False,D/118/P,PSO J318.5-22,16.0,False,552,168,514,1387,429,Mila Benson,True
2902_02,Europa,False,E/56/P,TRAPPIST-1e,38.2,False,568,82,329,690,1156,Ilya Komarov,False
2903_01,Mars,False,C/198/S,TRAPPIST-1e,49.2,False,343,1117,1405,761,1318,Ilya Komarov,False
2903_02,Earth,False,B/105/S,PSO J318.5-22,22.7,False,197,78,677,550,819,Priya Kaur,False
2904_01,Mars,False,G/58/S,TRAPPIST-1e,44.7,False,988,893,158,738,556,Jordan Benson,True
2904_02,Earth,True,G/105/P,TRAPPIST-1e,49.0,False,0,0,0,0,0,Hiro Tanaka,True
2905_01,Earth,True,C/104/S,TRAPPIST-1e,19.4,False,0,0,0,0,0,Kai Vega,True
2905_02,Mars,True,C/58/S,TRAPPIST-1e,27.5,False,0,0,0,0,0,Remy Vivaldi,False
2906_01,Mars,False,C/27/P,TRAPPIST-1e,18.5,False,784,6,1256,803,767,Leo Stark,True
2906_02,Mars,False,G/20/P,55 Cancri e,26.3,False,578,1100,488,925,86,Kai Vega,False
2907_01,Earth,False,A/173/P,TRAPPIST-1e,30.5,False,583,201,570,1299,220,Leo Stark,False
2907_02,Earth,False,D/135/S,PSO J318.5-22,45.7,False,156,1204,128,1266,1195,Mila Benson,True
2908_01,Earth,False,B/49/P,TRAPPIST-1e,17.2,False,496,192,877,389,496,Kai Vega,True
2908_02,Earth,False,A/81/S,TRAPPIST-1e,20.1,False,963,805,128,1020,552,Kai Vega,False
2909_01,Earth,False,E/107/P,PSO J318.5-22,24.5,False,764,1238,286,767,924,Ilya Komarov,False
2909_02,Europa,False,E/191/P,TRAPPIST-1e,23.6,False,368,1492,898,1209,1497,Nova Stark,False
2910_01,Europa,False,B/6/P,55 Cancri e,31.4,False,534,78,1054,508,970,Nova Stark,False
2910_02,Mars,True,G/184/P,55 Cancri e,25.1,False,0,0,0,0,0,Ethan Zhao,True
2911_01,Earth,False,C/17/P,TRAPPIST-1e,5.7,False,1394,286,1199,122,1254,Kai Vega,True
2911_02,Europa,False,D/63/P,PSO J318.5-22,25.4,False,554,1003,3,411,249,Lara Xel'Naga,True
2912_01,Europa,False,C/180/S,TRAPPIST-1e,20.3,False,1356,452,157,836,1013,Jordan Benson,True
2912_02,Europa,False,B/195/S,PSO J318.5-22,27.6,False,1293,1441,1463,1052,977,Ilya Komarov,False
2913_01,Mars,True,F/14/P,PSO J318.5-22,24.8,False,0,0,0,0,0,Priya Kaur,True
2913_02,Europa,False,E/30/S,PSO J318.5-22,37.5,False,748,833,1138,807,757,Nova Stark,False
2914_01,Earth,False,F/68/P,TRAPPIST-1e,33.1,False,52,717,1218,1328,344,Leo Stark,True
2914_02,Mars,False,D/192/P,55 Cancri e,37.3,False,1105,0,166,316,1206,Priya Kaur,True
2915_01,Europa,True,E/73/S,TRAPPIST-1e,27.9,False,0,0,0,0,0,Remy Vivaldi,True
2915_02,Earth,False,D/173/S,PSO J318.5-22,38.1,False,372,1385,899,200,1215,Ethan Zhao,False
2916_01,Mars,False,E/36/S,TRAPPIST-1e,24.0,False,139,305,1219,1084,359,Aria Lin,False
2916_02,Europa,True,F/90/P,TRAPPIST-1e,32.9,False,0,0,0,0,0,Hiro Tanaka,True
2917_01,Europa,False,A/25/S,PSO J318.5-22,31.0,False,1106,333,516,730,923,Remy Vivaldi,False
2917_02,Earth,False,G/1/P,TRAPPIST-1e,28.9,False,765,1497,1417,784,1403,Kai Vega,False
2918_01,Earth,False,E/65/S,PSO J318.5-22,30.5,False,1386,21,836,959,547,Mila Benson,False
2918_02,Earth,False,A/150/P,PSO J318.5-22,23.3,False,249,660,951,1096,1114,Remy Vivaldi,True
2919_01,Mars,False,A/121/S,TRAPPIST-1e,31.2,True,1269,610,1294,1009,43,Nova Stark,False
2919_02,Europa,True,A/62/S,PSO J318.5-22,20.6,False,0,0,0,0,0,Aria Lin,True
2920_01,Earth,False,B/100/P,TRAPPIST-1e,19.0,False,1191,434,1053,793,356,Aria Lin,False
2920_02,Europa,False,C/186/S,TRAPPIST-1e,35.7,False,1271,252,784,720,1405,Kai Vega,False
2921_01,Mars,False,C/188/S,55 Cancri e,0.0,False,899,1442,122,1317,684,Remy Vivaldi,False
2921_02,Europa,False,C/54/P,TRAPPIST-1e,22.6,False,142,1002,937,510,56,Nova Stark,True
2922_01,Mars,False,C/196/S,55 Cancri e,20.4,False,1439,848,181,983,1287,Lara Xel'Naga,False
2922_02,Mars,False,A/174/S,55 Cancri e,30.8,False,1233,522,181,1467,250,Priya Kaur,True
2923_01,Mars,False,A/175/P,55 Cancri e,38.8,False,882,86,292,91,207,Leo Stark,False
2923_02,Europa,False,G/197/S,TRAPPIST-1e,31.1,False,1227,185,1108,155,292,Aria Lin,False
2924_01,Earth,False,G/75/S,55 Cancri e,29.3,False,850,155,142,1307,561,Nova Stark,False
2924_02,Mars,False,A/54/P,55 Cancri e,38.9,False,34,223,667,392,407,Priya Kaur,False
2925_01,Mars,False,E/116/S,TRAPPIST-1e,31.4,False,296,322,38,504,752,Priya Kaur,False
2925_02,Europa,True,D/88/P,TRAPPIST-1e,32.0,False,0,0,0,0,0,Hiro Tanaka,False
2926_01,Mars,False,B/149/P,PSO J318.5-22,38.9,False,1365,239,686,1468,739,Kai Vega,False
2926_02,Earth,False,D/49/P,TRAPPIST-1e,23.8,False,996,486,764,1434,622,Aria Lin,False
2927_01,Europa,True,F/123/P,PSO J318.5-22,20.9,False,0,0,0,0,0,Ilya Komarov,True
2927_02,Mars,False,F/173/P,TRAPPIST-1e,18.0,False,732,1000,303,1311,663,Mila Benson,False
2928_01,Europa,False,B/157/P,PSO J318.5-22,31.2,False,1447,790,646,208,1150,Aria Lin,True
2928_02,Earth,False,A/164/S,55 Cancri e,18.0,False,1316,518,1245,76,337,Kai Vega,False
2929_01,Earth,False,E/57/S,TRAPPIST-1e,21.7,False,1470,1180,571,1207,423,Leo Stark,False
2929_02,Europa,False,E/64/P,PSO J318.5-22,51.5,False,672,1039,925,97,299,Remy Vivaldi,True
2930_01,Earth,True,D/21/P,TRAPPIST-1e,38.7,False,0,0,0,0,0,Lara Xel'Naga,False
2930_02,Earth,True,D/76/P,PSO J318.5-22,26.7,False,0,0,0,0,0,Leo Stark,True
2931_01,Earth,True,A/141/S,TRAPPIST-1e,34.7,False,0,0,0,0,0,Lara Xel'Naga,True
2931_02,Europa,True,D/126/P,TRAPPIST-1e,21.6,False,0,0,0,0,0,Kai Vega,True
2932_01,Europa,True,C/122/P,TRAPPIST-1e,32.8,False,0,0,0,0,0,Leo Stark,True
2932_02,Mars,False,B/126/S,55 Cancri e,23.2,False,11,72,1015,873,405,Hiro Tanaka,True
2933_01,Earth,True,A/11/P,55 Cancri e,47.9,False,0,0,0,0,0,Hiro Tanaka,True
2933_02,Europa,True,E/137/P,PSO J318.5-22,34.9,False,0,0,0,0,0,Jordan Benson,True
2934_01,Europa,False,D/70/S,PSO J318.5-22,32.0,False,504,356,153,1241,485,Leo Stark,False
2934_02,Mars,False,D/194/S,55 Cancri e,34.5,False,1153,65,1167,379,1336,Remy Vivaldi,False
2935_01,Earth,False,D/187/S,PSO J318.5-22,43.9,False,614,1432,313,548,1272,Ethan Zhao,False
2935_02,Europa,False,E/22/P,55 Cancri e,19.9,False,460,398,450,470,1457,Ethan Zhao,False
2936_01,Europa,True,G/124/S,55 Cancri e,27.8,False,0,0,0,0,0,Leo Stark,True
2936_02,Earth,False,E/2/S,TRAPPIST-1e,24.5,False,327,600,245,1081,104,Remy Vivaldi,True
2937_01,Earth,True,E/140/P,TRAPPIST-1e,47.3,False,0,0,0,0,0,Mila Benson,True
2937_02,Earth,False,G/120/S,TRAPPIST-1e,38.3,False,1325,152,1058,956,1038,Nova Stark,True
2938_01,Europa,False,D/75/P,55 Cancri e,39.7,False,855,284,1220,279,786,Lara Xel'Naga,False
2938_02,Earth,False,G/37/P,TRAPPIST-1e,32.8,False,685,968,1176,290,931,Nova Stark,False
2939_01,Earth,False,B/100/P,PSO J318.5-22,22.6,False,1055,25,254,1079,292,Mila Benson,False
2939_02,Earth,False,F/67/P,55 Cancri e,22.1,False,636,229,52,953,100,Priya Kaur,False
2940_01,Europa,True,B/198/S,55 Cancri e,23.8,True,0,0,0,0,0,Kai Vega,True
2940_02,Earth,True,C/175/S,55 Cancri e,30.2,False,0,0,0,0,0,Jordan Benson,True
2941_01,Earth,False,E/28/P,55 Cancri e,39.7,False,528,387,13,518,1245,Jordan Benson,False
2941_02,Europa,False,D/110/P,TRAPPIST-1e,41.5,False,615,961,402,286,383,Nova Stark,True
2942_01,Mars,False,G/168/S,TRAPPIST-1e,30.8,False,311,1460,725,42,1097,Ilya Komarov,False
2942_02,Mars,False,E/166/S,TRAPPIST-1e,23.7,False,753,992,875,1339,733,Ethan Zhao,False
2943_01,Earth,True,B/90/S,55 Cancri e,22.1,False,0,0,0,0,0,Nova Stark,True
2943_02,Mars,True,B/88/P,TRAPPIST-1e,16.0,False,0,0,0,0,0,Leo Stark,True
2944_01,Mars,False,D/184/S,PSO J318.5-22,52.3,False,270,62,1007,795,1427,Hiro Tanaka,False
2944_02,Mars,False,D/9/P,PSO J318.5-22,22.7,False,224,160,1059,380,317,Aria Lin,False
2945_01,Europa,False,G/8/P,TRAPPIST-1e,36.8,False,1403,1245,1304,224,1480,Mila Benson,False
2945_02,Mars,False,A/174/S,PSO J318.5-22,33.7,False,1177,279,1376,1062,728,Nova Stark,False
2946_01,Europa,True,E/98/P,TRAPPIST-1e,29.0,False,0,0,0,0,0,Aria Lin,True
2946_02,Mars,True,F/152/S,TRAPPIST-1e,31.1,False,0,0,0,0,0,Nova Stark,True
2947_01,Europa,False,F/89/P,TRAPPIST-1e,32.1,False,1221,1299,1195,783,507,Priya Kaur,False
2947_02,Earth,False,G/175/P,55 Cancri e,26.1,False,404,1294,771,663,130,Ethan Zhao,False
2948_01,Earth,False,F/187/S,TRAPPIST-1e,24.5,False,1418,1283,280,1379,419,Remy Vivaldi,True
2948_02,Europa,False,C/22/P,TRAPPIST-1e,18.6,False,1215,636,1451,807,347,Kai Vega,False
2949_01,Earth,False,C/112/P,PSO J318.5-22,39.1,False,939,401,1070,664,749,Priya Kaur,False
2949_02,Europa,False,G/64/S,55 Cancri e,27.0,False,1448,959,636,878,1351,Ethan Zhao,True
2950_01,Europa,False,D/37/P,55 Cancri e,27.4,False,1246,860,1320,915,450,Kai Vega,True
2950_02,Europa,False,D/78/P,PSO J318.5-22,9.6,False,1366,340,1484,1415,420,Lara Xel'Naga,False
2951_01,Earth,False,E/124/P,PSO J318.5-22,50.2,False,1027,315,1101,530,354,Aria Lin,True
2951_02,Earth,True,F/44/P,55 Cancri e,28.9,False,0,0,0,0,0,Kai Vega,True
2952_01,Earth,False,D/123/P,TRAPPIST-1e,32.9,False,1162,1295,1219,126,348,Lara Xel'Naga,False
2952_02,Earth,True,G/144/S,TRAPPIST-1e,27.7,False,0,0,0,0,0,Remy Vivaldi,True
2953_01,Earth,False,E/114/S,TRAPPIST-1e,17.1,False,243,8,711,845,1102,Ilya Komarov,False
2953_02,Europa,True,G/34/S,TRAPPIST-1e,53.2,False,0,0,0,0,0,Leo Stark,True
2954_01,Earth,False,A/106/P,TRAPPIST-1e,37.0,False,270,512,1043,129,837,Jordan Benson,False
2954_02,Earth,False,F/37/S,TRAPPIST-1e,26.7,False,769,1030,851,936,1333,Ilya Komarov,True
2955_01,Europa,False,A/161/P,TRAPPIST-1e,9.4,False,1125,337,318,1048,720,Ilya Komarov,True
2955_02,Earth,False,A/125/S,55 Cancri e,37.5,False,1453,142,656,1172,1078,Ilya Komarov,False
2956_01,Earth,True,F/64/P,TRAPPIST-1e,26.8,False,0,0,0,0,0,Mila Benson,True
2956_02,Europa,True,C/156/S,55 Cancri e,33.0,False,0,0,0,0,0,Lara Xel'Naga,False
2957_01,Mars,True,G/194/P,TRAPPIST-1e,6.2,False,0,0,0,0,0,Aria Lin,True
2957_02,Mars,False,C/28/S,55 Cancri e,31.9,False,262,1099,1319,1201,765,Nova Stark,False
2958_01,Earth,False,A/27/P,TRAPPIST-1e,18.3,False,985,1152,512,628,971,Kai Vega,False
2958_02,Mars,False,E/165/P,PSO J318.5-22,34.1,False,1172,1292,652,1128,465,Hiro Tanaka,False
2959_01,Europa,True,G/81/S,TRAPPIST-1e,21.9,False,0,0,0,0,0,Ethan Zhao,True
2959_02,Earth,True,D/19/P,55 Cancri e,35.6,False,0,0,0,0,0,Ethan Zhao,True
2960_01,Earth,False,E/87/P,PSO J318.5-22,45.9,True,793,899,1381,674,1008,Hiro Tanaka,True
2960_02,Mars,True,D/146/S,TRAPPIST-1e,52.7,False,0,0,0,0,0,Mila Benson,True
2961_01,Earth,False,G/138/P,TRAPPIST-1e,32.2,False,1280,1117,323,790,1385,Mila Benson,False
2961_02,Earth,False,E/159/S,TRAPPIST-1e,44.8,False,1374,1085,186,914,541,Kai Vega,True
2962_01,Europa,False,D/108/S,TRAPPIST-1e,23.0,False,961,1157,959,916,992,Leo Stark,False
2962_02,Mars,False,B/135/P,TRAPPIST-1e,28.4,False,914,1242,420,318,1180,Leo Stark,False
2963_01,Earth,False,A/4/P,TRAPPIST-1e,38.0,False,303,1112,916,1185,921,Mila Benson,False
2963_02,Earth,False,G/142/P,TRAPPIST-1e,27.1,False,1059,1250,150,592,46,Mila Benson,True
2964_01,Earth,False,B/140/S,55 Cancri e,41.2,False,230,1001,164,723,819,Aria Lin,True
2964_02,Europa,False,F/40/P,PSO J318.5-22,19.0,False,1089,1103,139,399,129,Mila Benson,False
2965_01,Earth,False,E/17/S,55 Cancri e,22.5,False,798,1362,1422,1462,288,Lara Xel'Naga,True
2965_02,Europa,False,D/166/S,TRAPPIST-1e,26.2,False,1275,976,99,421,642,Kai Vega,True
2966_01,Europa,True,E/144/P,55 Cancri e,26.9,True,0,0,0,0,0,Aria Lin,False
2966_02,Mars,False,E/170/P,PSO J318.5-22,25.5,False,722,1030,418,379,507,Lara Xel'Naga,False
2967_01,Mars,True,E/197/P,TRAPPIST-1e,31.5,False,0,0,0,0,0,Ethan Zhao,False
2967_02,Earth,False,G/164/S,PSO J318.5-22,48.7,False,850,975,613,468,92,Hiro Tanaka,False
2968_01,Europa,True,E/37/P,TRAPPIST-1e,34.6,False,0,0,0,0,0,Priya Kaur,True
2968_02,Mars,False,B/132/P,TRAPPIST-1e,37.5,False,762,988,478,876,166,Remy Vivaldi,False
2969_01,Europa,True,D/21/P,TRAPPIST-1e,29.5,False,0,0,0,0,0,Priya Kaur,True
2969_02,Earth,True,F/39/S,TRAPPIST-1e,27.2,False,0,0,0,0,0,Hiro Tanaka,True
2970_01,Europa,True,G/174/S,TRAPPIST-1e,18.0,False,0,0,0,0,0,Hiro Tanaka,True
2970_02,Europa,True,A/48/S,55 Cancri e,27.7,False,0,0,0,0,0,Priya Kaur,True
2971_01,Europa,False,C/85/S,55 Cancri e,34.9,False,592,685,962,986,1075,Jordan Benson,False
2971_02,Europa,False,D/161/P,55 Cancri e,24.1,False,1313,445,236,1303,1067,Priya Kaur,False
2972_01,Europa,False,E/66/P,TRAPPIST-1e,36.2,False,358,645,689,461,100,Lara Xel'Naga,False
2972_02,Mars,False,E/102/S,PSO J318.5-22,30.1,False,691,983,1484,768,267,Mila Benson,False
2973_01,Mars,False,A/15/P,TRAPPIST-1e,36.7,False,467,258,508,308,1296,Mila Benson,True
2973_02,Mars,True,B/196/S,55 Cancri e,17.4,False,0,0,0,0,0,Lara Xel'Naga,True
2974_01,Europa,True,C/179/S,PSO J318.5-22,29.1,False,0,0,0,0,0,Mila Benson,True
2974_02,Mars,True,G/154/P,TRAPPIST-1e,16.2,False,0,0,0,0,0,Ethan Zhao,True
2975_01,Earth,True,B/98/P,TRAPPIST-1e,35.8,False,0,0,0,0,0,Kai Vega,True
2975_02,Europa,True,D/174/P,TRAPPIST-1e,29.2,False,0,0,0,0,0,Nova Stark,True
2976_01,Europa,True,F/115/P,TRAPPIST-1e,18.0,False,0,0,0,0,0,Leo Stark,True
2976_02,Mars,False,D/177/S,TRAPPIST-1e,31.6,False,103,1259,1116,200,898,Priya Kaur,False
2977_01,Earth,False,B/14/P,TRAPPIST-1e,25.6,False,1058,1140,687,1481,1494,Aria Lin,False
2977_02,Earth,False,A/173/P,TRAPPIST-1e,30.7,False,919,787,398,596,116,Leo Stark,True
2978_01,Europa,False,F/198/P,55 Cancri e,13.4,True,766,1254,1226,361,394,Kai Vega,False
2978_02,Earth,True,B/41/P,TRAPPIST-1e,30.4,False,0,0,0,0,0,Hiro Tanaka,True
2979_01,Mars,False,B/199/S,55 Cancri e,14.8,False,760,655,355,1424,240,Lara Xel'Naga,False
2979_02,Mars,False,D/93/S,TRAPPIST-1e,39.2,False,1364,228,620,930,854,Priya Kaur,False
2980_01,Earth,False,E/93/P,PSO J318.5-22,22.5,False,219,1105,560,1043,1350,Leo Stark,True
2980_02,Mars,False,B/169/S,TRAPPIST-1e,45.9,False,1060,381,38,1132,428,Priya Kaur,False
2981_01,Earth,True,A/45/S,TRAPPIST-1e,20.1,False,0,0,0,0,0,Aria Lin,True
2981_02,Earth,True,D/160/S,TRAPPIST-1e,27.3,False,0,0,0,0,0,Aria Lin,True
2982_01,Mars,True,D/2/S,TRAPPIST-1e,18.2,False,0,0,0,0,0,Kai Vega,True
2982_02,Earth,False,D/55/P,55 Cancri e,38.3,True,105,481,205,1270,834,Hiro Tanaka,False
2983_01,Europa,True,A/134/P,55 Cancri e,23.6,False,0,0,0,0,0,Jordan Benson,True
2983_02,Europa,False,G/94/S,TRAPPIST-1e,17.3,False,1194,142,206,1486,508,Lara Xel'Naga,True
2984_01,Mars,False,F/49/P,PSO J318.5-22,19.1,False,28,1213,187,1173,524,Jordan Benson,False
2984_02,Europa,False,D/185/P,TRAPPIST-1e,27.8,False,945,1389,156,79,1296,Jordan Benson,False
2985_01,Mars,False,G/118/S,TRAPPIST-1e,28.9,False,231,159,343,1312,204,Kai Vega,False
2985_02,Earth,False,E/85/P,55 Cancri e,35.4,False,994,837,304,1383,669,Kai Vega,True
2986_01,Mars,False,C/121/S,PSO J318.5-22,15.9,False,1105,341,985,951,1444,Aria Lin,False
2986_02,Mars,False,E/137/P,PSO J318.5-22,31.0,False,48,205,1241,1459,790,Jordan Benson,False
2987_01,Europa,True,E/171/S,55 Cancri e,42.8,False,0,0,0,0,0,Ethan Zhao,True
2987_02,Europa,True,C/49/P,PSO J318.5-22,23.6,False,0,0,0,0,0,Nova Stark,True
2988_01,Earth,False,D/145/P,PSO J318.5-22,41.9,False,632,215,96,954,1142,Nova Stark,True
2988_02,Earth,True,D/6/S,TRAPPIST-1e,42.3,False,0,0,0,0,0,Ilya Komarov,True
2989_01,Earth,False,G/137/S,TRAPPIST-1e,16.3,False,322,999,267,486,877,Priya Kaur,False
2989_02,Mars,False,C/96/P,PSO J318.5-22,46.8,False,678,1183,13,1003,704,Priya Kaur,True
2990_01,Earth,False,B/116/P,TRAPPIST-1e,32.5,False,1216,1334,620,1014,464,Ethan Zhao,False
2990_02,Mars,False,C/28/P,PSO J318.5-22,25.8,False,1186,350,233,402,350,Ethan Zhao,False
2991_01,Earth,False,B/52/P,TRAPPIST-1e,18.7,False,619,1465,875,1234,542,Mila Benson,False
2991_02,Earth,True,C/128/P,TRAPPIST-1e,19.9,False,0,0,0,0,0,Lara Xel'Naga,False
2992_01,Mars,True,B/86/P,TRAPPIST-1e,27.9,False,0,0,0,0,0,Priya Kaur,False
2992_02,Earth,True,F/15/P,TRAPPIST-1e,25.8,False,0,0,0,0,0,Kai Vega,True
2993_01,Earth,True,F/20/P,TRAPPIST-1e,33.4,True,0,0,0,0,0,Aria Lin,False
2993_02,Mars,True,C/71/P,TRAPPIST-1e,40.2,False,0,0,0,0,0,Leo Stark,True
2994_01,Europa,False,F/97/P,TRAPPIST-1e,49.8,False,1251,1499,1491,1124,422,Leo Stark,True
2994_02,Europa,False,B/152/S,TRAPPIST-1e,24.1,False,1379,1162,1154,548,467,Nova Stark,True
2995_01,Mars,False,A/69/P,TRAPPIST-1e,26.9,False,761,1265,719,879,681,Jordan Benson,False
2995_02,Europa,True,D/130/S,TRAPPIST-1e,24.0,False,0,0,0,0,0,Ethan Zhao,True
2996_01,Earth,False,B/100/P,PSO J318.5-22,61.2,False,1431,1198,600,1158,293,Lara Xel'Naga,False
2996_02,Earth,False,F/121/P,TRAPPIST-1e,15.9,False,870,1442,1229,1341,72,Nova Stark,False
2997_01,Mars,False,B/12/S,TRAPPIST-1e,6.4,False,1248,1128,355,1284,570,Remy Vivaldi,False
2997_02,Earth,True,F/136/P,55 Cancri e,36.0,False,0,0,0,0,0,Aria Lin,True
2998_01,Earth,True,D/10/S,55 Cancri e,29.9,False,0,0,0,0,0,Aria Lin,True
2998_02,Earth,False,C/103/P,55 Cancri e,46.4,False,446,782,1280,908,943,Priya Kaur,True
2999_01,Europa,True,C/54/S,TRAPPIST-1e,29.3,False,0,0,0,0,0,Leo Stark,True
2999_02,Earth,True,C/184/S,55 Cancri e,20.7,False,0,0,0,0,0,Remy Vivaldi,False
3000_01,Earth,False,A/118/P,TRAPPIST-1e,31.3,False,423,394,449,1280,953,Mila Benson,False
3000_02,Earth,True,C/117/S,TRAPPIST-1e,23.4,False,0,0,0,0,0,Nova Stark,True
3001_01,Mars,False,D/89/S,55 Cancri e,21.8,False,1403,442,966,891,533,Hiro Tanaka,False
3001_02,Europa,True,D/83/S,55 Cancri e,35.0,False,0,0,0,0,0,Ethan Zhao,True
3002_01,Earth,True,B/75/P,TRAPPIST-1e,21.2,False,0,0,0,0,0,Mila Benson,True
3002_02,Earth,False,E/27/P,55 Cancri e,18.9,False,979,461,708,453,1493,Ilya Komarov,False
3003_01,Earth,False,B/98/P,TRAPPIST-1e,6.0,False,935,1012,1409,977,660,Aria Lin,False
3003_02,Earth,False,F/38/P,TRAPPIST-1e,22.3,False,1366,902,444,51,1274,Jordan Benson,True
3004_01,Earth,True,E/106/P,TRAPPIST-1e,34.4,True,0,0,0,0,0,Lara Xel'Naga,True
3004_02,Earth,True,B/67/P,TRAPPIST-1e,30.2,False,0,0,0,0,0,Mila Benson,True
3005_01,Europa,True,F/15/P,TRAPPIST-1e,34.8,False,0,0,0,0,0,Lara Xel'Naga,True
3005_02,Europa,True,F/173/P,TRAPPIST-1e,10.9,False,0,0,0,0,0,Nova Stark,True
3006_01,Europa,False,E/25/P,TRAPPIST-1e,29.1,False,124,203,767,642,1044,Lara Xel'Naga,False
3006_02,Mars,True,D/106/P,55 Cancri e,30.3,False,0,0,0,0,0,Ethan Zhao,True
3007_01,Earth,False,D/97/S,TRAPPIST-1e,39.7,False,360,1139,54,291,1074,Priya Kaur,False
3007_02,Europa,False,D/149/S,TRAPPIST-1e,26.2,False,841,784,253,491,984,Kai Vega,True
3008_01,Earth,True,D/11/P,TRAPPIST-1e,23.2,False,0,0,0,0,0,Remy Vivaldi,True
3008_02,Earth,False,B/32/S,55 Cancri e,18.6,False,960,224,1492,102,969,Ethan Zhao,True
3009_01,Earth,False,G/51/S,TRAPPIST-1e,22.4,False,521,12,444,339,1347,Kai Vega,False
3009_02,Europa,False,E/121/S,55 Cancri e,12.5,False,597,156,655,1002,1454,Ethan Zhao,False
3010_01,Europa,False,E/40/P,TRAPPIST-1e,23.4,False,797,490,834,951,356,Hiro Tanaka,True
3010_02,Earth,False,E/58/P,55 Cancri e,19.3,False,716,361,1247,1227,7,Jordan Benson,True
3011_01,Earth,True,B/56/S,55 Cancri e,41.7,False,0,0,0,0,0,Leo Stark,True
3011_02,Europa,True,E/181/S,TRAPPIST-1e,25.4,False,0,0,0,0,0,Aria Lin,True
3012_01,Earth,True,B/80/S,TRAPPIST-1e,25.0,False,0,0,0,0,0,Lara Xel'Naga,True
3012_02,Mars,False,F/7/P,55 Cancri e,34.6,False,1323,1488,613,688,897,Ethan Zhao,False
3013_01,Earth,True,B/178/P,TRAPPIST-1e,25.9,False,0,0,0,0,0,Ilya Komarov,True
3013_02,Mars,False,G/88/P,TRAPPIST-1e,43.3,False,1152,964,870,1160,648,Ilya Komarov,False
3014_01,Europa,False,E/21/P,TRAPPIST-1e,2.8,False,1174,245,1133,797,1298,Mila Benson,False
3014_02,Europa,True,E/124/S,55 Cancri e,28.2,False,0,0,0,0,0,Priya Kaur,True
3015_01,Earth,False,D/34/P,TRAPPIST-1e,14.6,False,514,225,577,505,154,Aria Lin,True
3015_02,Earth,False,E/108/P,55 Cancri e,17.8,False,110,482,807,273,154,Kai Vega,False
3016_01,Earth,False,D/73/S,PSO J318.5-22,14.8,False,293,644,1485,337,451,Nova Stark,True
3016_02,Europa,True,E/64/S,PSO J318.5-22,18.5,False,0,0,0,0,0,Nova Stark,True
3017_01,Europa,False,E/35/P,55 Cancri e,42.2,False,84,736,659,1412,226,Aria Lin,True
3017_02,Earth,False,B/174/S,PSO J318.5-22,36.5,False,1309,1307,108,134,937,Kai Vega,False
3018_01,Earth,False,F/171/P,PSO J318.5-22,19.6,False,821,1052,393,26,1490,Nova Stark,False
3018_02,Earth,False,A/37/S,PSO J318.5-22,43.9,False,12,553,932,444,223,Leo Stark,False
3019_01,Mars,True,F/146/S,TRAPPIST-1e,36.3,False,0,0,0,0,0,Hiro Tanaka,True
3019_02,Mars,True,B/109/S,TRAPPIST-1e,54.6,False,0,0,0,0,0,Nova Stark,True
3020_01,Europa,True,D/82/S,PSO J318.5-22,27.8,False,0,0,0,0,0,Lara Xel'Naga,False
3020_02,Europa,True,B/77/P,PSO J318.5-22,13.8,False,0,0,0,0,0,Remy Vivaldi,True
3021_01,Mars,True,G/183/S,TRAPPIST-1e,26.6,False,0,0,0,0,0,Mila Benson,True
3021_02,Earth,False,D/137/P,PSO J318.5-22,46.8,False,639,1236,662,960,179,Hiro Tanaka,False
3022_01,Europa,False,F/20/P,TRAPPIST-1e,27.6,False,1368,576,762,921,1044,Lara Xel'Naga,False
3022_02,Europa,False,E/114/S,55 Cancri e,35.7,False,744,1431,1439,1295,1228,Mila Benson,False
3023_01,Europa,False,D/75/S,TRAPPIST-1e,30.3,False,1131,636,1023,151,12,Aria Lin,False
3023_02,Earth,True,F/189/P,55 Cancri e,33.0,False,0,0,0,0,0,Ethan Zhao,True
3024_01,Earth,False,A/35/S,TRAPPIST-1e,12.7,False,1192,248,1144,386,438,Mila Benson,False
3024_02,Europa,False,B/27/P,PSO J318.5-22,12.8,False,1295,299,720,472,1181,Kai Vega,False
3025_01,Europa,True,C/66/P,TRAPPIST-1e,31.0,False,0,0,0,0,0,Ethan Zhao,True
3025_02,Earth,False,F/19/S,55 Cancri e,37.8,False,955,972,23,537,776,Mila Benson,True
3026_01,Europa,True,F/107/S,TRAPPIST-1e,26.4,False,0,0,0,0,0,Jordan Benson,True
3026_02,Earth,False,F/71/P,TRAPPIST-1e,21.6,True,902,1151,1117,420,1295,Nova Stark,False
3027_01,Earth,True,C/187/S,55 Cancri e,19.9,False,0,0,0,0,0,Leo Stark,True
3027_02,Europa,False,G/92/P,TRAPPIST-1e,23.9,False,242,773,419,424,79,Priya Kaur,True
3028_01,Earth,False,A/146/S,TRAPPIST-1e,34.3,False,292,716,1139,528,479,Lara Xel'Naga,False
3028_02,Mars,True,B/17/S,PSO J318.5-22,18.8,False,0,0,0,0,0,Leo Stark,True
3029_01,Earth,True,A/182/S,TRAPPIST-1e,29.5,False,0,0,0,0,0,Ilya Komarov,False
3029_02,Earth,True,C/158/P,TRAPPIST-1e,22.8,False,0,0,0,0,0,Leo Stark,True
3030_01,Mars,False,A/162/S,PSO J318.5-22,40.2,False,637,357,1299,689,343,Lara Xel'Naga,False
3030_02,Mars,True,G/179/P,55 Cancri e,21.2,False,0,0,0,0,0,Jordan Benson,True
3031_01,Earth,False,C/188/P,55 Cancri e,49.3,False,438,1485,1293,1454,1044,Kai Vega,False
3031_02,Europa,False,C/6/S,PSO J318.5-22,29.1,False,142,867,352,1488,1016,Ethan Zhao,False
3032_01,Europa,False,C/197/P,TRAPPIST-1e,22.6,False,1417,918,1081,1149,840,Jordan Benson,False
3032_02,Europa,False,E/148/P,TRAPPIST-1e,32.9,False,877,1484,51,1011,813,Hiro Tanaka,False
3033_01,Europa,False,C/198/P,TRAPPIST-1e,43.4,False,823,4,356,1366,203,Hiro Tanaka,False
3033_02,Earth,True,F/160/S,PSO J318.5-22,37.1,False,0,0,0,0,0,Hiro Tanaka,True
3034_01,Europa,False,F/48/S,TRAPPIST-1e,27.4,False,496,701,836,62,238,Nova Stark,False
3034_02,Earth,False,G/92/S,PSO J318.5-22,26.6,False,539,197,780,29,665,Ethan Zhao,False
3035_01,Earth,True,D/67/P,55 Cancri e,22.4,False,0,0,0,0,0,Ethan Zhao,True
3035_02,Europa,False,G/112/S,55 Cancri e,34.8,False,1456,1331,1489,1130,599,Jordan Benson,True
3036_01,Earth,False,B/145/P,PSO J318.5-22,19.2,False,76,728,1192,813,1152,Lara Xel'Naga,False
3036_02,Earth,True,D/127/S,55 Cancri e,41.9,False,0,0,0,0,0,Remy Vivaldi,True
3037_01,Mars,False,A/3/S,TRAPPIST-1e,41.5,False,418,869,1184,1081,383,Lara Xel'Naga,True
3037_02,Earth,False,G/58/S,TRAPPIST-1e,7.4,False,802,509,429,1363,577,Remy Vivaldi,True
3038_01,Europa,True,C/117/P,TRAPPIST-1e,33.5,False,0,0,0,0,0,Aria Lin,True
3038_02,Mars,False,G/182/S,PSO J318.5-22,31.8,False,797,371,927,1059,1290,Jordan Benson,False
3039_01,Earth,False,C/188/P,PSO J318.5-22,36.4,False,1392,260,973,626,578,Aria Lin,False
3039_02,Mars,True,F/144/S,55 Cancri e,38.0,False,0,0,0,0,0,Jordan Benson,False
3040_01,Earth,False,A/173/P,PSO J318.5-22,20.5,True,1021,1226,638,409,832,Hiro Tanaka,True
3040_02,Europa,False,D/101/S,TRAPPIST-1e,25.6,False,1103,112,622,820,1160,Mila Benson,False
3041_01,Mars,True,G/53/P,55 Cancri e,19.0,False,0,0,0,0,0,Nova Stark,True
3041_02,Mars,False,F/127/S,TRAPPIST-1e,31.1,False,276,102,106,756,172,Nova Stark,False
3042_01,Mars,False,F/10/S,TRAPPIST-1e,22.0,False,721,1214,830,224,1346,Mila Benson,False
3042_02,Earth,False,E/48/S,TRAPPIST-1e,37.5,False,133,1060,92,74,755,Hiro Tanaka,False
3043_01,Earth,False,C/111/S,TRAPPIST-1e,35.1,False,626,408,206,1268,1356,Hiro Tanaka,False
3043_02,Earth,False,G/33/S,TRAPPIST-1e,33.2,False,672,1317,1012,747,272,Leo Stark,True
3044_01,Earth,False,E/163/P,55 Cancri e,25.3,False,679,543,732,90,475,Hiro Tanaka,True
3044_02,Europa,False,F/80/P,55 Cancri e,29.0,False,725,1211,1218,533,697,Kai Vega,False
3045_01,Earth,True,A/116/S,TRAPPIST-1e,24.2,False,0,0,0,0,0,Ethan Zhao,True
3045_02,Earth,False,D/113/S,TRAPPIST-1e,30.6,True,76,329,382,1456,376,Ethan Zhao,False
3046_01,Earth,True,G/127/S,PSO J318.5-22,35.6,False,0,0,0,0,0,Ethan Zhao,False
3046_02,Earth,False,C/166/P,TRAPPIST-1e,13.5,False,173,405,81,20,690,Mila Benson,False
3047_01,Earth,False,D/10/P,55 Cancri e,34.2,False,1425,780,893,437,1295,Leo Stark,False
3047_02,Mars,False,G/93/S,55 Cancri e,52.4,False,1303,222,508,1365,616,Remy Vivaldi,False
3048_01,Earth,False,C/64/S,PSO J318.5-22,18.1,False,1297,958,1357,603,1034,Ilya Komarov,True
3048_02,Europa,False,D/1/P,TRAPPIST-1e,17.9,False,151,188,959,675,637,Priya Kaur,True
3049_01,Europa,True,D/139/P,TRAPPIST-1e,22.8,False,0,0,0,0,0,Remy Vivaldi,True
3049_02,Earth,False,G/62/S,TRAPPIST-1e,33.3,False,338,46,819,974,1080,Leo Stark,True
3050_01,Europa,False,E/119/S,55 Cancri e,25.9,False,1169,838,1056,795,1280,Priya Kaur,False
3050_02,Mars,True,D/103/P,55 Cancri e,35.6,True,0,0,0,0,0,Leo Stark,True
3051_01,Earth,False,A/72/P,55 Cancri e,30.9,False,341,47,363,1421,1218,Aria Lin,False
3051_02,Mars,False,D/166/P,TRAPPIST-1e,24.4,False,724,1344,137,354,1093,Ilya Komarov,False
3052_01,Mars,True,A/5/S,TRAPPIST-1e,21.5,False,0,0,0,0,0,Mila Benson,True
3052_02,Mars,True,G/47/S,55 Cancri e,18.9,False,0,0,0,0,0,Nova Stark,True
3053_01,Earth,False,E/82/S,55 Cancri e,18.0,False,868,338,756,595,435,Leo Stark,False
3053_02,Europa,False,B/50/S,TRAPPIST-1e,25.5,False,1473,376,390,480,820,Hiro Tanaka,False
3054_01,Mars,True,B/139/S,55 Cancri e,37.3,False,0,0,0,0,0,Jordan Benson,True
3054_02,Earth,False,B/188/P,PSO J318.5-22,28.1,False,171,17,234,1333,722,Ilya Komarov,False
3055_01,Mars,False,F/10/P,55 Cancri e,37.1,False,1420,417,283,584,1351,Nova Stark,True
3055_02,Europa,False,C/114/S,PSO J318.5-22,47.4,False,1364,621,220,8,1105,Priya Kaur,False
3056_01,Europa,True,F/147/P,TRAPPIST-1e,24.8,False,0,0,0,0,0,Hiro Tanaka,True
3056_02,Mars,False,G/88/P,TRAPPIST-1e,49.1,False,831,776,1405,939,446,Ethan Zhao,False
3057_01,Earth,False,G/41/P,PSO J318.5-22,30.9,False,305,147,848,731,453,Ilya Komarov,False
3057_02,Earth,False,E/105/P,TRAPPIST-1e,33.1,True,937,32,1342,1216,1203,Leo Stark,False
3058_01,Mars,False,D/129/P,PSO J318.5-22,29.7,False,356,572,463,929,98,Ethan Zhao,False
3058_02,Mars,False,B/194/P,55 Cancri e,18.5,False,147,569,726,1339,1001,Kai Vega,False
3059_01,Earth,False,C/185/S,PSO J318.5-22,24.4,False,3,777,106,74,1063,Ethan Zhao,True
3059_02,Europa,False,B/135/P,PSO J318.5-22,37.5,False,638,694,1142,72,551,Leo Stark,False
3060_01,Earth,False,C/76/S,TRAPPIST-1e,40.5,False,1166,1138,1499,883,1156,Ethan Zhao,False
3060_02,Earth,False,B/176/P,TRAPPIST-1e,31.1,False,1191,1268,276,258,45,Remy Vivaldi,True
3061_01,Earth,False,E/27/P,TRAPPIST-1e,29.0,False,1076,1171,1113,232,50,Ethan Zhao,False
3061_02,Mars,False,A/92/P,55 Cancri e,22.5,False,664,1417,1237,450,1362,Aria Lin,False
3062_01,Earth,False,C/82/P,TRAPPIST-1e,21.3,False,877,582,244,549,727,Lara Xel'Naga,False
3062_02,Europa,False,C/70/P,55 Cancri e,29.2,False,638,583,225,826,440,Ilya Komarov,False
3063_01,Earth,False,D/193/S,TRAPPIST-1e,40.0,False,813,245,582,499,981,Mila Benson,False
3063_02,Earth,True,G/35/P,TRAPPIST-1e,33.1,False,0,0,0,0,0,Aria Lin,True
3064_01,Europa,False,D/131/S,55 Cancri e,35.5,False,1387,203,350,318,1382,Nova Stark,False
3064_02,Earth,False,B/192/S,55 Cancri e,40.3,False,939,488,106,653,171,Aria Lin,False
3065_01,Mars,False,F/57/S,55 Cancri e,18.6,False,957,812,527,319,1060,Leo Stark,True
3065_02,Earth,False,D/72/P,TRAPPIST-1e,26.1,False,498,264,907,401,986,Jordan Benson,False
3066_01,Europa,True,E/81/S,55 Cancri e,18.2,False,0,0,0,0,0,Aria Lin,True
3066_02,Europa,False,F/41/S,PSO J318.5-22,25.1,False,185,1404,208,287,87,Kai Vega,False
3067_01,Earth,False,B/179/S,PSO J318.5-22,14.3,False,793,919,154,1486,219,Ilya Komarov,False
3067_02,Earth,False,A/67/S,TRAPPIST-1e,18.5,False,1482,1190,321,690,840,Aria Lin,True
3068_01,Earth,False,C/7/P,TRAPPIST-1e,40.2,False,274,140,624,915,352,Hiro Tanaka,True
3068_02,Mars,False,G/52/S,55 Cancri e,33.1,False,1028,381,1357,474,927,Leo Stark,False
3069_01,Mars,False,F/143/S,55 Cancri e,29.5,False,492,494,387,872,834,Nova Stark,True
3069_02,Earth,True,D/196/P,TRAPPIST-1e,34.0,False,0,0,0,0,0,Remy Vivaldi,True
3070_01,Europa,False,G/33/P,55 Cancri e,24.7,False,806,341,1310,1420,1000,Aria Lin,False
3070_02,Earth,True,B/171/S,55 Cancri e,32.3,False,0,0,0,0,0,Lara Xel'Naga,True
3071_01,Europa,True,F/67/P,TRAPPIST-1e,15.1,False,0,0,0,0,0,Hiro Tanaka,True
3071_02,Mars,False,E/64/S,TRAPPIST-1e,37.1,False,1179,1406,1343,372,530,Nova Stark,True
3072_01,Europa,True,B/47/P,55 Cancri e,27.9,False,0,0,0,0,0,Mila Benson,True
3072_02,Earth,False,D/92/P,PSO J318.5-22,28.9,False,24,933,1144,610,857,Ethan Zhao,False
3073_01,Earth,True,E/187/S,TRAPPIST-1e,28.7,False,0,0,0,0,0,Hiro Tanaka,True
3073_02,Mars,True,G/62/S,PSO J318.5-22,38.8,False,0,0,0,0,0,Priya Kaur,True
3074_01,Mars,False,E/60/S,PSO J318.5-22,10.4,False,1380,127,357,1315,1197,Kai Vega,True
3074_02,Earth,False,E/177/S,PSO J318.5-22,31.7,False,1378,880,1060,1333,916,Nova Stark,False
3075_01,Earth,False,A/40/S,55 Cancri e,26.8,False,778,1111,251,1054,420,Kai Vega,False
3075_02,Mars,False,F/186/P,55 Cancri e,19.8,False,60,578,1249,1358,578,Leo Stark,True
3076_01,Earth,False,B/125/P,TRAPPIST-1e,53.4,False,33,211,1323,1396,124,Ilya Komarov,True
3076_02,Mars,False,D/50/S,55 Cancri e,32.9,False,1126,1143,893,330,1332,Leo Stark,True
3077_01,Mars,True,F/126/P,TRAPPIST-1e,29.8,False,0,0,0,0,0,Jordan Benson,True
3077_02,Mars,False,B/17/S,TRAPPIST-1e,28.0,False,1329,1186,663,1088,1239,Remy Vivaldi,False
3078_01,Mars,False,A/102/S,55 Cancri e,33.8,False,668,583,1067,1113,1156,Ethan Zhao,True
3078_02,Earth,False,F/170/S,PSO J318.5-22,36.1,False,1184,379,1284,1406,368,Priya Kaur,False
3079_01,Europa,False,D/101/P,PSO J318.5-22,18.8,False,1036,24,545,1163,274,Lara Xel'Naga,True
3079_02,Mars,False,F/162/P,TRAPPIST-1e,12.8,False,1393,873,221,1060,874,Leo Stark,False
3080_01,Mars,False,A/176/S,TRAPPIST-1e,12.1,False,217,1271,110,815,707,Ilya Komarov,True
3080_02,Earth,False,E/92/S,PSO J318.5-22,28.3,False,146,1367,551,133,463,Ilya Komarov,False
3081_01,Europa,True,C/39/P,TRAPPIST-1e,15.6,False,0,0,0,0,0,Remy Vivaldi,True
3081_02,Earth,True,D/62/S,TRAPPIST-1e,31.6,False,0,0,0,0,0,Kai Vega,True
3082_01,Europa,True,A/89/S,55 Cancri e,20.4,False,0,0,0,0,0,Lara Xel'Naga,False
3082_02,Mars,True,E/86/P,55 Cancri e,19.0,False,0,0,0,0,0,Hiro Tanaka,False
3083_01,Mars,False,D/117/S,PSO J318.5-22,27.8,False,595,1247,10,326,1373,Aria Lin,False
3083_02,Earth,True,G/101/S,TRAPPIST-1e,49.9,False,0,0,0,0,0,Remy Vivaldi,True
3084_01,Earth,True,C/3/P,TRAPPIST-1e,16.9,False,0,0,0,0,0,Ethan Zhao,False
3084_02,Europa,False,B/188/P,TRAPPIST-1e,38.3,False,1432,406,1074,174,1284,Nova Stark,False
3085_01,Europa,False,C/197/P,TRAPPIST-1e,20.4,False,317,384,625,1242,1077,Aria Lin,False
3085_02,Europa,False,G/115/S,TRAPPIST-1e,47.0,False,1223,642,1362,703,304,Ethan Zhao,False
3086_01,Earth,False,E/169/P,TRAPPIST-1e,20.9,False,1231,510,1282,1403,162,Lara Xel'Naga,True
3086_02,Earth,False,B/85/S,TRAPPIST-1e,24.5,False,737,340,931,529,33,Remy Vivaldi,False
3087_01,Mars,False,E/176/P,55 Cancri e,30.0,False,720,1269,244,677,914,Remy Vivaldi,False
3087_02,Earth,False,C/185/S,55 Cancri e,27.3,False,722,1003,132,1220,909,Jordan Benson,True
3088_01,Mars,False,B/193/P,55 Cancri e,39.0,False,1127,212,118,855,760,Remy Vivaldi,False
3088_02,Europa,True,G/182/P,TRAPPIST-1e,34.9,False,0,0,0,0,0,Hiro Tanaka,True
3089_01,Europa,False,B/194/P,TRAPPIST-1e,19.9,False,423,362,1020,1329,313,Lara Xel'Naga,True
3089_02,Earth,False,F/195/S,TRAPPIST-1e,8.8,False,1190,1417,769,1086,271,Aria Lin,False
3090_01,Earth,True,E/189/P,55 Cancri e,41.3,False,0,0,0,0,0,Jordan Benson,True
3090_02,Earth,True,B/186/P,55 Cancri e,23.9,False,0,0,0,0,0,Hiro Tanaka,False
3091_01,Earth,True,A/200/S,PSO J318.5-22,26.9,False,0,0,0,0,0,Kai Vega,True
3091_02,Mars,True,E/193/P,PSO J318.5-22,22.6,False,0,0,0,0,0,Leo Stark,True
3092_01,Earth,True,F/8/P,TRAPPIST-1e,19.7,False,0,0,0,0,0,Ethan Zhao,True
3092_02,Mars,False,A/180/P,TRAPPIST-1e,23.8,False,415,904,266,996,1349,Kai Vega,True
3093_01,Earth,False,C/127/S,TRAPPIST-1e,46.0,False,559,75,246,579,312,Ethan Zhao,False
3093_02,Earth,False,C/69/S,PSO J318.5-22,43.5,False,575,342,714,1205,983,Aria Lin,False
3094_01,Earth,False,G/175/S,55 Cancri e,28.7,False,982,476,21,1354,1315,Jordan Benson,False
3094_02,Europa,False,A/155/P,TRAPPIST-1e,13.0,False,1259,1052,694,159,909,Jordan Benson,False
3095_01,Mars,False,F/146/P,TRAPPIST-1e,21.3,False,1400,1196,342,578,1214,Nova Stark,False
3095_02,Earth,False,B/102/P,55 Cancri e,38.2,False,1462,789,1366,844,124,Jordan Benson,False
3096_01,Mars,True,G/22/S,PSO J318.5-22,28.5,False,0,0,0,0,0,Ethan Zhao,True
3096_02,Europa,False,B/156/S,TRAPPIST-1e,23.6,False,1383,502,172,886,1417,Remy Vivaldi,False
3097_01,Europa,False,B/16/P,55 Cancri e,23.8,False,857,1342,260,1304,1352,Jordan Benson,False
3097_02,Earth,True,F/8/S,TRAPPIST-1e,42.2,False,0,0,0,0,0,Nova Stark,False
3098_01,Europa,True,C/174/P,TRAPPIST-1e,32.7,False,0,0,0,0,0,Ilya Komarov,True
3098_02,Mars,True,F/85/S,TRAPPIST-1e,25.0,False,0,0,0,0,0,Jordan Benson,True
3099_01,Mars,False,B/184/S,TRAPPIST-1e,28.2,False,656,612,1480,254,1302,Aria Lin,False
3099_02,Europa,False,G/75/P,TRAPPIST-1e,16.5,False,972,1079,648,105,191,Hiro Tanaka,True
3100_01,Earth,False,F/1/P,55 Cancri e,5.6,False,947,727,1239,1037,1060,Hiro Tanaka,True
3100_02,Mars,False,D/128/S,PSO J318.5-22,43.4,True,1050,69,153,1461,764,Aria Lin,False
3101_01,Earth,True,E/86/S,55 Cancri e,0.0,False,0,0,0,0,0,Mila Benson,True
3101_02,Earth,False,B/152/P,TRAPPIST-1e,27.7,False,570,148,9,643,61,Priya Kaur,False
3102_01,Mars,False,B/84/S,55 Cancri e,24.0,False,1255,527,444,1344,1106,Remy Vivaldi,False
3102_02,Mars,True,D/7/P,55 Cancri e,20.8,False,0,0,0,0,0,Jordan Benson,True
3103_01,Mars,False,G/143/S,55 Cancri e,34.4,False,683,907,582,254,455,Kai Vega,False
3103_02,Earth,False,D/65/S,55 Cancri e,18.3,False,642,560,532,1415,319,Remy Vivaldi,True
3104_01,Earth,False,C/177/P,TRAPPIST-1e,21.3,True,714,753,1039,408,827,Mila Benson,False
3104_02,Mars,True,F/182/S,TRAPPIST-1e,37.1,False,0,0,0,0,0,Mila Benson,True
3105_01,Earth,False,C/78/P,PSO J318.5-22,33.7,False,935,1127,1340,706,975,Ethan Zhao,True
3105_02,Earth,False,E/27/P,PSO J318.5-22,30.5,False,782,1204,131,662,1178,Aria Lin,False
3106_01,Earth,False,B/180/S,TRAPPIST-1e,27.4,False,716,426,676,487,212,Nova Stark,False
3106_02,Earth,True,B/170/S,TRAPPIST-1e,18.9,False,0,0,0,0,0,Mila Benson,True
3107_01,Europa,True,C/38/S,TRAPPIST-1e,23.8,False,0,0,0,0,0,Leo Stark,True
3107_02,Earth,False,C/132/P,TRAPPIST-1e,28.9,False,1098,434,1201,841,644,Ethan Zhao,True
3108_01,Mars,False,G/35/S,TRAPPIST-1e,21.2,False,376,1368,224,1040,496,Leo Stark,False
3108_02,Mars,False,E/77/P,PSO J318.5-22,37.6,False,472,1334,1160,474,216,Mila Benson,True
3109_01,Earth,True,B/57/P,TRAPPIST-1e,23.1,False,0,0,0,0,0,Hiro Tanaka,False
3109_02,Earth,False,F/100/S,TRAPPIST-1e,41.5,False,399,589,213,340,1352,Priya Kaur,False
3110_01,Earth,False,C/26/S,TRAPPIST-1e,27.2,False,835,841,866,1396,1202,Leo Stark,False
3110_02,Earth,False,A/192/S,TRAPPIST-1e,18.4,False,1455,944,401,1417,882,Aria Lin,True
3111_01,Earth,False,G/187/P,TRAPPIST-1e,24.8,False,423,117,367,1129,1128,Nova Stark,True
3111_02,Europa,False,F/70/P,55 Cancri e,33.1,False,1326,629,147,149,815,Leo Stark,False
3112_01,Mars,True,D/126/P,TRAPPIST-1e,39.0,True,0,0,0,0,0,Priya Kaur,True
3112_02,Mars,True,A/13/S,55 Cancri e,22.5,False,0,0,0,0,0,Nova Stark,True
3113_01,Europa,False,G/192/P,TRAPPIST-1e,56.0,False,342,394,942,257,1221,Jordan Benson,False
3113_02,Europa,False,G/95/P,PSO J318.5-22,35.6,False,52,650,270,200,395,Remy Vivaldi,False
3114_01,Earth,True,D/51/P,55 Cancri e,29.2,False,0,0,0,0,0,Kai Vega,True
3114_02,Mars,False,F/44/P,PSO J318.5-22,18.3,False,534,922,1111,397,1205,Lara Xel'Naga,False
3115_01,Europa,False,B/99/S,PSO J318.5-22,35.9,False,189,204,967,43,1003,Aria Lin,True
3115_02,Earth,True,C/161/S,55 Cancri e,46.5,False,0,0,0,0,0,Jordan Benson,False
3116_01,Earth,True,C/196/S,TRAPPIST-1e,38.8,False,0,0,0,0,0,Remy Vivaldi,True
3116_02,Earth,False,C/17/P,TRAPPIST-1e,37.3,True,700,1302,712,1408,636,Jordan Benson,True
3117_01,Earth,False,G/79/P,TRAPPIST-1e,38.9,False,1474,530,16,717,1053,Ilya Komarov,False
3117_02,Mars,False,F/8/S,TRAPPIST-1e,39.3,False,469,810,1327,554,92,Hiro Tanaka,True
3118_01,Earth,False,D/7/P,55 Cancri e,37.4,False,583,845,1185,841,327,Kai Vega,False
3118_02,Mars,False,F/122/S,PSO J318.5-22,38.2,False,729,253,1463,570,543,Leo Stark,False
3119_01,Mars,False,C/20/P,TRAPPIST-1e,33.9,False,96,870,1393,1440,256,Ilya Komarov,False
3119_02,Earth,False,D/116/P,PSO J318.5-22,28.6,False,127,1382,1179,56,581,Leo Stark,True
3120_01,Mars,False,A/11/S,TRAPPIST-1e,35.5,False,652,1099,157,84,321,Hiro Tanaka,False
3120_02,Mars,False,F/200/S,PSO J318.5-22,25.3,False,308,283,1065,1002,133,Mila Benson,True
3121_01,Earth,False,G/124/P,PSO J318.5-22,31.2,False,1245,228,1475,997,1329,Lara Xel'Naga,False
3121_02,Mars,False,F/58/P,PSO J318.5-22,28.7,False,118,937,323,920,158,Lara Xel'Naga,True
3122_01,Mars,True,C/60/P,TRAPPIST-1e,37.8,False,0,0,0,0,0,Jordan Benson,True
3122_02,Mars,False,E/171/S,TRAPPIST-1e,58.6,False,1212,308,248,537,700,Leo Stark,False
3123_01,Earth,False,A/155/S,TRAPPIST-1e,49.0,False,405,999,1204,20,154,Jordan Benson,False
3123_02,Mars,False,B/62/P,TRAPPIST-1e,27.7,False,866,558,193,1247,398,Nova Stark,False
3124_01,Mars,False,B/103/S,TRAPPIST-1e,25.7,False,1399,471,151,1147,801,Lara Xel'Naga,False
3124_02,Earth,False,E/138/S,PSO J318.5-22,18.4,False,552,1447,729,512,1012,Hiro Tanaka,False
3125_01,Mars,True,C/119/S,TRAPPIST-1e,17.2,False,0,0,0,0,0,Priya Kaur,True
3125_02,Mars,False,D/161/P,TRAPPIST-1e,22.2,False,124,174,503,1408,710,Ilya Komarov,False
3126_01,Europa,False,A/16/P,PSO J318.5-22,25.8,False,105,527,37,394,920,Kai Vega,False
3126_02,Europa,True,C/79/P,55 Cancri e,9.4,False,0,0,0,0,0,Remy Vivaldi,True
3127_01,Mars,False,C/80/S,PSO J318.5-22,29.8,False,314,1308,1487,1287,1452,Jordan Benson,False
3127_02,Earth,False,E/44/S,PSO J318.5-22,27.3,False,364,180,733,875,993,Remy Vivaldi,True
3128_01,Mars,False,E/107/S,55 Cancri e,22.3,False,261,230,702,1403,645,Nova Stark,False
3128_02,Mars,False,F/63/P,PSO J318.5-22,30.5,False,1332,1411,756,1348,841,Priya Kaur,True
3129_01,Mars,False,G/73/P,TRAPPIST-1e,37.8,False,515,441,582,261,748,Kai Vega,False
3129_02,Europa,False,F/113/S,PSO J318.5-22,35.8,False,818,1001,1486,866,607,Ethan Zhao,False
3130_01,Europa,True,D/165/P,TRAPPIST-1e,40.1,False,0,0,0,0,0,Nova Stark,True
3130_02,Earth,True,A/19/S,TRAPPIST-1e,24.3,False,0,0,0,0,0,Kai Vega,True
3131_01,Mars,True,C/151/P,TRAPPIST-1e,31.7,False,0,0,0,0,0,Hiro Tanaka,True
3131_02,Mars,False,F/33/S,TRAPPIST-1e,20.0,False,4,201,415,1035,947,Nova Stark,False
3132_01,Europa,True,G/27/S,55 Cancri e,31.9,False,0,0,0,0,0,Priya Kaur,True
3132_02,Earth,True,F/104/S,TRAPPIST-1e,33.6,False,0,0,0,0,0,Ethan Zhao,True
3133_01,Mars,False,E/191/P,TRAPPIST-1e,29.5,True,689,117,1375,587,1069,Lara Xel'Naga,True
3133_02,Earth,True,C/147/S,TRAPPIST-1e,11.8,False,0,0,0,0,0,Leo Stark,True
3134_01,Europa,True,G/176/P,PSO J318.5-22,27.0,False,0,0,0,0,0,Ilya Komarov,True
3134_02,Europa,False,B/113/P,TRAPPIST-1e,33.8,True,347,140,203,1003,860,Hiro Tanaka,True
3135_01,Earth,False,F/147/S,TRAPPIST-1e,9.7,False,350,1184,172,1153,78,Hiro Tanaka,True
3135_02,Earth,True,F/1/S,PSO J318.5-22,30.3,False,0,0,0,0,0,Leo Stark,False
3136_01,Mars,False,A/173/S,55 Cancri e,24.7,False,1423,362,1358,133,13,Kai Vega,False
3136_02,Earth,True,C/149/S,TRAPPIST-1e,42.3,False,0,0,0,0,0,Ethan Zhao,True
3137_01,Earth,False,F/44/P,55 Cancri e,32.2,False,126,217,744,679,996,Ilya Komarov,False
3137_02,Earth,True,G/106/P,TRAPPIST-1e,15.1,False,0,0,0,0,0,Jordan Benson,False
3138_01,Earth,False,G/120/S,TRAPPIST-1e,24.1,False,1466,98,181,168,232,Ilya Komarov,False
3138_02,Earth,False,D/8/S,55 Cancri e,23.0,False,955,1116,471,1108,678,Remy Vivaldi,True
3139_01,Earth,False,B/70/P,TRAPPIST-1e,36.2,True,1323,1381,764,1476,884,Mila Benson,False
3139_02,Earth,True,F/12/S,55 Cancri e,32.9,False,0,0,0,0,0,Lara Xel'Naga,True
3140_01,Earth,False,E/86/P,PSO J318.5-22,30.7,False,221,465,71,887,473,Kai Vega,True
3140_02,Europa,False,A/125/S,PSO J318.5-22,30.9,False,654,18,521,783,414,Aria Lin,False
3141_01,Mars,False,E/196/P,TRAPPIST-1e,26.9,False,1213,1171,442,264,649,Remy Vivaldi,True
3141_02,Mars,True,E/39/P,55 Cancri e,37.8,False,0,0,0,0,0,Lara Xel'Naga,True
3142_01,Mars,False,A/70/S,55 Cancri e,21.8,False,1422,492,541,1191,1114,Leo Stark,False
3142_02,Europa,True,C/141/S,55 Cancri e,29.9,False,0,0,0,0,0,Mila Benson,True
3143_01,Earth,False,F/44/S,TRAPPIST-1e,24.9,False,645,1396,23,1224,730,Ethan Zhao,False
3143_02,Europa,False,D/150/P,TRAPPIST-1e,36.2,False,6,1029,1184,877,1271,Hiro Tanaka,False
3144_01,Earth,True,C/172/S,TRAPPIST-1e,15.7,False,0,0,0,0,0,Hiro Tanaka,False
3144_02,Europa,True,D/172/S,TRAPPIST-1e,38.6,False,0,0,0,0,0,Hiro Tanaka,False
3145_01,Europa,False,F/94/S,TRAPPIST-1e,19.1,False,823,1342,1061,565,1269,Ethan Zhao,True
3145_02,Earth,True,D/9/P,PSO J318.5-22,27.0,False,0,0,0,0,0,Ilya Komarov,False
3146_01,Earth,False,B/83/S,PSO J318.5-22,23.7,False,1208,302,755,163,1226,Lara Xel'Naga,True
3146_02,Mars,False,G/71/S,PSO J318.5-22,29.4,False,1431,1233,100,1469,897,Nova Stark,False
3147_01,Mars,True,E/195/S,TRAPPIST-1e,31.4,False,0,0,0,0,0,Hiro Tanaka,True
3147_02,Mars,False,D/188/P,TRAPPIST-1e,24.7,False,367,1262,726,1314,371,Aria Lin,False
3148_01,Europa,True,A/20/S,55 Cancri e,45.3,False,0,0,0,0,0,Lara Xel'Naga,True
3148_02,Europa,True,D/46/P,TRAPPIST-1e,25.7,False,0,0,0,0,0,Lara Xel'Naga,True
3149_01,Earth,False,E/37/S,TRAPPIST-1e,21.6,False,406,286,916,1479,491,Jordan Benson,False
3149_02,Earth,False,D/100/P,55 Cancri e,27.4,False,1032,1155,1100,737,130,Aria Lin,False
3150_01,Earth,False,G/94/P,55 Cancri e,10.2,False,497,621,888,353,270,Ilya Komarov,False
3150_02,Earth,True,F/73/P,55 Cancri e,31.8,False,0,0,0,0,0,Remy Vivaldi,True
3151_01,Earth,False,F/29/S,PSO J318.5-22,44.9,False,1331,507,54,36,899,Leo Stark,False
3151_02,Mars,False,E/7/P,55 Cancri e,27.0,False,54,523,914,462,696,Leo Stark,False
3152_01,Earth,True,B/37/S,TRAPPIST-1e,25.2,True,0,0,0,0,0,Remy Vivaldi,True
3152_02,Europa,False,C/121/P,PSO J318.5-22,24.7,False,1234,1249,1030,731,988,Mila Benson,True
3153_01,Earth,False,A/68/P,PSO J318.5-22,31.3,False,753,1137,1174,435,83,Ilya Komarov,True
3153_02,Earth,False,E/59/P,PSO J318.5-22,29.6,False,1235,778,833,460,176,Leo Stark,False
3154_01,Europa,False,C/147/S,TRAPPIST-1e,31.4,False,185,1494,1332,245,1016,Leo Stark,False
3154_02,Earth,False,F/187/P,TRAPPIST-1e,27.3,False,383,1065,284,979,987,Priya Kaur,True
3155_01,Europa,False,F/121/P,55 Cancri e,34.8,False,435,805,1451,180,882,Hiro Tanaka,False
3155_02,Europa,False,F/171/S,TRAPPIST-1e,27.7,False,876,693,339,490,494,Mila Benson,False
3156_01,Mars,False,A/154/P,TRAPPIST-1e,24.1,True,438,1351,650,508,250,Remy Vivaldi,True
3156_02,Europa,True,B/69/S,TRAPPIST-1e,29.5,False,0,0,0,0,0,Lara Xel'Naga,True
3157_01,Europa,True,D/126/P,TRAPPIST-1e,22.9,False,0,0,0,0,0,Ethan Zhao,True
3157_02,Earth,True,B/27/S,TRAPPIST-1e,37.1,False,0,0,0,0,0,Nova Stark,True
3158_01,Earth,False,G/149/P,PSO J318.5-22,16.4,False,63,319,859,779,1315,Hiro Tanaka,False
3158_02,Mars,True,A/22/S,TRAPPIST-1e,38.8,False,0,0,0,0,0,Jordan Benson,True
3159_01,Mars,False,G/76/S,TRAPPIST-1e,1.4,False,762,735,1070,1440,450,Hiro Tanaka,False
3159_02,Europa,True,F/88/S,TRAPPIST-1e,35.0,False,0,0,0,0,0,Aria Lin,True
3160_01,Mars,False,D/17/P,55 Cancri e,27.3,False,1076,232,199,673,548,Lara Xel'Naga,False
3160_02,Mars,True,F/147/P,55 Cancri e,20.6,False,0,0,0,0,0,Priya Kaur,True
3161_01,Mars,False,C/14/S,TRAPPIST-1e,29.8,False,1129,552,675,769,210,Ethan Zhao,False
3161_02,Mars,False,G/17/S,55 Cancri e,12.4,False,1225,432,706,564,146,Leo Stark,False
3162_01,Mars,False,E/193/P,55 Cancri e,40.6,False,45,1266,310,561,330,Leo Stark,False
3162_02,Mars,True,B/36/P,TRAPPIST-1e,31.0,False,0,0,0,0,0,Kai Vega,True
3163_01,Europa,False,C/176/P,TRAPPIST-1e,33.5,False,1400,7,983,1393,1463,Aria Lin,True
3163_02,Earth,True,F/65/P,TRAPPIST-1e,12.6,False,0,0,0,0,0,Leo Stark,True
3164_01,Earth,True,D/121/S,PSO J318.5-22,26.1,False,0,0,0,0,0,Lara Xel'Naga,True
3164_02,Earth,False,F/78/P,PSO J318.5-22,28.0,False,940,900,130,723,633,Ethan Zhao,False
3165_01,Mars,True,E/24/P,TRAPPIST-1e,26.6,False,0,0,0,0,0,Remy Vivaldi,True
3165_02,Earth,True,F/46/S,55 Cancri e,26.0,False,0,0,0,0,0,Priya Kaur,True
3166_01,Mars,False,B/44/S,TRAPPIST-1e,22.5,True,1387,600,1115,544,1261,Nova Stark,True
3166_02,Earth,True,B/82/S,PSO J318.5-22,27.2,False,0,0,0,0,0,Aria Lin,True
3167_01,Earth,True,D/20/P,TRAPPIST-1e,39.4,False,0,0,0,0,0,Remy Vivaldi,True
3167_02,Earth,False,A/180/S,TRAPPIST-1e,45.3,False,1050,816,1457,107,972,Remy Vivaldi,True
3168_01,Europa,False,B/83/S,TRAPPIST-1e,9.6,False,1355,1385,288,1467,1060,Leo Stark,False
3168_02,Earth,False,B/9/S,55 Cancri e,44.6,False,1371,891,42,1149,8,Aria Lin,False
3169_01,Europa,True,G/142/P,TRAPPIST-1e,27.3,False,0,0,0,0,0,Kai Vega,True
3169_02,Earth,False,D/147/P,PSO J318.5-22,14.7,False,1305,894,1076,869,532,Aria Lin,False
3170_01,Earth,False,B/95/S,55 Cancri e,32.8,False,662,953,68,1460,300,Jordan Benson,False
3170_02,Earth,True,D/87/P,TRAPPIST-1e,14.9,False,0,0,0,0,0,Priya Kaur,False
3171_01,Earth,False,D/120/S,TRAPPIST-1e,26.1,False,552,105,585,571,809,Jordan Benson,False
3171_02,Earth,False,B/58/S,PSO J318.5-22,26.2,True,633,1034,930,658,1239,Aria Lin,False
3172_01,Earth,False,A/33/S,PSO J318.5-22,44.1,False,578,876,753,159,463,Mila Benson,False
3172_02,Europa,False,C/62/P,TRAPPIST-1e,32.0,False,997,1296,240,935,963,Priya Kaur,False
3173_01,Europa,False,A/170/S,PSO J318.5-22,33.9,False,649,326,864,528,1296,Lara Xel'Naga,False
3173_02,Mars,False,B/14/S,TRAPPIST-1e,20.5,False,878,1399,1398,333,1026,Lara Xel'Naga,False
3174_01,Earth,False,A/166/S,55 Cancri e,30.3,False,349,173,115,360,1378,Aria Lin,False
3174_02,Europa,False,E/99/S,55 Cancri e,15.5,False,75,755,1104,1252,71,Mila Benson,False
3175_01,Earth,False,B/164/S,TRAPPIST-1e,46.4,False,669,1335,1321,1047,109,Jordan Benson,False
3175_02,Earth,False,A/67/S,TRAPPIST-1e,32.5,False,51,1313,1467,466,1282,Kai Vega,False
3176_01,Mars,False,C/13/P,PSO J318.5-22,25.8,False,1361,786,555,928,1445,Lara Xel'Naga,False
3176_02,Mars,False,C/113/S,55 Cancri e,42.2,False,258,64,162,1187,38,Hiro Tanaka,True
3177_01,Earth,True,F/193/P,PSO J318.5-22,34.8,False,0,0,0,0,0,Remy Vivaldi,True
3177_02,Europa,True,E/85/S,TRAPPIST-1e,19.7,False,0,0,0,0,0,Priya Kaur,True
3178_01,Earth,False,B/159/S,55 Cancri e,19.0,False,256,199,1461,609,1127,Kai Vega,True
3178_02,Mars,False,F/172/S,PSO J318.5-22,29.1,False,1395,904,163,1136,614,Hiro Tanaka,False
3179_01,Europa,False,B/132/S,55 Cancri e,10.4,False,363,1044,659,1152,698,Ethan Zhao,False
3179_02,Europa,True,C/183/S,TRAPPIST-1e,31.5,False,0,0,0,0,0,Leo Stark,True
3180_01,Mars,True,D/25/P,55 Cancri e,39.9,False,0,0,0,0,0,Leo Stark,True
3180_02,Earth,False,C/153/S,TRAPPIST-1e,42.5,False,960,1443,1249,929,208,Hiro Tanaka,True
3181_01,Mars,False,D/171/S,55 Cancri e,25.6,False,1241,1452,501,665,220,Lara Xel'Naga,False
3181_02,Mars,False,G/16/S,PSO J318.5-22,42.0,False,434,279,1115,523,1162,Nova Stark,False
3182_01,Europa,True,D/149/P,PSO J318.5-22,16.7,False,0,0,0,0,0,Hiro Tanaka,True
3182_02,Earth,True,E/181/P,TRAPPIST-1e,33.6,False,0,0,0,0,0,Jordan Benson,True
3183_01,Earth,False,G/9/S,55 Cancri e,21.1,False,933,182,507,197,1146,Lara Xel'Naga,False
3183_02,Earth,False,C/127/S,TRAPPIST-1e,26.3,False,380,824,1029,1327,191,Nova Stark,True
3184_01,Europa,False,F/177/S,TRAPPIST-1e,30.9,False,1060,1042,34,1386,1441,Kai Vega,False
3184_02,Mars,False,G/60/P,55 Cancri e,41.3,False,1453,466,896,198,767,Aria Lin,False
3185_01,Europa,False,D/83/P,PSO J318.5-22,30.5,False,240,1193,293,921,1338,Hiro Tanaka,True
3185_02,Europa,False,G/26/S,TRAPPIST-1e,4.1,False,1150,467,366,1044,315,Remy Vivaldi,True
3186_01,Mars,True,F/11/S,TRAPPIST-1e,34.0,False,0,0,0,0,0,Jordan Benson,True
3186_02,Mars,True,B/36/P,55 Cancri e,26.9,False,0,0,0,0,0,Nova Stark,True
3187_01,Europa,True,A/2/P,55 Cancri e,41.5,False,0,0,0,0,0,Mila Benson,True
3187_02,Europa,True,D/66/S,TRAPPIST-1e,23.9,False,0,0,0,0,0,Mila Benson,True
3188_01,Mars,False,B/124/P,PSO J318.5-22,17.5,False,298,338,1412,473,615,Kai Vega,False
3188_02,Mars,False,F/198/S,TRAPPIST-1e,33.1,False,961,791,1165,1193,12,Priya Kaur,True
3189_01,Earth,False,B/51/P,TRAPPIST-1e,28.7,False,1155,594,931,268,1274,Aria Lin,False
3189_02,Earth,False,G/107/S,TRAPPIST-1e,41.3,False,1393,617,772,864,525,Mila Benson,True
3190_01,Earth,False,G/14/P,TRAPPIST-1e,45.2,False,259,1158,1484,642,80,Mila Benson,True
3190_02,Earth,False,G/66/S,55 Cancri e,34.4,True,1390,1082,1097,1262,128,Nova Stark,False
3191_01,Mars,True,C/31/S,PSO J318.5-22,27.5,False,0,0,0,0,0,Aria Lin,False
3191_02,Earth,True,F/167/P,PSO J318.5-22,21.7,False,0,0,0,0,0,Mila Benson,False
3192_01,Europa,False,D/29/P,TRAPPIST-1e,32.1,False,902,1032,231,610,729,Priya Kaur,True
3192_02,Mars,False,D/171/P,55 Cancri e,24.2,False,964,1420,881,317,521,Remy Vivaldi,True
3193_01,Mars,False,F/171/P,PSO J318.5-22,10.4,False,1341,1356,1383,1264,1079,Mila Benson,False
3193_02,Earth,True,G/61/P,TRAPPIST-1e,19.5,False,0,0,0,0,0,Aria Lin,True
3194_01,Earth,False,B/172/S,55 Cancri e,29.9,False,1096,883,201,92,1056,Nova Stark,True
3194_02,Mars,False,C/169/P,TRAPPIST-1e,22.6,False,418,1226,550,625,844,Aria Lin,True
3195_01,Earth,False,D/178/P,55 Cancri e,2.7,False,719,1335,943,1492,393,Hiro Tanaka,False
3195_02,Europa,False,C/5/P,TRAPPIST-1e,32.9,False,808,871,1234,866,570,Kai Vega,False
3196_01,Earth,True,A/122/S,PSO J318.5-22,40.2,False,0,0,0,0,0,Nova Stark,True
3196_02,Earth,False,A/168/P,PSO J318.5-22,17.5,False,1063,1063,1476,869,1213,Ilya Komarov,True
3197_01,Mars,False,E/88/P,55 Cancri e,21.8,False,1303,936,958,47,188,Jordan Benson,True
3197_02,Europa,False,B/55/P,55 Cancri e,35.5,False,303,1128,368,459,246,Nova Stark,False
3198_01,Europa,True,F/14/P,PSO J318.5-22,24.9,False,0,0,0,0,0,Leo Stark,True
3198_02,Europa,False,B/61/S,55 Cancri e,11.7,False,1387,749,1363,406,452,Nova Stark,False
3199_01,Earth,True,F/29/S,PSO J318.5-22,37.5,False,0,0,0,0,0,Kai Vega,True
3199_02,Earth,False,B/2/S,TRAPPIST-1e,24.7,False,964,1173,1216,146,405,Jordan Benson,False
3200_01,Europa,False,D/4/P,PSO J318.5-22,28.8,False,957,178,431,1424,524,Jordan Benson,False
3200_02,Mars,False,E/157/P,TRAPPIST-1e,23.7,False,742,322,1284,398,336,Kai Vega,False
3201_01,Europa,False,E/62/P,TRAPPIST-1e,40.7,False,579,1407,304,195,332,Remy Vivaldi,True
3201_02,Europa,True,F/14/P,PSO J318.5-22,35.0,False,0,0,0,0,0,Priya Kaur,True
3202_01,Earth,False,G/153/S,TRAPPIST-1e,35.0,False,1456,882,1449,1252,523,Ilya Komarov,False
3202_02,Mars,False,A/40/S,TRAPPIST-1e,18.7,False,216,989,374,35,775,Aria Lin,True
3203_01,Europa,False,G/168/P,TRAPPIST-1e,39.7,False,304,765,1445,79,185,Lara Xel'Naga,True
3203_02,Earth,False,D/112/P,TRAPPIST-1e,32.8,False,1028,557,508,970,1025,Ilya Komarov,True
3204_01,Earth,True,B/55/S,TRAPPIST-1e,27.8,False,0,0,0,0,0,Ethan Zhao,True
3204_02,Earth,False,C/102/S,TRAPPIST-1e,4.8,False,1476,1447,323,196,503,Hiro Tanaka,False
3205_01,Europa,False,C/154/P,55 Cancri e,19.6,False,1027,626,350,350,648,Hiro Tanaka,False
3205_02,Earth,True,C/128/S,TRAPPIST-1e,42.7,False,0,0,0,0,0,Leo Stark,False
3206_01,Europa,False,E/182/P,TRAPPIST-1e,33.5,False,424,463,723,1269,793,Kai Vega,False
3206_02,Mars,False,C/128/S,55 Cancri e,49.3,False,176,542,508,563,232,Aria Lin,False
3207_01,Mars,False,A/83/P,55 Cancri e,39.5,False,110,486,88,1342,1141,Nova Stark,False
3207_02,Earth,False,E/187/S,TRAPPIST-1e,14.0,False,433,1262,71,821,1422,Jordan Benson,True
3208_01,Europa,False,C/158/P,TRAPPIST-1e,46.9,False,867,1245,1205,895,255,Ilya Komarov,True
3208_02,Earth,False,D/157/S,PSO J318.5-22,10.9,False,1111,872,491,335,1430,Ethan Zhao,False
3209_01,Europa,True,D/105/P,PSO J318.5-22,19.5,False,0,0,0,0,0,Leo Stark,True
3209_02,Europa,False,G/47/S,TRAPPIST-1e,21.5,False,1053,918,893,636,1246,Jordan Benson,False
3210_01,Europa,False,A/162/P,TRAPPIST-1e,35.6,False,1002,1006,692,214,117,Lara Xel'Naga,True
3210_02,Earth,True,G/199/P,55 Cancri e,26.0,True,0,0,0,0,0,Hiro Tanaka,False
3211_01,Europa,True,F/98/P,55 Cancri e,16.3,False,0,0,0,0,0,Nova Stark,False
3211_02,Earth,False,C/131/S,TRAPPIST-1e,38.3,False,828,1460,11,1145,488,Ilya Komarov,False
3212_01,Earth,False,B/173/S,TRAPPIST-1e,23.3,False,1303,741,1360,167,960,Priya Kaur,False
3212_02,Europa,False,C/58/P,TRAPPIST-1e,34.6,False,1351,1269,1324,199,863,Aria Lin,True
3213_01,Europa,False,E/175/P,55 Cancri e,32.5,False,773,96,70,992,356,Remy Vivaldi,False
3213_02,Europa,False,E/183/S,TRAPPIST-1e,12.1,False,811,543,1273,253,1205,Ethan Zhao,False
3214_01,Europa,False,B/2/P,TRAPPIST-1e,35.5,False,3,1486,144,164,343,Ilya Komarov,False
3214_02,Europa,False,B/197/P,TRAPPIST-1e,21.7,False,1128,1337,1192,519,925,Hiro Tanaka,False
3215_01,Earth,False,A/145/P,TRAPPIST-1e,28.9,False,408,435,1338,541,612,Mila Benson,True
3215_02,Europa,False,G/100/P,PSO J318.5-22,26.6,False,899,1086,1055,1234,1486,Aria Lin,False
3216_01,Earth,True,F/93/S,TRAPPIST-1e,19.6,False,0,0,0,0,0,Remy Vivaldi,True
3216_02,Europa,False,C/154/S,TRAPPIST-1e,30.8,False,342,1255,612,128,1042,Ethan Zhao,True
3217_01,Earth,False,C/23/P,55 Cancri e,7.0,False,80,665,780,1141,790,Leo Stark,False
3217_02,Mars,True,D/141/S,TRAPPIST-1e,7.0,False,0,0,0,0,0,Mila Benson,True
3218_01,Earth,True,A/156/P,55 Cancri e,15.8,False,0,0,0,0,0,Nova Stark,False
3218_02,Europa,False,A/114/S,PSO J318.5-22,24.5,False,418,779,136,225,1357,Aria Lin,False
3219_01,Europa,False,C/29/P,PSO J318.5-22,49.3,False,444,6,127,1376,266,Jordan Benson,True
3219_02,Mars,True,G/143/P,TRAPPIST-1e,20.6,False,0,0,0,0,0,Nova Stark,False
3220_01,Mars,False,C/138/P,55 Cancri e,25.2,False,1397,420,1064,716,1371,Mila Benson,False
3220_02,Europa,False,B/35/S,55 Cancri e,28.6,False,142,140,564,106,32,Jordan Benson,False
3221_01,Mars,False,F/65/P,55 Cancri e,30.6,False,687,1208,829,1010,849,Priya Kaur,False
3221_02,Mars,False,A/3/P,PSO J318.5-22,27.7,False,1238,732,1153,844,271,Jordan Benson,False
3222_01,Earth,False,G/67/S,55 Cancri e,26.3,False,927,626,1392,616,980,Leo Stark,False
3222_02,Earth,False,D/53/S,55 Cancri e,14.8,False,536,1076,246,336,1304,Remy Vivaldi,False
3223_01,Europa,False,B/53/S,TRAPPIST-1e,3.7,False,890,1262,728,1200,43,Priya Kaur,False
3223_02,Earth,False,A/63/S,PSO J318.5-22,35.0,False,303,268,682,399,602,Mila Benson,True
3224_01,Mars,True,G/170/P,TRAPPIST-1e,33.5,False,0,0,0,0,0,Remy Vivaldi,True
3224_02,Europa,False,F/41/P,TRAPPIST-1e,27.0,False,130,1433,1248,1166,577,Remy Vivaldi,True
3225_01,Earth,False,D/4/S,PSO J318.5-22,28.9,False,1451,1460,591,1261,643,Lara Xel'Naga,False
3225_02,Mars,False,D/62/P,PSO J318.5-22,12.2,False,327,811,1142,45,83,Hiro Tanaka,False
3226_01,Mars,False,B/173/P,TRAPPIST-1e,40.6,False,1195,233,1204,1074,780,Priya Kaur,False
3226_02,Earth,False,C/73/S,PSO J318.5-22,30.2,False,680,1418,932,1452,1297,Remy Vivaldi,False
3227_01,Earth,False,E/199/P,55 Cancri e,27.8,False,1476,548,977,382,799,Hiro Tanaka,False
3227_02,Earth,False,A/75/P,PSO J318.5-22,45.4,False,533,1256,1152,569,930,Hiro Tanaka,False
3228_01,Earth,False,G/162/P,55 Cancri e,16.5,False,753,574,1264,956,1016,Lara Xel'Naga,True
3228_02,Earth,False,F/32/P,PSO J318.5-22,27.1,False,770,222,1122,556,910,Remy Vivaldi,False
3229_01,Europa,True,C/9/P,TRAPPIST-1e,31.2,False,0,0,0,0,0,Ethan Zhao,True
3229_02,Europa,True,F/164/P,55 Cancri e,28.8,False,0,0,0,0,0,Remy Vivaldi,False
3230_01,Mars,True,D/129/P,PSO J318.5-22,31.4,False,0,0,0,0,0,Jordan Benson,True
3230_02,Earth,False,E/177/S,PSO J318.5-22,29.7,False,909,450,1011,41,93,Nova Stark,False
3231_01,Mars,True,A/99/S,TRAPPIST-1e,29.0,False,0,0,0,0,0,Leo Stark,True
3231_02,Mars,True,A/34/S,TRAPPIST-1e,7.9,False,0,0,0,0,0,Aria Lin,True
3232_01,Earth,False,F/87/P,TRAPPIST-1e,24.3,False,980,698,484,664,1406,Hiro Tanaka,True
3232_02,Europa,False,F/86/P,PSO J318.5-22,20.9,False,627,731,191,835,1244,Jordan Benson,True
3233_01,Earth,False,D/139/S,TRAPPIST-1e,30.3,False,365,1069,392,953,22,Hiro Tanaka,True
3233_02,Mars,True,E/152/S,TRAPPIST-1e,38.5,False,0,0,0,0,0,Ethan Zhao,True
3234_01,Europa,False,B/91/S,55 Cancri e,23.9,False,472,47,1105,1132,262,Aria Lin,False
3234_02,Earth,True,C/79/P,PSO J318.5-22,41.2,False,0,0,0,0,0,Nova Stark,True
3235_01,Mars,True,A/68/S,TRAPPIST-1e,38.3,False,0,0,0,0,0,Kai Vega,True
3235_02,Earth,False,G/93/S,TRAPPIST-1e,33.0,False,479,866,1212,1028,1309,Kai Vega,False
3236_01,Earth,False,F/131/S,TRAPPIST-1e,29.4,False,707,425,1050,126,134,Mila Benson,False
3236_02,Europa,True,A/65/P,TRAPPIST-1e,35.0,False,0,0,0,0,0,Priya Kaur,True
3237_01,Earth,True,E/26/P,PSO J318.5-22,28.3,False,0,0,0,0,0,Hiro Tanaka,True
3237_02,Mars,False,E/57/P,55 Cancri e,46.7,False,597,385,471,178,449,Lara Xel'Naga,False
3238_01,Mars,False,C/65/P,TRAPPIST-1e,36.2,False,1206,357,375,701,837,Lara Xel'Naga,False
3238_02,Europa,False,A/184/P,55 Cancri e,29.4,False,537,781,81,1381,184,Kai Vega,False
3239_01,Earth,True,B/47/P,55 Cancri e,20.7,False,0,0,0,0,0,Mila Benson,True
3239_02,Earth,False,C/56/S,TRAPPIST-1e,20.9,False,1485,29,935,30,1316,Mila Benson,False
3240_01,Earth,True,E/155/S,55 Cancri e,16.6,False,0,0,0,0,0,Nova Stark,True
3240_02,Earth,False,E/49/S,TRAPPIST-1e,35.5,False,1338,27,121,1274,572,Priya Kaur,False
3241_01,Earth,False,B/41/P,55 Cancri e,29.3,False,836,112,1417,18,604,Nova Stark,False
3241_02,Europa,True,E/89/P,55 Cancri e,18.6,False,0,0,0,0,0,Jordan Benson,True
3242_01,Europa,False,B/144/P,55 Cancri e,16.0,False,1013,162,698,294,578,Ethan Zhao,False
3242_02,Earth,True,F/1/S,TRAPPIST-1e,26.3,False,0,0,0,0,0,Aria Lin,False
3243_01,Europa,False,C/87/P,TRAPPIST-1e,22.4,False,1332,301,1331,123,668,Kai Vega,False
3243_02,Mars,False,G/153/S,TRAPPIST-1e,16.1,False,1284,194,841,350,488,Kai Vega,True
3244_01,Mars,False,B/48/S,TRAPPIST-1e,26.6,False,445,79,744,697,1492,Remy Vivaldi,False
3244_02,Europa,False,A/7/P,PSO J318.5-22,20.2,False,1465,930,653,901,271,Ilya Komarov,True
3245_01,Mars,True,B/76/P,TRAPPIST-1e,43.2,False,0,0,0,0,0,Aria Lin,True
3245_02,Mars,False,B/79/S,55 Cancri e,34.3,False,685,651,296,1142,786,Hiro Tanaka,False
3246_01,Mars,True,B/22/P,TRAPPIST-1e,20.2,False,0,0,0,0,0,Priya Kaur,False
3246_02,Mars,False,A/13/P,TRAPPIST-1e,38.3,False,880,1281,350,1300,254,Hiro Tanaka,False
3247_01,Europa,True,G/42/S,TRAPPIST-1e,31.0,False,0,0,0,0,0,Nova Stark,True
3247_02,Earth,False,E/150/P,TRAPPIST-1e,32.3,False,466,1058,748,1317,601,Priya Kaur,True
3248_01,Earth,False,E/119/S,55 Cancri e,18.2,False,130,110,523,1311,686,Jordan Benson,False
3248_02,Mars,False,A/28/P,TRAPPIST-1e,31.3,False,830,665,1066,874,1317,Kai Vega,False
3249_01,Europa,True,D/100/P,TRAPPIST-1e,11.0,False,0,0,0,0,0,Lara Xel'Naga,True
3249_02,Mars,True,G/121/S,TRAPPIST-1e,35.7,True,0,0,0,0,0,Mila Benson,True
3250_01,Mars,False,G/138/S,55 Cancri e,37.4,False,218,765,1211,30,258,Remy Vivaldi,False
3250_02,Mars,False,B/141/S,55 Cancri e,33.4,False,1367,307,1094,306,567,Jordan Benson,False
3251_01,Mars,True,C/129/P,TRAPPIST-1e,37.4,False,0,0,0,0,0,Mila Benson,False
3251_02,Earth,True,G/20/P,TRAPPIST-1e,22.1,False,0,0,0,0,0,Ilya Komarov,False
3252_01,Earth,False,A/36/P,PSO J318.5-22,23.1,False,81,957,216,334,558,Ethan Zhao,True
3252_02,Earth,False,B/113/P,TRAPPIST-1e,37.6,True,863,873,752,593,703,Ilya Komarov,False
3253_01,Mars,False,B/174/S,TRAPPIST-1e,22.8,False,86,512,983,1008,586,Lara Xel'Naga,False
3253_02,Earth,True,G/101/S,PSO J318.5-22,22.2,False,0,0,0,0,0,Kai Vega,True
3254_01,Earth,False,D/155/P,TRAPPIST-1e,41.9,False,742,448,587,259,1223,Hiro Tanaka,False
3254_02,Earth,True,C/58/S,PSO J318.5-22,31.2,False,0,0,0,0,0,Kai Vega,True
3255_01,Earth,False,C/112/S,55 Cancri e,20.5,False,1375,1131,354,468,94,Ethan Zhao,False
3255_02,Earth,False,F/124/S,TRAPPIST-1e,6.4,False,867,90,1067,1479,954,Aria Lin,False
3256_01,Earth,True,C/193/S,TRAPPIST-1e,40.6,False,0,0,0,0,0,Kai Vega,True
3256_02,Earth,False,C/153/S,TRAPPIST-1e,19.1,False,1257,310,1440,1356,574,Lara Xel'Naga,False
3257_01,Europa,False,A/97/S,TRAPPIST-1e,18.2,False,188,459,188,350,580,Hiro Tanaka,False
3257_02,Europa,False,A/178/P,TRAPPIST-1e,43.5,False,113,103,619,1368,1044,Priya Kaur,False
3258_01,Earth,True,D/12/P,TRAPPIST-1e,39.6,False,0,0,0,0,0,Nova Stark,True
3258_02,Mars,False,B/24/P,PSO J318.5-22,23.4,False,1232,482,472,858,941,Ethan Zhao,False
3259_01,Earth,True,B/66/P,TRAPPIST-1e,25.1,False,0,0,0,0,0,Aria Lin,True
3259_02,Earth,False,D/157/P,PSO J318.5-22,33.5,False,1211,345,1375,540,46,Priya Kaur,True
3260_01,Mars,True,E/184/S,TRAPPIST-1e,38.9,False,0,0,0,0,0,Aria Lin,False
3260_02,Earth,False,C/68/S,TRAPPIST-1e,40.0,False,818,1059,756,1447,350,Ilya Komarov,False
3261_01,Europa,False,D/67/P,TRAPPIST-1e,30.3,False,1264,295,1485,44,494,Lara Xel'Naga,False
3261_02,Europa,False,F/197/S,TRAPPIST-1e,23.6,False,174,1003,1369,55,340,Lara Xel'Naga,False
3262_01,Earth,False,C/150/S,PSO J318.5-22,29.8,False,1131,213,757,1420,549,Mila Benson,False
3262_02,Mars,False,F/111/S,TRAPPIST-1e,15.1,False,496,172,104,478,1422,Remy Vivaldi,True
3263_01,Mars,True,E/2/S,55 Cancri e,6.5,False,0,0,0,0,0,Hiro Tanaka,True
3263_02,Earth,True,E/57/P,TRAPPIST-1e,30.9,False,0,0,0,0,0,Jordan Benson,True
3264_01,Europa,False,E/40/S,TRAPPIST-1e,19.6,False,1489,1364,58,477,1126,Ilya Komarov,False
3264_02,Earth,False,F/38/S,PSO J318.5-22,19.9,False,532,591,838,1345,548,Remy Vivaldi,False
3265_01,Europa,False,D/90/S,TRAPPIST-1e,26.2,False,1414,677,1196,661,683,Lara Xel'Naga,True
3265_02,Europa,True,A/57/P,TRAPPIST-1e,47.0,False,0,0,0,0,0,Leo Stark,True
3266_01,Earth,False,D/41/S,TRAPPIST-1e,24.7,False,642,962,967,493,310,Remy Vivaldi,False
3266_02,Earth,False,A/100/P,TRAPPIST-1e,26.9,False,520,368,1498,745,30,Ethan Zhao,False
3267_01,Europa,True,A/24/S,TRAPPIST-1e,8.7,False,0,0,0,0,0,Mila Benson,True
3267_02,Europa,False,E/118/P,55 Cancri e,25.5,False,496,963,1198,297,1388,Ilya Komarov,False
3268_01,Mars,False,G/179/P,55 Cancri e,22.3,False,1384,1499,228,778,984,Aria Lin,True
3268_02,Mars,False,G/37/S,TRAPPIST-1e,48.5,False,372,468,419,531,1423,Ilya Komarov,False
3269_01,Earth,True,A/103/S,55 Cancri e,36.1,False,0,0,0,0,0,Mila Benson,True
3269_02,Mars,True,E/56/P,TRAPPIST-1e,23.0,False,0,0,0,0,0,Ethan Zhao,True
3270_01,Mars,False,A/140/P,TRAPPIST-1e,55.1,False,368,1097,1292,14,1352,Priya Kaur,False
3270_02,Earth,False,A/2/S,TRAPPIST-1e,39.5,False,1415,1457,343,1218,1059,Jordan Benson,True
3271_01,Earth,False,B/186/P,TRAPPIST-1e,16.9,False,717,224,1409,63,947,Priya Kaur,False
3271_02,Europa,True,A/191/P,TRAPPIST-1e,26.9,False,0,0,0,0,0,Jordan Benson,True
3272_01,Mars,False,F/97/P,TRAPPIST-1e,12.2,False,1486,319,356,92,694,Jordan Benson,True
3272_02,Mars,False,D/158/S,TRAPPIST-1e,39.5,True,1323,1412,433,1125,840,Jordan Benson,True
3273_01,Earth,True,G/199/S,TRAPPIST-1e,35.2,False,0,0,0,0,0,Priya Kaur,True
3273_02,Earth,False,E/98/S,PSO J318.5-22,40.2,False,491,1083,812,391,1142,Hiro Tanaka,False
3274_01,Mars,False,A/111/S,TRAPPIST-1e,23.9,False,20,1120,512,907,714,Ilya Komarov,True
3274_02,Earth,False,C/78/S,TRAPPIST-1e,36.8,False,943,349,1155,545,598,Lara Xel'Naga,False
3275_01,Europa,True,F/22/P,TRAPPIST-1e,16.8,False,0,0,0,0,0,Kai Vega,True
3275_02,Earth,False,D/89/S,TRAPPIST-1e,39.6,False,824,971,919,32,898,Lara Xel'Naga,True
3276_01,Earth,False,B/108/P,TRAPPIST-1e,23.3,False,797,455,1167,223,216,Lara Xel'Naga,True
3276_02,Europa,False,C/74/S,55 Cancri e,16.1,False,155,788,35,635,8,Aria Lin,False
3277_01,Earth,True,A/103/P,PSO J318.5-22,39.4,False,0,0,0,0,0,Aria Lin,True
3277_02,Earth,True,E/107/S,55 Cancri e,19.8,False,0,0,0,0,0,Ilya Komarov,True
3278_01,Mars,False,B/131/S,55 Cancri e,18.0,True,793,961,369,596,1410,Remy Vivaldi,False
3278_02,Earth,False,C/157/S,TRAPPIST-1e,35.7,True,1137,570,1061,376,1422,Hiro Tanaka,False
3279_01,Mars,False,D/194/S,TRAPPIST-1e,24.8,False,117,420,1266,540,1250,Mila Benson,False
3279_02,Europa,False,D/167/S,PSO J318.5-22,41.4,False,1236,929,698,112,372,Aria Lin,True
3280_01,Europa,False,D/77/S,TRAPPIST-1e,24.4,False,670,10,7,1176,1158,Nova Stark,False
3280_02,Earth,False,D/89/S,55 Cancri e,38.5,False,1396,460,1258,254,585,Jordan Benson,True
3281_01,Europa,False,C/51/S,TRAPPIST-1e,46.2,False,787,208,266,655,996,Ethan Zhao,False
3281_02,Europa,False,E/119/P,TRAPPIST-1e,27.3,False,553,735,420,307,136,Lara Xel'Naga,False
3282_01,Europa,False,C/66/S,TRAPPIST-1e,21.2,False,1281,1048,1255,1355,605,Kai Vega,False
3282_02,Europa,False,D/177/S,TRAPPIST-1e,30.1,False,1013,861,220,296,1226,Aria Lin,True
3283_01,Europa,True,A/40/P,TRAPPIST-1e,37.0,False,0,0,0,0,0,Leo Stark,True
3283_02,Mars,True,B/142/P,TRAPPIST-1e,30.1,False,0,0,0,0,0,Remy Vivaldi,True
3284_01,Earth,False,B/90/S,55 Cancri e,26.8,False,1065,1478,1205,756,1218,Lara Xel'Naga,False
3284_02,Europa,False,E/188/S,TRAPPIST-1e,17.9,False,589,387,926,636,140,Aria Lin,False
3285_01,Europa,False,B/171/P,TRAPPIST-1e,35.5,False,292,1259,714,456,891,Hiro Tanaka,False
3285_02,Earth,True,G/163/S,PSO J318.5-22,35.7,False,0,0,0,0,0,Hiro Tanaka,True
3286_01,Mars,False,D/3/P,TRAPPIST-1e,48.7,False,764,1090,175,509,1114,Jordan Benson,False
3286_02,Mars,False,E/28/S,TRAPPIST-1e,40.7,False,704,1189,601,837,1001,Nova Stark,True
3287_01,Earth,True,A/29/S,55 Cancri e,26.3,False,0,0,0,0,0,Ethan Zhao,False
3287_02,Earth,True,G/17/S,TRAPPIST-1e,15.6,False,0,0,0,0,0,Ilya Komarov,False
3288_01,Mars,True,D/191/P,TRAPPIST-1e,30.5,False,0,0,0,0,0,Nova Stark,True
3288_02,Europa,False,E/24/P,TRAPPIST-1e,26.2,False,1110,605,1075,1202,1301,Kai Vega,True
3289_01,Earth,True,D/125/P,TRAPPIST-1e,20.1,False,0,0,0,0,0,Aria Lin,True
3289_02,Mars,False,B/115/S,PSO J318.5-22,15.2,False,373,579,516,1261,1489,Mila Benson,False
3290_01,Mars,True,G/51/P,TRAPPIST-1e,30.2,False,0,0,0,0,0,Leo Stark,True
3290_02,Europa,False,A/80/P,TRAPPIST-1e,42.8,False,1220,71,90,490,748,Ilya Komarov,False
3291_01,Europa,False,G/122/P,TRAPPIST-1e,26.4,False,1133,150,430,450,642,Lara Xel'Naga,False
3291_02,Earth,True,B/8/S,PSO J318.5-22,31.1,False,0,0,0,0,0,Kai Vega,True
3292_01,Earth,True,B/130/P,PSO J318.5-22,24.6,False,0,0,0,0,0,Ethan Zhao,True
3292_02,Mars,False,F/35/S,TRAPPIST-1e,22.2,False,819,238,433,703,1150,Nova Stark,False
3293_01,Europa,False,B/143/S,55 Cancri e,39.7,False,868,522,650,958,436,Lara Xel'Naga,False
3293_02,Europa,False,G/42/S,TRAPPIST-1e,27.0,False,856,313,18,1183,817,Ilya Komarov,False
3294_01,Mars,False,E/46/P,TRAPPIST-1e,30.0,False,168,581,1172,628,25,Ethan Zhao,True
3294_02,Europa,False,C/39/P,TRAPPIST-1e,18.9,True,1271,720,1250,1033,1118,Kai Vega,False
3295_01,Europa,False,A/195/S,55 Cancri e,19.4,False,1050,704,496,851,1159,Kai Vega,False
3295_02,Mars,False,F/9/S,55 Cancri e,28.9,False,706,1072,120,1240,625,Priya Kaur,False
3296_01,Earth,False,D/153/P,TRAPPIST-1e,17.4,False,239,1327,66,1304,1215,Nova Stark,False
3296_02,Europa,False,A/191/P,PSO J318.5-22,4.8,False,1142,1175,1415,230,350,Nova Stark,False
3297_01,Europa,False,F/47/S,TRAPPIST-1e,36.5,False,1065,1328,1029,328,1193,Ilya Komarov,False
3297_02,Mars,False,B/28/P,TRAPPIST-1e,32.9,False,910,337,1092,881,538,Nova Stark,False
3298_01,Mars,False,A/57/P,PSO J318.5-22,31.9,False,442,923,919,50,148,Jordan Benson,False
3298_02,Earth,False,F/53/S,55 Cancri e,48.5,False,1115,367,579,655,75,Lara Xel'Naga,False
3299_01,Mars,False,A/87/P,TRAPPIST-1e,29.3,False,591,23,27,120,852,Kai Vega,False
3299_02,Mars,False,E/122/P,55 Cancri e,32.8,False,623,889,1368,30,1250,Remy Vivaldi,False
3300_01,Europa,False,B/90/P,TRAPPIST-1e,14.5,False,388,943,1311,1014,474,Kai Vega,False
3300_02,Europa,False,B/85/S,TRAPPIST-1e,25.9,False,755,602,925,1029,792,Ilya Komarov,True
3301_01,Mars,False,B/173/P,TRAPPIST-1e,16.5,False,1422,1305,190,785,584,Lara Xel'Naga,True
3301_02,Europa,False,E/108/S,55 Cancri e,37.9,False,958,499,579,815,1457,Aria Lin,False
3302_01,Mars,False,C/57/S,PSO J318.5-22,19.9,False,1465,1330,779,942,1149,Lara Xel'Naga,True
3302_02,Europa,False,F/91/P,TRAPPIST-1e,34.2,False,264,6,1436,1229,1202,Hiro Tanaka,True
3303_01,Europa,True,F/140/S,PSO J318.5-22,29.6,False,0,0,0,0,0,Nova Stark,True
3303_02,Earth,True,D/74/P,TRAPPIST-1e,27.1,False,0,0,0,0,0,Jordan Benson,True
3304_01,Mars,False,F/139/S,TRAPPIST-1e,11.8,False,747,145,1319,240,856,Lara Xel'Naga,False
3304_02,Earth,True,A/101/P,PSO J318.5-22,21.3,False,0,0,0,0,0,Leo Stark,True
3305_01,Earth,False,F/32/S,TRAPPIST-1e,25.7,False,1441,331,911,1065,644,Aria Lin,True
3305_02,Mars,False,B/178/P,55 Cancri e,37.5,False,34,875,1370,383,810,Remy Vivaldi,False
3306_01,Mars,False,A/166/S,55 Cancri e,20.4,False,1056,94,1019,204,833,Nova Stark,False
3306_02,Earth,False,B/8/P,55 Cancri e,9.5,False,29,265,22,608,38,Nova Stark,False
3307_01,Europa,False,D/189/S,55 Cancri e,38.8,False,413,691,614,208,21,Jordan Benson,False
3307_02,Earth,False,G/192/S,TRAPPIST-1e,25.0,False,4,650,213,919,906,Jordan Benson,False
3308_01,Earth,False,C/57/P,PSO J318.5-22,27.4,False,666,799,316,792,575,Mila Benson,False
3308_02,Europa,False,F/130/S,TRAPPIST-1e,42.0,False,1179,1447,90,1065,760,Ilya Komarov,False
3309_01,Earth,False,G/87/P,55 Cancri e,20.2,False,1087,205,1438,849,1267,Leo Stark,False
3309_02,Earth,False,E/165/S,TRAPPIST-1e,38.3,False,589,622,1239,964,964,Nova Stark,False
3310_01,Mars,True,A/108/S,TRAPPIST-1e,16.0,False,0,0,0,0,0,Ethan Zhao,True
3310_02,Mars,False,C/128/S,TRAPPIST-1e,55.1,False,78,414,1476,1172,638,Kai Vega,True
3311_01,Europa,True,F/193/S,TRAPPIST-1e,29.3,False,0,0,0,0,0,Priya Kaur,True
3311_02,Earth,False,G/198/S,TRAPPIST-1e,19.2,True,332,287,1135,1114,1072,Jordan Benson,False
3312_01,Europa,True,E/125/P,TRAPPIST-1e,44.6,False,0,0,0,0,0,Priya Kaur,False
3312_02,Earth,False,F/174/P,55 Cancri e,30.1,False,319,923,363,1465,474,Jordan Benson,False
3313_01,Europa,False,E/28/S,PSO J318.5-22,10.6,False,588,1243,342,905,1117,Leo Stark,False
3313_02,Earth,False,A/120/S,55 Cancri e,22.8,False,1156,171,625,1032,681,Mila Benson,True
3314_01,Earth,False,D/183/S,PSO J318.5-22,35.8,False,284,1283,494,354,213,Ethan Zhao,True
3314_02,Mars,True,E/23/S,TRAPPIST-1e,11.1,False,0,0,0,0,0,Hiro Tanaka,True
3315_01,Mars,True,G/104/S,TRAPPIST-1e,33.9,False,0,0,0,0,0,Jordan Benson,True
3315_02,Mars,True,B/22/S,TRAPPIST-1e,42.7,False,0,0,0,0,0,Jordan Benson,True
3316_01,Earth,False,G/191/S,PSO J318.5-22,35.3,False,643,530,952,786,474,Lara Xel'Naga,False
3316_02,Mars,False,B/126/S,PSO J318.5-22,25.9,False,41,603,1284,47,727,Jordan Benson,False
3317_01,Earth,False,G/109/S,TRAPPIST-1e,40.1,False,939,342,1261,154,937,Hiro Tanaka,True
3317_02,Earth,False,G/85/S,55 Cancri e,29.2,False,840,1079,386,893,1338,Leo Stark,True
3318_01,Earth,False,B/74/P,TRAPPIST-1e,34.2,False,230,451,1365,1476,256,Mila Benson,True
3318_02,Earth,False,F/122/S,55 Cancri e,18.4,False,433,208,1224,136,564,Aria Lin,False
3319_01,Mars,False,C/166/S,55 Cancri e,34.0,False,844,35,1238,26,17,Kai Vega,False
3319_02,Mars,True,E/126/P,PSO J318.5-22,44.5,False,0,0,0,0,0,Aria Lin,True
3320_01,Europa,True,C/84/S,55 Cancri e,42.2,False,0,0,0,0,0,Mila Benson,False
3320_02,Mars,True,G/17/S,TRAPPIST-1e,24.6,False,0,0,0,0,0,Aria Lin,True
3321_01,Earth,False,F/107/S,PSO J318.5-22,11.4,False,122,956,1000,986,1251,Hiro Tanaka,False
3321_02,Europa,False,E/126/S,TRAPPIST-1e,24.5,False,337,990,272,1460,901,Ilya Komarov,True
3322_01,Earth,True,C/191/P,PSO J318.5-22,33.5,False,0,0,0,0,0,Ethan Zhao,False
3322_02,Europa,False,C/23/P,55 Cancri e,36.7,False,314,613,754,156,871,Ilya Komarov,False
3323_01,Earth,False,F/159/S,55 Cancri e,26.2,False,854,634,455,46,1355,Nova Stark,False
3323_02,Earth,False,G/11/S,55 Cancri e,17.1,False,9,143,1454,1175,486,Remy Vivaldi,False
3324_01,Earth,True,D/113/S,55 Cancri e,45.8,False,0,0,0,0,0,Jordan Benson,True
3324_02,Europa,False,F/144/S,TRAPPIST-1e,11.7,False,1030,590,1038,1455,898,Jordan Benson,False
3325_01,Europa,True,B/181/P,TRAPPIST-1e,13.0,False,0,0,0,0,0,Kai Vega,True
3325_02,Europa,True,F/194/P,55 Cancri e,22.6,False,0,0,0,0,0,Jordan Benson,False
3326_01,Mars,True,F/35/P,TRAPPIST-1e,20.0,False,0,0,0,0,0,Mila Benson,True
3326_02,Mars,True,D/180/S,TRAPPIST-1e,38.3,False,0,0,0,0,0,Priya Kaur,False
3327_01,Mars,False,E/128/S,55 Cancri e,29.5,False,374,463,74,241,1040,Kai Vega,False
3327_02,Mars,False,F/126/S,55 Cancri e,41.8,False,1282,122,1334,110,1279,Ilya Komarov,True
3328_01,Earth,False,A/118/S,55 Cancri e,40.3,False,91,1384,1146,336,512,Hiro Tanaka,True
3328_02,Mars,False,B/58/S,TRAPPIST-1e,20.9,True,602,427,1456,6,119,Aria Lin,False
3329_01,Europa,False,B/35/S,PSO J318.5-22,10.1,False,1121,1066,182,696,564,Leo Stark,False
3329_02,Mars,False,F/156/S,TRAPPIST-1e,30.6,True,1258,445,199,947,512,Remy Vivaldi,True
3330_01,Mars,False,C/16/P,TRAPPIST-1e,25.4,False,545,485,1384,167,889,Lara Xel'Naga,True
3330_02,Earth,True,B/11/S,55 Cancri e,25.0,False,0,0,0,0,0,Jordan Benson,False
3331_01,Earth,True,B/145/S,55 Cancri e,40.6,False,0,0,0,0,0,Leo Stark,True
3331_02,Europa,False,G/146/S,PSO J318.5-22,26.1,False,827,136,1256,114,1275,Mila Benson,False
3332_01,Europa,False,B/194/S,TRAPPIST-1e,23.4,False,515,687,1019,1295,1454,Nova Stark,True
3332_02,Mars,False,D/18/P,PSO J318.5-22,28.5,False,1049,1093,292,1429,1257,Ilya Komarov,False
3333_01,Mars,True,F/51/S,TRAPPIST-1e,31.5,False,0,0,0,0,0,Leo Stark,True
3333_02,Earth,False,G/31/S,PSO J318.5-22,29.5,False,1144,1486,517,1047,705,Aria Lin,False
3334_01,Europa,True,C/143/S,TRAPPIST-1e,18.3,False,0,0,0,0,0,Jordan Benson,True
3334_02,Earth,True,G/85/P,TRAPPIST-1e,34.7,True,0,0,0,0,0,Mila Benson,False
3335_01,Earth,True,F/116/P,TRAPPIST-1e,33.0,False,0,0,0,0,0,Kai Vega,True
3335_02,Earth,False,F/64/P,TRAPPIST-1e,11.3,False,969,498,1197,599,777,Aria Lin,True
3336_01,Earth,True,F/113/P,55 Cancri e,33.8,False,0,0,0,0,0,Ilya Komarov,False
3336_02,Mars,True,A/195/S,55 Cancri e,49.0,False,0,0,0,0,0,Aria Lin,False
3337_01,Europa,False,F/37/P,TRAPPIST-1e,42.5,True,910,626,1360,689,773,Jordan Benson,False
3337_02,Mars,False,E/197/P,TRAPPIST-1e,30.1,False,1404,912,119,25,63,Jordan Benson,False
3338_01,Europa,False,A/188/S,PSO J318.5-22,28.8,False,804,1239,1479,985,735,Remy Vivaldi,True
3338_02,Earth,True,A/170/S,55 Cancri e,31.9,False,0,0,0,0,0,Jordan Benson,True
3339_01,Mars,False,F/82/P,PSO J318.5-22,33.7,False,578,1496,1382,1149,971,Lara Xel'Naga,False
3339_02,Earth,False,A/109/S,PSO J318.5-22,21.3,False,860,706,1110,1366,394,Ethan Zhao,False
3340_01,Mars,False,G/198/P,55 Cancri e,30.4,False,306,1099,1045,59,385,Ethan Zhao,False
3340_02,Mars,True,D/32/P,TRAPPIST-1e,38.4,False,0,0,0,0,0,Hiro Tanaka,False
3341_01,Europa,False,E/23/S,TRAPPIST-1e,27.3,False,864,1214,481,1439,339,Ilya Komarov,True
3341_02,Europa,False,F/3/P,TRAPPIST-1e,11.9,False,795,891,775,1282,1373,Ilya Komarov,False
3342_01,Mars,False,F/71/S,TRAPPIST-1e,29.4,False,1082,151,933,539,224,Priya Kaur,False
3342_02,Earth,False,A/180/P,TRAPPIST-1e,31.4,False,1341,562,1302,557,1497,Ilya Komarov,False
3343_01,Europa,True,G/74/S,TRAPPIST-1e,24.0,False,0,0,0,0,0,Kai Vega,True
3343_02,Earth,False,G/139/S,55 Cancri e,12.2,False,334,1456,2,1007,1281,Kai Vega,False
3344_01,Mars,False,C/155/P,PSO J318.5-22,45.4,False,904,139,1312,205,42,Remy Vivaldi,False
3344_02,Earth,True,E/104/S,TRAPPIST-1e,26.0,False,0,0,0,0,0,Remy Vivaldi,True
3345_01,Mars,False,F/126/S,TRAPPIST-1e,23.7,False,634,344,1165,371,1255,Ethan Zhao,False
3345_02,Mars,False,B/2/P,TRAPPIST-1e,41.1,False,1187,546,1387,983,334,Leo Stark,True
3346_01,Earth,False,A/57/P,TRAPPIST-1e,27.5,False,946,912,1404,709,852,Ilya Komarov,False
3346_02,Earth,True,B/108/S,TRAPPIST-1e,9.2,False,0,0,0,0,0,Ethan Zhao,True
3347_01,Europa,False,E/72/S,TRAPPIST-1e,29.5,False,735,633,1051,1486,395,Aria Lin,False
3347_02,Earth,True,G/146/P,PSO J318.5-22,34.7,False,0,0,0,0,0,Leo Stark,True
3348_01,Europa,True,D/110/P,TRAPPIST-1e,11.8,False,0,0,0,0,0,Lara Xel'Naga,False
3348_02,Mars,True,A/16/P,TRAPPIST-1e,11.2,False,0,0,0,0,0,Priya Kaur,True
3349_01,Europa,False,G/110/S,TRAPPIST-1e,16.8,False,18,373,93,31,139,Aria Lin,False
3349_02,Europa,False,D/157/S,PSO J318.5-22,29.0,False,972,1044,1172,1244,732,Aria Lin,True
3350_01,Europa,False,B/130/P,PSO J318.5-22,20.9,False,57,1448,1298,139,1046,Ilya Komarov,False
3350_02,Mars,False,E/185/S,55 Cancri e,28.1,False,900,377,921,372,1086,Priya Kaur,True
3351_01,Mars,True,D/54/S,55 Cancri e,40.3,False,0,0,0,0,0,Leo Stark,True
3351_02,Europa,True,C/10/S,PSO J318.5-22,30.1,False,0,0,0,0,0,Ethan Zhao,True
3352_01,Earth,False,D/60/S,TRAPPIST-1e,45.5,False,583,500,895,998,559,Hiro Tanaka,False
3352_02,Mars,False,C/153/S,TRAPPIST-1e,14.5,False,1371,1295,1453,1011,232,Remy Vivaldi,False
3353_01,Earth,False,G/200/S,TRAPPIST-1e,17.1,False,920,860,1242,871,80,Ilya Komarov,True
3353_02,Europa,True,F/162/S,TRAPPIST-1e,27.8,False,0,0,0,0,0,Mila Benson,True
3354_01,Mars,False,D/199/S,55 Cancri e,7.5,False,764,1274,737,605,1438,Remy Vivaldi,False
3354_02,Mars,True,A/156/P,TRAPPIST-1e,23.2,False,0,0,0,0,0,Ilya Komarov,True
3355_01,Mars,False,G/147/P,TRAPPIST-1e,13.9,True,195,994,1320,945,43,Remy Vivaldi,False
3355_02,Earth,True,D/41/S,TRAPPIST-1e,24.6,False,0,0,0,0,0,Mila Benson,True
3356_01,Earth,True,E/178/S,55 Cancri e,42.6,False,0,0,0,0,0,Nova Stark,True
3356_02,Mars,True,E/29/S,PSO J318.5-22,41.3,False,0,0,0,0,0,Remy Vivaldi,True
3357_01,Earth,True,B/94/S,TRAPPIST-1e,15.7,False,0,0,0,0,0,Leo Stark,False
3357_02,Europa,False,D/196/P,TRAPPIST-1e,31.3,False,58,109,478,617,783,Priya Kaur,False
3358_01,Earth,False,E/174/S,TRAPPIST-1e,36.4,False,600,939,991,530,1026,Ethan Zhao,False
3358_02,Mars,False,G/3/P,55 Cancri e,28.1,False,377,571,1265,586,356,Hiro Tanaka,False
3359_01,Mars,False,F/180/P,PSO J318.5-22,16.6,False,1442,658,1296,34,1006,Aria Lin,False
3359_02,Earth,False,C/17/S,PSO J318.5-22,17.5,True,460,717,1276,511,1071,Priya Kaur,False
3360_01,Europa,True,F/156/S,TRAPPIST-1e,36.3,False,0,0,0,0,0,Kai Vega,False
3360_02,Earth,True,D/76/S,TRAPPIST-1e,25.3,False,0,0,0,0,0,Ilya Komarov,True
3361_01,Europa,False,D/117/P,TRAPPIST-1e,30.0,False,623,1165,172,446,1142,Ethan Zhao,False
3361_02,Mars,False,A/194/S,TRAPPIST-1e,16.7,False,10,760,1327,1177,322,Mila Benson,True
3362_01,Mars,True,D/199/S,PSO J318.5-22,23.8,False,0,0,0,0,0,Ilya Komarov,False
3362_02,Europa,False,F/112/P,55 Cancri e,23.9,False,220,109,409,1441,504,Nova Stark,True
3363_01,Mars,True,E/97/P,TRAPPIST-1e,27.7,False,0,0,0,0,0,Priya Kaur,False
3363_02,Earth,True,A/128/S,TRAPPIST-1e,29.7,False,0,0,0,0,0,Leo Stark,True
3364_01,Europa,False,F/21/S,TRAPPIST-1e,31.3,False,822,460,1141,216,76,Nova Stark,False
3364_02,Earth,False,F/41/P,TRAPPIST-1e,28.6,False,1444,891,1195,389,1049,Nova Stark,False
3365_01,Earth,True,B/33/P,TRAPPIST-1e,37.5,False,0,0,0,0,0,Priya Kaur,False
3365_02,Earth,True,A/49/S,PSO J318.5-22,24.5,False,0,0,0,0,0,Ilya Komarov,True
3366_01,Europa,True,A/62/P,TRAPPIST-1e,27.4,False,0,0,0,0,0,Nova Stark,True
3366_02,Earth,False,C/189/S,55 Cancri e,23.5,False,1200,852,830,1289,972,Jordan Benson,True
3367_01,Mars,False,B/106/P,PSO J318.5-22,33.4,False,1352,1478,1318,121,158,Lara Xel'Naga,False
3367_02,Mars,True,F/129/P,TRAPPIST-1e,27.7,False,0,0,0,0,0,Remy Vivaldi,False
3368_01,Europa,False,G/154/P,55 Cancri e,23.4,False,1061,590,345,1275,148,Kai Vega,False
3368_02,Mars,False,G/133/S,TRAPPIST-1e,34.7,False,1039,1390,834,780,117,Remy Vivaldi,True
3369_01,Europa,True,C/15/S,TRAPPIST-1e,22.1,False,0,0,0,0,0,Nova Stark,True
3369_02,Mars,False,E/49/P,55 Cancri e,24.8,False,1374,296,1217,1415,442,Aria Lin,False
3370_01,Earth,False,E/91/S,TRAPPIST-1e,39.1,False,425,249,685,751,997,Priya Kaur,True
3370_02,Earth,True,A/153/P,55 Cancri e,33.3,False,0,0,0,0,0,Leo Stark,True
3371_01,Earth,False,E/198/P,55 Cancri e,35.8,False,366,119,849,1463,432,Mila Benson,False
3371_02,Mars,True,D/79/S,TRAPPIST-1e,40.0,False,0,0,0,0,0,Leo Stark,True
3372_01,Earth,False,F/13/S,TRAPPIST-1e,17.7,False,30,976,1172,527,1296,Hiro Tanaka,False
3372_02,Earth,True,D/28/S,TRAPPIST-1e,26.6,False,0,0,0,0,0,Lara Xel'Naga,False
3373_01,Europa,False,F/57/S,TRAPPIST-1e,27.6,False,1390,829,788,617,548,Aria Lin,False
3373_02,Mars,False,A/93/P,TRAPPIST-1e,23.6,False,290,421,180,654,113,Priya Kaur,False
3374_01,Europa,False,D/110/S,55 Cancri e,44.0,False,1130,243,422,334,1046,Hiro Tanaka,True
3374_02,Mars,False,B/150/P,PSO J318.5-22,28.7,False,270,1163,1489,453,1407,Kai Vega,True
3375_01,Earth,False,G/152/P,PSO J318.5-22,28.5,False,131,767,500,1163,134,Lara Xel'Naga,True
3375_02,Europa,False,F/100/P,55 Cancri e,22.6,False,766,811,1430,769,93,Lara Xel'Naga,False
3376_01,Earth,False,G/197/S,TRAPPIST-1e,20.6,False,324,1241,939,619,230,Aria Lin,True
3376_02,Earth,True,G/162/P,TRAPPIST-1e,5.2,False,0,0,0,0,0,Leo Stark,True
3377_01,Earth,True,D/50/P,TRAPPIST-1e,20.0,False,0,0,0,0,0,Remy Vivaldi,True
3377_02,Mars,True,C/95/P,TRAPPIST-1e,39.9,False,0,0,0,0,0,Mila Benson,True
3378_01,Mars,True,B/189/P,55 Cancri e,26.4,False,0,0,0,0,0,Aria Lin,True
3378_02,Mars,False,D/142/S,55 Cancri e,25.1,False,1450,402,1055,120,726,Mila Benson,False
3379_01,Earth,False,A/9/P,PSO J318.5-22,26.5,False,475,559,1190,388,1356,Priya Kaur,False
3379_02,Mars,False,F/193/P,55 Cancri e,30.3,False,789,752,1494,703,52,Ilya Komarov,False
3380_01,Earth,False,G/81/S,TRAPPIST-1e,36.3,False,861,1479,321,826,432,Ethan Zhao,False
3380_02,Earth,False,A/144/P,55 Cancri e,18.0,False,1082,1174,1463,57,1017,Ethan Zhao,False
3381_01,Europa,False,A/73/P,TRAPPIST-1e,47.7,False,750,1316,181,606,1101,Aria Lin,False
3381_02,Earth,False,C/110/S,TRAPPIST-1e,23.6,False,960,104,1284,606,1246,Aria Lin,False
3382_01,Earth,True,A/10/P,55 Cancri e,38.0,False,0,0,0,0,0,Leo Stark,False
3382_02,Mars,False,E/142/S,TRAPPIST-1e,22.7,False,318,706,508,19,751,Nova Stark,False
3383_01,Earth,False,F/176/S,TRAPPIST-1e,34.5,False,1373,452,585,983,422,Ilya Komarov,False
3383_02,Mars,False,C/159/P,TRAPPIST-1e,22.4,False,1213,1148,5,457,553,Kai Vega,True
3384_01,Europa,False,B/144/P,55 Cancri e,30.6,False,1112,845,1134,550,1420,Leo Stark,False
3384_02,Earth,False,C/158/P,55 Cancri e,23.5,False,10,496,1039,1056,744,Jordan Benson,False
3385_01,Earth,False,B/104/P,PSO J318.5-22,10.5,False,42,538,567,120,624,Mila Benson,False
3385_02,Europa,True,A/169/S,TRAPPIST-1e,40.5,False,0,0,0,0,0,Jordan Benson,True
3386_01,Earth,False,A/28/S,TRAPPIST-1e,35.7,False,611,958,646,762,1360,Priya Kaur,True
3386_02,Earth,True,D/148/P,55 Cancri e,49.6,False,0,0,0,0,0,Lara Xel'Naga,True
3387_01,Europa,False,F/29/S,PSO J318.5-22,38.3,False,376,3,793,845,1351,Hiro Tanaka,False
3387_02,Mars,False,B/89/S,PSO J318.5-22,15.3,False,196,388,260,602,93,Kai Vega,False
3388_01,Earth,True,F/193/S,PSO J318.5-22,31.4,False,0,0,0,0,0,Ilya Komarov,True
3388_02,Mars,False,D/71/P,55 Cancri e,32.7,False,497,1201,111,1287,1437,Ilya Komarov,True
3389_01,Europa,False,F/125/S,55 Cancri e,32.0,False,767,585,1406,672,510,Ilya Komarov,False
3389_02,Earth,False,E/63/S,TRAPPIST-1e,42.9,False,712,819,376,544,72,Jordan Benson,True
3390_01,Earth,False,C/86/S,TRAPPIST-1e,14.7,False,709,324,387,827,239,Aria Lin,True
3390_02,Earth,False,B/132/S,TRAPPIST-1e,40.1,False,975,1097,30,478,1037,Kai Vega,True
3391_01,Mars,False,A/172/S,TRAPPIST-1e,33.4,False,1005,537,290,974,23,Aria Lin,False
3391_02,Earth,False,A/78/S,TRAPPIST-1e,35.4,False,414,850,961,680,1059,Remy Vivaldi,False
3392_01,Mars,False,A/25/S,TRAPPIST-1e,54.3,False,210,741,591,749,171,Kai Vega,False
3392_02,Europa,True,F/77/P,TRAPPIST-1e,34.6,False,0,0,0,0,0,Remy Vivaldi,True
3393_01,Mars,False,E/70/P,PSO J318.5-22,31.1,False,533,364,366,1367,295,Remy Vivaldi,True
3393_02,Europa,False,A/4/P,55 Cancri e,28.4,False,1364,605,755,522,264,Nova Stark,False
3394_01,Earth,False,C/89/P,TRAPPIST-1e,26.4,False,1154,381,1248,1166,430,Jordan Benson,True
3394_02,Europa,False,C/137/P,55 Cancri e,22.5,False,388,53,23,394,632,Remy Vivaldi,False
3395_01,Earth,False,D/45/S,55 Cancri e,24.7,False,1208,191,486,632,720,Priya Kaur,True
3395_02,Earth,True,E/133/P,TRAPPIST-1e,25.3,False,0,0,0,0,0,Kai Vega,True
3396_01,Mars,False,B/167/P,55 Cancri e,43.9,False,1073,924,875,983,1234,Ilya Komarov,False
3396_02,Earth,False,D/71/S,TRAPPIST-1e,34.7,True,972,1306,378,1349,1321,Mila Benson,False
3397_01,Mars,False,C/92/P,PSO J318.5-22,41.7,False,1415,1425,479,1424,569,Mila Benson,False
3397_02,Mars,False,B/14/P,TRAPPIST-1e,18.2,False,1385,65,1451,851,431,Leo Stark,True
3398_01,Earth,False,D/47/P,TRAPPIST-1e,37.8,False,855,5,157,1402,329,Remy Vivaldi,False
3398_02,Europa,False,A/68/P,TRAPPIST-1e,39.6,False,1126,222,401,544,508,Leo Stark,False
3399_01,Earth,False,C/119/P,TRAPPIST-1e,30.1,False,580,1403,537,1436,517,Lara Xel'Naga,True
3399_02,Europa,False,C/67/P,TRAPPIST-1e,23.5,False,767,294,1014,259,1407,Nova Stark,False
3400_01,Mars,False,B/197/S,TRAPPIST-1e,18.1,False,718,1100,679,853,1402,Aria Lin,False
3400_02,Europa,False,C/38/S,TRAPPIST-1e,26.9,False,460,1079,806,1104,1199,Mila Benson,False
3401_01,Europa,False,F/118/P,55 Cancri e,36.8,False,1432,973,921,29,729,Mila Benson,False
3401_02,Earth,True,F/63/P,TRAPPIST-1e,32.7,False,0,0,0,0,0,Jordan Benson,True
3402_01,Earth,False,D/94/S,TRAPPIST-1e,11.1,False,1185,728,1251,1244,745,Aria Lin,False
3402_02,Earth,False,C/45/S,TRAPPIST-1e,23.9,True,1096,398,94,474,1118,Lara Xel'Naga,False
3403_01,Europa,False,B/43/P,55 Cancri e,22.7,False,943,1022,620,859,963,Nova Stark,False
3403_02,Europa,False,B/138/S,55 Cancri e,15.7,False,1071,812,94,32,1141,Priya Kaur,False
3404_01,Earth,False,F/124/S,55 Cancri e,19.6,False,217,1076,1149,1182,794,Hiro Tanaka,True
3404_02,Mars,False,D/94/S,TRAPPIST-1e,45.1,False,175,291,1182,490,760,Priya Kaur,False
3405_01,Europa,False,D/52/P,55 Cancri e,43.7,False,124,1338,1302,603,937,Leo Stark,False
3405_02,Mars,True,A/189/P,TRAPPIST-1e,18.2,False,0,0,0,0,0,Aria Lin,True
3406_01,Earth,False,F/133/S,TRAPPIST-1e,29.9,False,758,1197,1395,1173,248,Aria Lin,False
3406_02,Earth,True,C/74/P,TRAPPIST-1e,39.1,False,0,0,0,0,0,Nova Stark,True
3407_01,Mars,True,E/135/P,PSO J318.5-22,0.0,False,0,0,0,0,0,Priya Kaur,False
3407_02,Mars,False,C/39/S,TRAPPIST-1e,38.7,False,116,702,656,831,261,Hiro Tanaka,False
3408_01,Earth,False,G/87/P,TRAPPIST-1e,7.0,False,1061,196,1460,683,873,Ilya Komarov,True
3408_02,Earth,False,D/6/S,55 Cancri e,28.3,False,1433,332,1488,719,1181,Aria Lin,False
3409_01,Europa,False,B/192/S,55 Cancri e,39.9,False,196,1143,225,594,1433,Nova Stark,False
3409_02,Earth,False,A/5/P,PSO J318.5-22,18.9,False,912,734,1362,918,536,Mila Benson,False
3410_01,Earth,True,A/184/P,TRAPPIST-1e,10.6,False,0,0,0,0,0,Nova Stark,True
3410_02,Earth,False,D/153/P,TRAPPIST-1e,44.1,False,201,31,1112,1225,1316,Priya Kaur,False
3411_01,Earth,True,B/43/S,TRAPPIST-1e,16.9,False,0,0,0,0,0,Leo Stark,True
3411_02,Europa,True,C/68/S,TRAPPIST-1e,29.6,False,0,0,0,0,0,Jordan Benson,True
3412_01,Earth,True,A/159/S,55 Cancri e,29.9,False,0,0,0,0,0,Ilya Komarov,True
3412_02,Mars,False,G/21/P,PSO J318.5-22,36.2,False,770,468,425,833,1083,Hiro Tanaka,True
3413_01,Earth,False,C/48/P,TRAPPIST-1e,42.2,False,1408,1433,41,122,700,Leo Stark,True
3413_02,Mars,False,D/157/P,TRAPPIST-1e,18.2,False,251,972,603,212,267,Leo Stark,False
3414_01,Mars,False,A/9/S,55 Cancri e,39.2,False,705,1010,618,1158,497,Ilya Komarov,True
3414_02,Earth,False,A/91/S,TRAPPIST-1e,21.5,False,1020,781,125,1382,840,Ilya Komarov,False
3415_01,Mars,False,D/164/P,PSO J318.5-22,34.1,False,1317,1463,515,1414,315,Lara Xel'Naga,False
3415_02,Earth,False,A/174/P,TRAPPIST-1e,51.9,False,1031,1147,1395,313,1208,Hiro Tanaka,False
3416_01,Mars,False,A/154/S,TRAPPIST-1e,20.9,False,38,1107,1044,252,302,Priya Kaur,False
3416_02,Mars,False,E/147/P,PSO J318.5-22,52.4,False,978,257,999,541,639,Jordan Benson,False
3417_01,Europa,True,F/146/S,55 Cancri e,43.9,False,0,0,0,0,0,Aria Lin,True
3417_02,Mars,True,B/169/P,55 Cancri e,23.4,False,0,0,0,0,0,Mila Benson,True
3418_01,Earth,True,C/29/S,TRAPPIST-1e,32.5,False,0,0,0,0,0,Leo Stark,False
3418_02,Mars,True,B/52/P,55 Cancri e,11.4,True,0,0,0,0,0,Priya Kaur,True
3419_01,Europa,False,D/112/S,55 Cancri e,20.5,False,1458,1429,77,457,585,Priya Kaur,False
3419_02,Earth,True,A/99/P,TRAPPIST-1e,13.0,False,0,0,0,0,0,Aria Lin,True
3420_01,Mars,False,G/22/S,PSO J318.5-22,21.0,False,415,244,1085,492,322,Ilya Komarov,True
3420_02,Europa,False,F/94/S,PSO J318.5-22,22.0,False,1275,467,1084,1142,86,Mila Benson,False
3421_01,Mars,False,F/12/P,PSO J318.5-22,40.9,False,622,1333,947,484,839,Aria Lin,False
3421_02,Mars,False,D/11/S,55 Cancri e,14.0,False,24,1225,1248,778,930,Ilya Komarov,False
3422_01,Earth,False,C/53/S,TRAPPIST-1e,35.0,False,752,1206,1100,425,1090,Kai Vega,False
3422_02,Europa,False,F/26/P,TRAPPIST-1e,50.4,False,659,684,546,1100,915,Priya Kaur,False
3423_01,Mars,True,G/2/P,55 Cancri e,23.1,True,0,0,0,0,0,Kai Vega,True
3423_02,Europa,False,F/187/P,TRAPPIST-1e,31.6,False,1496,1270,1462,313,1343,Kai Vega,False
3424_01,Earth,True,G/16/S,TRAPPIST-1e,28.9,False,0,0,0,0,0,Ethan Zhao,True
3424_02,Earth,False,C/184/P,55 Cancri e,24.9,False,48,462,117,81,1286,Remy Vivaldi,False
3425_01,Earth,True,B/44/S,TRAPPIST-1e,23.7,False,0,0,0,0,0,Nova Stark,True
3425_02,Europa,True,E/190/P,TRAPPIST-1e,50.6,False,0,0,0,0,0,Hiro Tanaka,False
3426_01,Mars,True,C/33/S,TRAPPIST-1e,40.3,False,0,0,0,0,0,Jordan Benson,True
3426_02,Europa,False,B/95/P,55 Cancri e,13.3,False,638,1382,1309,296,1283,Ethan Zhao,False
3427_01,Mars,False,C/193/P,55 Cancri e,28.4,False,535,1060,1204,24,348,Leo Stark,False
3427_02,Earth,True,A/141/P,TRAPPIST-1e,8.5,False,0,0,0,0,0,Leo Stark,True
3428_01,Earth,False,G/197/P,PSO J318.5-22,28.6,False,1371,37,1406,569,235,Mila Benson,True
3428_02,Europa,False,D/151/P,PSO J318.5-22,38.7,False,1204,113,305,131,347,Remy Vivaldi,False
3429_01,Earth,False,F/82/P,TRAPPIST-1e,34.7,False,731,653,384,511,1066,Aria Lin,True
3429_02,Earth,False,B/172/S,TRAPPIST-1e,27.7,False,1141,60,552,187,452,Hiro Tanaka,False
3430_01,Mars,False,C/166/P,55 Cancri e,25.4,False,1487,163,1447,101,1290,Nova Stark,False
3430_02,Earth,False,B/120/P,55 Cancri e,36.6,False,1176,1452,690,1450,577,Aria Lin,True
3431_01,Earth,True,A/2/P,TRAPPIST-1e,31.4,False,0,0,0,0,0,Leo Stark,True
3431_02,Mars,True,G/65/P,TRAPPIST-1e,48.5,False,0,0,0,0,0,Remy Vivaldi,True
3432_01,Earth,False,E/107/P,PSO J318.5-22,47.0,False,248,1294,1452,706,712,Priya Kaur,False
3432_02,Europa,False,B/106/S,TRAPPIST-1e,21.0,False,1006,246,480,97,328,Kai Vega,False
3433_01,Earth,False,G/158/P,TRAPPIST-1e,18.8,False,1447,1028,458,795,592,Aria Lin,False
3433_02,Europa,False,B/20/S,TRAPPIST-1e,25.6,False,497,86,401,1316,1304,Remy Vivaldi,False
3434_01,Europa,False,D/23/P,TRAPPIST-1e,35.0,False,134,1113,205,1050,1401,Ethan Zhao,True
3434_02,Earth,False,C/84/P,TRAPPIST-1e,41.2,False,1438,1250,602,1091,361,Aria Lin,True
3435_01,Earth,False,F/56/S,55 Cancri e,22.3,False,971,979,940,907,1415,Ethan Zhao,True
3435_02,Europa,False,G/157/P,PSO J318.5-22,33.5,False,245,277,346,371,808,Leo Stark,False
3436_01,Mars,False,E/62/P,TRAPPIST-1e,36.4,False,1150,736,1334,517,934,Aria Lin,False
3436_02,Earth,False,D/76/P,55 Cancri e,29.5,False,1288,745,287,419,139,Lara Xel'Naga,True
3437_01,Europa,False,F/165/P,TRAPPIST-1e,30.2,False,474,388,510,537,212,Lara Xel'Naga,False
3437_02,Mars,False,A/116/S,TRAPPIST-1e,13.7,False,896,1288,1366,1061,232,Remy Vivaldi,True
3438_01,Europa,True,B/167/S,55 Cancri e,33.7,False,0,0,0,0,0,Jordan Benson,False
3438_02,Europa,False,D/155/S,TRAPPIST-1e,44.2,False,1270,303,342,1470,1061,Leo Stark,False
3439_01,Earth,False,B/187/P,TRAPPIST-1e,40.6,False,1254,817,972,37,1178,Leo Stark,False
3439_02,Earth,False,C/52/S,55 Cancri e,35.2,False,104,254,1427,487,457,Aria Lin,False
3440_01,Mars,False,D/123/S,TRAPPIST-1e,27.8,False,101,915,663,689,598,Lara Xel'Naga,False
3440_02,Mars,False,B/2/P,PSO J318.5-22,32.4,False,599,540,388,362,930,Remy Vivaldi,True
3441_01,Europa,False,F/185/P,TRAPPIST-1e,28.0,False,342,1097,134,939,977,Mila Benson,True
3441_02,Mars,False,D/31/S,TRAPPIST-1e,34.9,False,379,1148,37,780,309,Hiro Tanaka,True
3442_01,Earth,False,C/31/S,PSO J318.5-22,36.1,False,396,152,535,995,965,Leo Stark,False
3442_02,Mars,False,G/54/S,55 Cancri e,36.9,False,1425,1169,1214,892,582,Ethan Zhao,True
3443_01,Earth,False,E/48/P,55 Cancri e,30.3,False,1075,767,1325,1323,919,Nova Stark,False
3443_02,Earth,False,A/193/P,55 Cancri e,26.7,False,520,1163,99,1160,870,Leo Stark,True
3444_01,Mars,False,E/49/P,PSO J318.5-22,44.8,False,656,160,760,174,1111,Ilya Komarov,False
3444_02,Earth,False,E/86/P,55 Cancri e,34.5,False,1422,544,476,282,956,Remy Vivaldi,True
3445_01,Europa,False,B/74/S,PSO J318.5-22,41.8,False,1236,815,519,133,446,Ethan Zhao,False
3445_02,Europa,True,B/13/P,55 Cancri e,15.0,False,0,0,0,0,0,Aria Lin,True
3446_01,Earth,False,F/93/S,PSO J318.5-22,17.4,False,748,1173,645,378,607,Jordan Benson,False
3446_02,Earth,False,B/10/S,TRAPPIST-1e,20.9,False,965,524,1140,575,936,Mila Benson,False
3447_01,Earth,False,E/39/P,TRAPPIST-1e,38.1,False,11,1113,387,82,975,Hiro Tanaka,False
3447_02,Earth,True,A/62/S,PSO J318.5-22,35.5,False,0,0,0,0,0,Remy Vivaldi,True
3448_01,Europa,False,B/113/S,TRAPPIST-1e,24.3,False,456,873,327,723,73,Priya Kaur,False
3448_02,Earth,False,F/142/S,TRAPPIST-1e,39.6,False,1119,91,329,174,314,Leo Stark,False
3449_01,Europa,False,D/85/P,TRAPPIST-1e,26.2,False,427,34,118,1394,924,Kai Vega,False
3449_02,Mars,False,C/51/P,TRAPPIST-1e,30.5,False,1474,1332,1380,1399,827,Mila Benson,False
3450_01,Earth,False,F/143/S,55 Cancri e,25.4,False,591,1186,913,1290,1302,Jordan Benson,False
3450_02,Europa,False,A/45/P,TRAPPIST-1e,30.3,False,1326,954,952,860,126,Mila Benson,False
3451_01,Earth,False,B/150/P,TRAPPIST-1e,32.7,False,930,1462,136,555,758,Hiro Tanaka,False
3451_02,Earth,False,A/180/S,55 Cancri e,31.8,False,1172,55,355,1280,922,Remy Vivaldi,True
3452_01,Earth,False,D/193/S,55 Cancri e,22.7,False,599,567,1323,704,611,Mila Benson,False
3452_02,Earth,True,G/44/S,TRAPPIST-1e,27.1,False,0,0,0,0,0,Hiro Tanaka,True
3453_01,Mars,False,A/37/S,PSO J318.5-22,0.0,False,560,498,626,501,740,Jordan Benson,False
3453_02,Mars,True,D/152/P,PSO J318.5-22,20.7,False,0,0,0,0,0,Lara Xel'Naga,True
3454_01,Earth,False,E/197/S,TRAPPIST-1e,16.1,False,674,48,1386,626,679,Aria Lin,False
3454_02,Earth,True,E/27/P,55 Cancri e,36.4,True,0,0,0,0,0,Ethan Zhao,True
3455_01,Europa,False,A/10/P,55 Cancri e,19.2,False,925,215,229,322,1444,Lara Xel'Naga,True
3455_02,Europa,False,C/32/S,TRAPPIST-1e,17.9,False,224,1310,45,1037,632,Priya Kaur,True
3456_01,Mars,True,D/60/S,55 Cancri e,25.9,False,0,0,0,0,0,Jordan Benson,True
3456_02,Europa,True,D/106/S,55 Cancri e,20.8,False,0,0,0,0,0,Remy Vivaldi,True
3457_01,Europa,True,A/199/P,TRAPPIST-1e,32.8,False,0,0,0,0,0,Aria Lin,True
3457_02,Earth,False,G/173/S,PSO J318.5-22,17.5,False,116,942,635,1462,1327,Jordan Benson,False
3458_01,Mars,True,A/14/P,TRAPPIST-1e,10.5,False,0,0,0,0,0,Lara Xel'Naga,True
3458_02,Europa,False,C/163/S,55 Cancri e,23.7,False,215,112,1039,215,426,Hiro Tanaka,True
3459_01,Earth,False,E/30/P,PSO J318.5-22,35.4,False,833,1121,1083,229,384,Leo Stark,True
3459_02,Earth,False,G/98/S,TRAPPIST-1e,34.4,False,158,823,470,207,173,Jordan Benson,False
3460_01,Europa,True,E/163/S,55 Cancri e,31.5,False,0,0,0,0,0,Aria Lin,True
3460_02,Earth,False,G/158/P,55 Cancri e,30.8,False,1302,974,396,973,765,Ilya Komarov,False
3461_01,Mars,False,C/23/P,PSO J318.5-22,26.8,False,661,1260,1155,305,357,Ethan Zhao,False
3461_02,Mars,True,A/161/P,TRAPPIST-1e,23.0,False,0,0,0,0,0,Lara Xel'Naga,False
3462_01,Earth,True,A/179/S,55 Cancri e,10.8,False,0,0,0,0,0,Aria Lin,False
3462_02,Earth,False,C/189/P,TRAPPIST-1e,16.7,False,418,1491,641,506,1385,Kai Vega,False
3463_01,Mars,False,F/151/S,TRAPPIST-1e,19.4,False,476,614,435,249,1045,Hiro Tanaka,False
3463_02,Earth,False,G/193/P,PSO J318.5-22,29.8,True,476,510,1359,773,1365,Jordan Benson,False
3464_01,Mars,False,F/156/P,TRAPPIST-1e,23.2,False,73,808,830,1045,219,Mila Benson,True
3464_02,Earth,False,A/171/P,TRAPPIST-1e,42.0,False,78,234,156,326,1137,Remy Vivaldi,True
3465_01,Europa,False,D/19/S,TRAPPIST-1e,24.0,False,620,984,1298,1404,1043,Jordan Benson,False
3465_02,Europa,False,F/69/S,TRAPPIST-1e,19.2,False,1232,605,863,748,1183,Priya Kaur,False
3466_01,Earth,False,A/154/S,TRAPPIST-1e,37.8,False,679,376,848,375,594,Priya Kaur,False
3466_02,Earth,False,E/100/S,PSO J318.5-22,16.4,False,746,1065,1493,457,1153,Kai Vega,True
3467_01,Earth,True,C/113/P,TRAPPIST-1e,1.3,False,0,0,0,0,0,Ilya Komarov,True
3467_02,Earth,False,D/51/S,TRAPPIST-1e,17.1,True,325,618,324,1183,515,Hiro Tanaka,True
3468_01,Earth,False,C/150/S,TRAPPIST-1e,21.1,False,247,1376,397,581,202,Ethan Zhao,True
3468_02,Earth,True,E/8/P,55 Cancri e,52.1,False,0,0,0,0,0,Leo Stark,True
3469_01,Mars,False,B/113/P,TRAPPIST-1e,33.7,False,295,1338,1019,291,683,Nova Stark,False
3469_02,Europa,True,C/132/S,PSO J318.5-22,36.8,False,0,0,0,0,0,Aria Lin,True
3470_01,Earth,False,G/94/S,TRAPPIST-1e,29.8,False,554,1157,348,218,1022,Lara Xel'Naga,False
3470_02,Earth,False,C/99/S,TRAPPIST-1e,28.8,False,449,503,85,1274,1288,Nova Stark,False
3471_01,Mars,False,C/118/P,TRAPPIST-1e,34.9,False,1013,629,251,17,1279,Lara Xel'Naga,True
3471_02,Mars,True,E/177/P,PSO J318.5-22,36.2,False,0,0,0,0,0,Priya Kaur,True
3472_01,Earth,False,E/109/S,PSO J318.5-22,19.5,False,457,114,752,768,446,Lara Xel'Naga,False
3472_02,Mars,True,F/87/P,TRAPPIST-1e,30.8,False,0,0,0,0,0,Jordan Benson,True
3473_01,Europa,False,G/61/P,TRAPPIST-1e,23.2,False,321,1482,225,360,833,Hiro Tanaka,False
3473_02,Mars,False,E/13/S,TRAPPIST-1e,31.9,False,111,211,1256,947,158,Aria Lin,False
3474_01,Europa,False,F/49/P,TRAPPIST-1e,41.8,False,1271,669,1164,910,1022,Lara Xel'Naga,True
3474_02,Europa,False,G/127/S,TRAPPIST-1e,47.3,False,403,403,600,1437,1463,Jordan Benson,False
3475_01,Earth,True,B/57/P,TRAPPIST-1e,37.0,False,0,0,0,0,0,Kai Vega,True
3475_02,Earth,False,G/108/S,55 Cancri e,32.8,False,1136,1304,999,522,349,Ethan Zhao,False
3476_01,Europa,False,G/5/P,TRAPPIST-1e,26.0,True,912,651,634,1010,1459,Nova Stark,False
3476_02,Europa,True,G/91/S,55 Cancri e,27.7,False,0,0,0,0,0,Aria Lin,True
3477_01,Europa,True,C/157/P,TRAPPIST-1e,39.8,False,0,0,0,0,0,Ilya Komarov,True
3477_02,Mars,True,D/50/S,PSO J318.5-22,41.3,False,0,0,0,0,0,Hiro Tanaka,True
3478_01,Earth,False,B/197/S,TRAPPIST-1e,33.0,False,755,1299,496,772,1320,Priya Kaur,True
3478_02,Earth,False,D/21/S,PSO J318.5-22,27.1,False,373,183,31,282,835,Ilya Komarov,False
3479_01,Mars,False,D/182/S,TRAPPIST-1e,24.3,False,461,870,983,367,657,Leo Stark,False
3479_02,Europa,False,C/173/P,PSO J318.5-22,29.5,False,1275,165,999,601,1394,Jordan Benson,False
3480_01,Earth,False,F/158/S,55 Cancri e,12.0,False,37,347,1236,1342,736,Jordan Benson,False
3480_02,Earth,True,B/67/S,TRAPPIST-1e,27.1,False,0,0,0,0,0,Ilya Komarov,True
3481_01,Earth,False,G/121/S,TRAPPIST-1e,39.6,True,224,505,1130,741,1354,Leo Stark,True
3481_02,Earth,False,E/21/S,55 Cancri e,39.5,False,1028,467,937,764,162,Hiro Tanaka,False
3482_01,Earth,True,E/29/P,55 Cancri e,24.6,False,0,0,0,0,0,Ilya Komarov,False
3482_02,Europa,True,B/6/P,TRAPPIST-1e,26.8,False,0,0,0,0,0,Hiro Tanaka,False
3483_01,Mars,False,B/142/P,55 Cancri e,10.3,False,515,186,145,1005,151,Jordan Benson,False
3483_02,Earth,True,D/46/S,55 Cancri e,42.3,False,0,0,0,0,0,Aria Lin,True
3484_01,Mars,False,G/48/P,55 Cancri e,26.9,False,539,648,601,48,1281,Ilya Komarov,False
3484_02,Earth,True,F/147/P,TRAPPIST-1e,14.6,False,0,0,0,0,0,Kai Vega,True
3485_01,Europa,False,G/64/P,TRAPPIST-1e,11.9,False,774,545,1463,1260,649,Mila Benson,False
3485_02,Europa,False,E/100/S,TRAPPIST-1e,31.4,False,1391,1000,1080,174,1237,Ethan Zhao,False
3486_01,Earth,False,D/145/P,55 Cancri e,46.2,False,146,867,264,1426,257,Ethan Zhao,False
3486_02,Europa,False,F/167/S,TRAPPIST-1e,20.1,False,1212,826,742,709,1262,Jordan Benson,False
3487_01,Europa,False,A/24/P,TRAPPIST-1e,9.7,False,1048,1179,218,560,1402,Nova Stark,False
3487_02,Earth,False,F/102/P,TRAPPIST-1e,28.2,False,891,1217,1063,596,342,Ethan Zhao,False
3488_01,Earth,True,A/89/S,PSO J318.5-22,11.9,False,0,0,0,0,0,Hiro Tanaka,False
3488_02,Earth,False,A/15/S,TRAPPIST-1e,44.5,False,102,1198,1009,1484,1057,Nova Stark,False
3489_01,Europa,False,B/11/S,PSO J318.5-22,13.0,False,224,564,1280,1082,245,Lara Xel'Naga,False
3489_02,Mars,True,G/48/P,TRAPPIST-1e,31.2,False,0,0,0,0,0,Nova Stark,True
3490_01,Earth,False,E/55/P,TRAPPIST-1e,36.0,False,952,818,215,1426,282,Mila Benson,True
3490_02,Earth,False,F/101/P,PSO J318.5-22,26.2,False,572,1238,381,1068,171,Mila Benson,False
3491_01,Earth,True,F/72/P,PSO J318.5-22,30.8,False,0,0,0,0,0,Aria Lin,True
3491_02,Mars,False,D/126/S,PSO J318.5-22,26.8,False,296,544,488,1019,214,Leo Stark,False
3492_01,Mars,False,G/48/S,TRAPPIST-1e,19.4,False,653,801,1230,340,703,Kai Vega,False
3492_02,Earth,False,E/155/P,55 Cancri e,17.0,False,406,852,305,1492,873,Ilya Komarov,False
3493_01,Earth,False,C/136/S,PSO J318.5-22,35.5,False,577,1387,540,767,895,Priya Kaur,False
3493_02,Earth,False,G/179/P,TRAPPIST-1e,33.2,False,454,1167,1215,1376,298,Hiro Tanaka,True
3494_01,Mars,False,B/168/S,TRAPPIST-1e,19.6,False,715,756,30,331,1434,Lara Xel'Naga,True
3494_02,Mars,False,B/84/P,TRAPPIST-1e,26.0,False,51,1407,242,774,685,Ilya Komarov,False
3495_01,Earth,True,F/18/S,TRAPPIST-1e,29.7,False,0,0,0,0,0,Ilya Komarov,True
3495_02,Mars,False,D/200/P,55 Cancri e,6.8,False,1412,572,871,699,1492,Ethan Zhao,True
3496_01,Earth,True,E/138/S,PSO J318.5-22,20.0,False,0,0,0,0,0,Lara Xel'Naga,True
3496_02,Mars,False,A/105/S,55 Cancri e,23.2,False,1374,282,1180,598,147,Kai Vega,False
3497_01,Earth,False,C/176/P,PSO J318.5-22,27.4,False,233,678,635,466,556,Nova Stark,False
3497_02,Earth,False,B/18/S,TRAPPIST-1e,39.8,False,893,835,1310,617,1317,Leo Stark,False
3498_01,Mars,False,G/82/P,TRAPPIST-1e,32.1,False,540,626,1057,6,39,Lara Xel'Naga,True
3498_02,Earth,False,B/183/P,PSO J318.5-22,8.9,False,1353,908,61,1109,1139,Aria Lin,False
3499_01,Europa,True,F/188/S,PSO J318.5-22,2.4,False,0,0,0,0,0,Nova Stark,True
3499_02,Europa,True,G/105/P,TRAPPIST-1e,9.4,False,0,0,0,0,0,Ethan Zhao,True
3500_01,Earth,False,D/10/P,PSO J318.5-22,59.7,False,1418,1380,838,418,1359,Ethan Zhao,False
3500_02,Earth,False,A/189/P,TRAPPIST-1e,21.4,False,19,411,548,1282,604,Nova Stark,False
3501_01,Europa,False,F/154/S,PSO J318.5-22,29.5,False,1311,1071,764,1393,230,Ilya Komarov,False
3501_02,Earth,False,A/98/P,TRAPPIST-1e,27.8,True,1118,302,1241,386,714,Lara Xel'Naga,True
3502_01,Mars,False,A/55/P,55 Cancri e,17.5,False,828,482,366,888,1430,Lara Xel'Naga,True
3502_02,Earth,False,A/9/S,55 Cancri e,24.1,False,1354,1258,882,410,182,Nova Stark,False
3503_01,Earth,False,F/125/P,TRAPPIST-1e,33.4,False,12,565,871,554,677,Remy Vivaldi,True
3503_02,Earth,True,E/18/P,TRAPPIST-1e,28.2,False,0,0,0,0,0,Ethan Zhao,False
3504_01,Mars,False,F/62/S,TRAPPIST-1e,27.7,False,794,596,728,505,638,Ethan Zhao,False
3504_02,Europa,False,C/151/P,55 Cancri e,28.5,False,190,898,59,1489,1402,Hiro Tanaka,False
3505_01,Europa,False,B/148/S,TRAPPIST-1e,24.2,False,637,998,171,62,771,Nova Stark,False
3505_02,Mars,True,F/49/S,TRAPPIST-1e,14.5,False,0,0,0,0,0,Kai Vega,False
3506_01,Mars,False,E/71/S,55 Cancri e,22.5,False,1296,1490,932,174,1257,Hiro Tanaka,False
3506_02,Europa,True,D/8/S,55 Cancri e,28.4,False,0,0,0,0,0,Mila Benson,False
3507_01,Earth,False,D/75/S,PSO J318.5-22,3.9,False,450,835,279,243,674,Priya Kaur,False
3507_02,Mars,False,D/46/S,TRAPPIST-1e,9.9,False,145,1090,102,309,116,Leo Stark,False
3508_01,Earth,True,F/136/S,TRAPPIST-1e,39.7,False,0,0,0,0,0,Mila Benson,True
3508_02,Earth,False,E/63/P,55 Cancri e,12.0,False,784,1492,706,875,795,Aria Lin,True
3509_01,Earth,True,G/19/S,PSO J318.5-22,15.7,False,0,0,0,0,0,Lara Xel'Naga,True
3509_02,Mars,False,B/99/S,TRAPPIST-1e,19.1,False,110,409,1191,396,1150,Jordan Benson,False
3510_01,Europa,False,B/126/P,TRAPPIST-1e,24.4,False,398,181,1204,743,717,Ilya Komarov,False
3510_02,Mars,True,A/193/P,TRAPPIST-1e,35.2,False,0,0,0,0,0,Ethan Zhao,True
3511_01,Mars,True,G/119/S,TRAPPIST-1e,44.0,False,0,0,0,0,0,Ilya Komarov,False
3511_02,Mars,False,C/163/P,TRAPPIST-1e,21.5,False,1424,1169,297,144,15,Remy Vivaldi,True
3512_01,Earth,False,F/91/S,TRAPPIST-1e,26.2,False,106,218,934,336,920,Leo Stark,False
3512_02,Mars,True,F/92/S,55 Cancri e,30.6,False,0,0,0,0,0,Hiro Tanaka,True
3513_01,Europa,True,C/155/S,55 Cancri e,24.8,False,0,0,0,0,0,Kai Vega,True
3513_02,Earth,False,A/39/S,TRAPPIST-1e,40.0,False,1428,579,635,1053,184,Priya Kaur,False
3514_01,Earth,False,B/177/P,TRAPPIST-1e,36.2,False,1423,983,1156,501,873,Jordan Benson,True
3514_02,Earth,False,G/85/S,TRAPPIST-1e,45.8,False,1100,349,59,1478,878,Ilya Komarov,False
3515_01,Mars,False,E/181/P,TRAPPIST-1e,23.9,False,710,966,1141,694,909,Ethan Zhao,False
3515_02,Earth,False,D/84/S,TRAPPIST-1e,35.8,False,566,270,1124,1411,1309,Jordan Benson,False
3516_01,Europa,False,D/135/S,TRAPPIST-1e,27.9,False,1003,239,1237,360,1387,Mila Benson,True
3516_02,Earth,False,C/82/S,TRAPPIST-1e,42.0,False,733,851,859,700,1350,Kai Vega,False
3517_01,Mars,True,E/55/P,TRAPPIST-1e,38.8,False,0,0,0,0,0,Mila Benson,True
3517_02,Mars,False,C/129/S,TRAPPIST-1e,39.7,False,96,326,72,993,1279,Aria Lin,True
3518_01,Mars,False,G/48/S,PSO J318.5-22,38.8,False,1180,1442,457,733,875,Lara Xel'Naga,False
3518_02,Earth,True,A/45/P,55 Cancri e,16.3,False,0,0,0,0,0,Lara Xel'Naga,False
3519_01,Mars,False,E/8/S,TRAPPIST-1e,28.3,False,1464,1217,1398,661,1005,Leo Stark,False
3519_02,Europa,False,C/146/S,TRAPPIST-1e,23.7,False,366,1178,498,1481,112,Hiro Tanaka,False
3520_01,Europa,False,A/187/P,55 Cancri e,25.7,False,1315,1386,400,567,1289,Aria Lin,False
3520_02,Earth,True,F/183/P,TRAPPIST-1e,10.3,False,0,0,0,0,0,Remy Vivaldi,True
3521_01,Earth,True,A/31/S,TRAPPIST-1e,23.0,False,0,0,0,0,0,Mila Benson,True
3521_02,Earth,True,A/92/P,TRAPPIST-1e,15.5,False,0,0,0,0,0,Mila Benson,True
3522_01,Earth,False,C/99/P,55 Cancri e,39.4,False,404,35,357,557,1350,Mila Benson,True
3522_02,Mars,True,D/30/P,TRAPPIST-1e,30.0,False,0,0,0,0,0,Priya Kaur,True
3523_01,Mars,False,E/158/P,PSO J318.5-22,19.7,False,875,1208,173,1417,185,Ilya Komarov,True
3523_02,Earth,False,D/83/P,PSO J318.5-22,20.5,False,1304,1000,1318,527,1211,Priya Kaur,False
3524_01,Mars,False,F/110/P,TRAPPIST-1e,35.7,False,574,1324,308,1212,1434,Remy Vivaldi,True
3524_02,Earth,True,C/14/P,PSO J318.5-22,26.0,False,0,0,0,0,0,Nova Stark,True
3525_01,Earth,True,D/16/S,TRAPPIST-1e,39.3,False,0,0,0,0,0,Kai Vega,False
3525_02,Europa,False,D/156/S,PSO J318.5-22,24.4,False,192,1186,52,474,173,Ethan Zhao,False
3526_01,Earth,False,D/97/S,TRAPPIST-1e,33.5,False,389,1331,456,1354,1352,Aria Lin,False
3526_02,Earth,False,G/31/S,TRAPPIST-1e,29.0,False,1052,121,1481,417,158,Kai Vega,True
3527_01,Earth,False,G/4/P,TRAPPIST-1e,31.3,False,327,275,715,451,485,Ilya Komarov,True
3527_02,Mars,False,D/188/P,TRAPPIST-1e,33.3,False,1130,566,245,934,888,Remy Vivaldi,False
3528_01,Earth,True,B/38/S,PSO J318.5-22,25.8,False,0,0,0,0,0,Aria Lin,True
3528_02,Earth,True,D/200/P,PSO J318.5-22,18.0,False,0,0,0,0,0,Remy Vivaldi,True
3529_01,Earth,False,A/88/S,TRAPPIST-1e,44.7,False,1041,1248,1128,998,697,Leo Stark,False
3529_02,Mars,False,G/112/P,TRAPPIST-1e,30.2,False,1088,332,371,1230,1252,Mila Benson,True
3530_01,Mars,False,G/32/S,TRAPPIST-1e,16.6,False,708,1354,927,739,270,Kai Vega,False
3530_02,Europa,True,B/161/P,TRAPPIST-1e,14.9,False,0,0,0,0,0,Hiro Tanaka,True
3531_01,Earth,True,E/165/S,TRAPPIST-1e,23.1,False,0,0,0,0,0,Nova Stark,False
3531_02,Mars,False,F/135/P,PSO J318.5-22,36.1,True,797,919,546,1092,907,Ilya Komarov,False
3532_01,Europa,False,C/26/P,TRAPPIST-1e,42.7,False,1443,596,47,230,578,Remy Vivaldi,False
3532_02,Mars,True,B/126/P,PSO J318.5-22,19.3,False,0,0,0,0,0,Kai Vega,True
3533_01,Mars,False,F/82/P,TRAPPIST-1e,28.2,False,931,51,421,610,445,Aria Lin,False
3533_02,Earth,False,F/174/S,TRAPPIST-1e,25.8,False,960,130,599,373,550,Kai Vega,True
3534_01,Earth,True,D/190/S,TRAPPIST-1e,25.6,False,0,0,0,0,0,Jordan Benson,True
3534_02,Mars,True,G/125/P,TRAPPIST-1e,20.2,True,0,0,0,0,0,Nova Stark,True
3535_01,Earth,False,G/186/S,TRAPPIST-1e,41.8,False,895,537,1459,495,1035,Hiro Tanaka,True
3535_02,Europa,True,B/100/P,PSO J318.5-22,5.8,False,0,0,0,0,0,Ilya Komarov,True
3536_01,Europa,False,E/156/P,55 Cancri e,30.9,False,564,780,759,127,1099,Kai Vega,True
3536_02,Mars,False,D/3/S,TRAPPIST-1e,18.1,False,1292,145,1426,498,965,Jordan Benson,True
3537_01,Europa,False,B/141/P,TRAPPIST-1e,25.4,False,1232,341,1071,540,1199,Ilya Komarov,False
3537_02,Mars,False,C/144/P,TRAPPIST-1e,38.0,False,510,18,494,354,558,Nova Stark,True
3538_01,Earth,False,B/29/S,55 Cancri e,44.4,False,228,146,1321,1356,331,Lara Xel'Naga,False
3538_02,Europa,False,E/25/S,TRAPPIST-1e,25.1,False,432,398,835,1358,1232,Nova Stark,False
3539_01,Mars,False,C/82/S,55 Cancri e,14.7,False,1294,1203,1438,756,345,Kai Vega,False
3539_02,Earth,True,D/197/P,TRAPPIST-1e,34.8,False,0,0,0,0,0,Priya Kaur,True
3540_01,Earth,True,G/90/P,PSO J318.5-22,10.0,False,0,0,0,0,0,Priya Kaur,True
3540_02,Mars,False,B/66/S,PSO J318.5-22,18.2,False,1427,737,379,420,1203,Mila Benson,False
3541_01,Mars,False,C/143/P,TRAPPIST-1e,35.8,False,355,15,314,532,1039,Lara Xel'Naga,False
3541_02,Earth,False,G/114/P,TRAPPIST-1e,29.2,True,1488,1486,544,693,68,Hiro Tanaka,False
3542_01,Europa,False,B/129/P,55 Cancri e,22.6,False,1490,1295,438,529,729,Aria Lin,False
3542_02,Mars,False,A/31/P,TRAPPIST-1e,29.0,False,272,458,819,1196,567,Lara Xel'Naga,True
3543_01,Mars,False,D/17/S,TRAPPIST-1e,17.8,False,794,804,1095,933,991,Kai Vega,True
3543_02,Europa,False,E/70/P,TRAPPIST-1e,19.8,False,839,1195,634,602,735,Mila Benson,False
3544_01,Earth,True,A/176/P,PSO J318.5-22,32.3,False,0,0,0,0,0,Priya Kaur,True
3544_02,Earth,False,A/24/P,PSO J318.5-22,26.6,False,990,366,255,439,1358,Lara Xel'Naga,True
3545_01,Europa,False,G/186/P,55 Cancri e,27.7,False,307,1118,408,825,1191,Ilya Komarov,False
3545_02,Earth,True,F/115/S,TRAPPIST-1e,34.7,False,0,0,0,0,0,Jordan Benson,True
3546_01,Europa,False,C/110/P,TRAPPIST-1e,44.6,False,641,1046,97,669,320,Aria Lin,False
3546_02,Earth,True,D/85/S,TRAPPIST-1e,34.2,False,0,0,0,0,0,Mila Benson,False
3547_01,Europa,False,A/75/S,PSO J318.5-22,24.5,False,416,728,1237,847,669,Jordan Benson,False
3547_02,Europa,False,G/4/P,TRAPPIST-1e,13.4,False,1233,132,52,740,694,Lara Xel'Naga,False
3548_01,Mars,False,A/146/S,55 Cancri e,40.6,False,459,649,481,119,672,Hiro Tanaka,False
3548_02,Earth,True,D/106/P,TRAPPIST-1e,45.4,False,0,0,0,0,0,Hiro Tanaka,False
3549_01,Earth,False,D/116/P,PSO J318.5-22,18.9,False,154,867,1178,393,504,Aria Lin,False
3549_02,Mars,False,G/76/S,TRAPPIST-1e,15.3,False,970,312,1282,1180,13,Ilya Komarov,False
3550_01,Earth,False,D/126/S,55 Cancri e,27.2,False,393,219,743,432,805,Aria Lin,False
3550_02,Europa,False,A/119/S,TRAPPIST-1e,19.2,False,1478,1163,987,653,816,Leo Stark,False
3551_01,Earth,False,B/200/S,TRAPPIST-1e,43.5,False,1119,27,987,1253,415,Remy Vivaldi,False
3551_02,Earth,False,C/177/P,PSO J318.5-22,14.6,False,1479,24,1427,672,541,Leo Stark,False
3552_01,Mars,False,C/115/P,55 Cancri e,22.9,False,613,372,617,68,1376,Priya Kaur,False
3552_02,Mars,True,D/1/S,TRAPPIST-1e,18.2,False,0,0,0,0,0,Ilya Komarov,False
3553_01,Earth,True,B/56/P,PSO J318.5-22,28.3,False,0,0,0,0,0,Ilya Komarov,True
3553_02,Europa,True,F/131/P,TRAPPIST-1e,27.9,False,0,0,0,0,0,Aria Lin,False
3554_01,Europa,False,C/86/S,TRAPPIST-1e,28.6,False,135,382,185,638,927,Remy Vivaldi,True
3554_02,Mars,False,D/176/P,55 Cancri e,21.2,False,1395,963,560,1189,897,Hiro Tanaka,False
3555_01,Europa,False,G/186/P,55 Cancri e,31.9,False,997,284,1051,350,82,Aria Lin,False
3555_02,Earth,False,C/58/S,TRAPPIST-1e,27.5,False,665,1393,540,1418,479,Hiro Tanaka,False
3556_01,Earth,False,D/1/S,55 Cancri e,22.5,False,199,237,670,1190,1249,Ilya Komarov,True
3556_02,Europa,False,G/41/S,PSO J318.5-22,31.1,False,878,250,1303,475,497,Nova Stark,False
3557_01,Mars,True,B/109/S,PSO J318.5-22,34.0,False,0,0,0,0,0,Hiro Tanaka,True
3557_02,Mars,False,F/179/S,55 Cancri e,28.3,False,996,700,1434,783,428,Mila Benson,False
3558_01,Mars,True,F/127/P,TRAPPIST-1e,25.7,False,0,0,0,0,0,Remy Vivaldi,True
3558_02,Earth,False,G/102/S,55 Cancri e,18.2,False,967,209,490,470,567,Aria Lin,False
3559_01,Earth,False,A/119/P,TRAPPIST-1e,34.3,False,1486,549,197,520,1348,Nova Stark,False
3559_02,Europa,False,B/184/P,55 Cancri e,7.1,False,687,466,595,138,1014,Priya Kaur,False
3560_01,Mars,False,A/39/P,TRAPPIST-1e,39.1,False,373,1035,757,748,763,Priya Kaur,False
3560_02,Mars,True,A/49/S,TRAPPIST-1e,33.1,False,0,0,0,0,0,Aria Lin,True
3561_01,Earth,True,D/181/S,TRAPPIST-1e,40.5,False,0,0,0,0,0,Nova Stark,True
3561_02,Earth,True,B/64/P,TRAPPIST-1e,33.0,False,0,0,0,0,0,Jordan Benson,True
3562_01,Europa,False,E/23/S,PSO J318.5-22,16.9,False,1479,872,235,388,392,Remy Vivaldi,True
3562_02,Earth,False,B/132/S,PSO J318.5-22,12.2,False,746,29,981,1171,604,Leo Stark,False
3563_01,Earth,False,C/68/P,TRAPPIST-1e,35.1,False,730,1342,1360,30,977,Nova Stark,False
3563_02,Earth,True,E/23/S,TRAPPIST-1e,19.4,False,0,0,0,0,0,Kai Vega,True
3564_01,Mars,False,E/110/S,55 Cancri e,30.3,False,206,902,1252,582,1365,Jordan Benson,False
3564_02,Earth,True,C/88/P,TRAPPIST-1e,29.2,False,0,0,0,0,0,Kai Vega,True
3565_01,Mars,True,E/17/S,TRAPPIST-1e,32.5,False,0,0,0,0,0,Mila Benson,True
3565_02,Europa,True,C/189/P,55 Cancri e,28.4,False,0,0,0,0,0,Leo Stark,False
3566_01,Europa,True,F/66/S,TRAPPIST-1e,14.4,False,0,0,0,0,0,Remy Vivaldi,True
3566_02,Mars,True,A/77/P,TRAPPIST-1e,23.1,False,0,0,0,0,0,Kai Vega,False
3567_01,Earth,False,C/194/S,PSO J318.5-22,24.3,True,1267,1118,5,779,86,Hiro Tanaka,False
3567_02,Europa,False,F/5/S,TRAPPIST-1e,24.3,False,188,419,1090,247,859,Jordan Benson,False
3568_01,Earth,True,F/189/P,PSO J318.5-22,29.6,False,0,0,0,0,0,Leo Stark,True
3568_02,Europa,False,B/142/S,TRAPPIST-1e,36.0,False,114,376,976,210,131,Jordan Benson,True
3569_01,Europa,False,E/44/S,55 Cancri e,23.0,False,951,805,1389,146,1150,Lara Xel'Naga,False
3569_02,Europa,False,B/1/P,55 Cancri e,23.0,False,1331,714,1141,230,450,Remy Vivaldi,False
3570_01,Earth,False,F/160/P,TRAPPIST-1e,27.5,False,1072,106,92,828,139,Leo Stark,False
3570_02,Earth,False,D/32/S,TRAPPIST-1e,36.6,False,1337,10,447,926,394,Jordan Benson,True
3571_01,Earth,False,G/39/P,TRAPPIST-1e,29.9,False,1016,641,572,996,922,Ethan Zhao,False
3571_02,Earth,True,B/93/P,TRAPPIST-1e,29.4,False,0,0,0,0,0,Remy Vivaldi,True
3572_01,Earth,False,E/118/P,PSO J318.5-22,26.6,False,1323,1198,370,1227,607,Nova Stark,False
3572_02,Europa,True,C/184/P,55 Cancri e,30.4,False,0,0,0,0,0,Kai Vega,True
3573_01,Europa,False,G/110/P,55 Cancri e,49.9,False,81,147,964,991,947,Priya Kaur,True
3573_02,Mars,False,C/74/S,55 Cancri e,18.6,False,494,1193,722,702,1030,Jordan Benson,False
3574_01,Mars,True,D/2/P,55 Cancri e,21.1,False,0,0,0,0,0,Aria Lin,True
3574_02,Europa,False,F/164/S,TRAPPIST-1e,26.1,False,1057,562,137,366,105,Ethan Zhao,True
3575_01,Earth,False,C/41/S,TRAPPIST-1e,38.0,False,986,957,1191,854,77,Priya Kaur,False
3575_02,Mars,False,A/41/S,TRAPPIST-1e,35.4,False,208,1434,7,736,226,Nova Stark,False
3576_01,Mars,False,G/139/S,55 Cancri e,35.5,False,1158,237,1495,1240,1049,Mila Benson,True
3576_02,Mars,True,A/114/S,TRAPPIST-1e,9.8,False,0,0,0,0,0,Kai Vega,True
3577_01,Mars,False,C/171/P,TRAPPIST-1e,22.5,False,891,1186,1437,177,984,Lara Xel'Naga,False
3577_02,Earth,True,B/162/P,TRAPPIST-1e,28.4,False,0,0,0,0,0,Kai Vega,True
3578_01,Europa,True,F/96/P,55 Cancri e,23.4,False,0,0,0,0,0,Nova Stark,True
3578_02,Earth,False,F/179/S,55 Cancri e,35.3,False,66,543,519,498,945,Kai Vega,False
3579_01,Europa,False,A/191/S,PSO J318.5-22,25.9,False,1058,188,1112,1358,946,Leo Stark,False
3579_02,Mars,False,A/27/S,TRAPPIST-1e,18.7,False,135,545,792,1136,1195,Kai Vega,True
3580_01,Mars,False,A/67/S,55 Cancri e,50.6,False,103,1063,1046,1275,289,Lara Xel'Naga,True
3580_02,Earth,False,B/110/P,TRAPPIST-1e,23.6,False,1225,1178,566,1129,1283,Priya Kaur,False
3581_01,Europa,False,B/2/S,PSO J318.5-22,10.6,False,410,881,1140,885,423,Lara Xel'Naga,False
3581_02,Mars,False,E/45/P,PSO J318.5-22,31.8,False,1235,154,1286,150,211,Priya Kaur,False
3582_01,Europa,False,B/44/P,55 Cancri e,19.9,False,540,700,171,370,1178,Nova Stark,True
3582_02,Earth,True,F/152/S,PSO J318.5-22,24.7,False,0,0,0,0,0,Aria Lin,True
3583_01,Earth,False,A/55/P,PSO J318.5-22,22.3,False,917,1289,1162,961,823,Hiro Tanaka,True
3583_02,Europa,True,C/23/P,TRAPPIST-1e,4.1,False,0,0,0,0,0,Lara Xel'Naga,True
3584_01,Europa,False,G/35/S,55 Cancri e,33.9,False,744,307,572,1242,797,Hiro Tanaka,False
3584_02,Mars,True,G/157/S,TRAPPIST-1e,43.5,False,0,0,0,0,0,Mila Benson,True
3585_01,Earth,True,E/2/S,55 Cancri e,39.6,False,0,0,0,0,0,Mila Benson,True
3585_02,Europa,False,D/28/S,TRAPPIST-1e,38.3,False,409,197,79,1408,136,Priya Kaur,False
3586_01,Earth,False,E/131/S,55 Cancri e,30.4,False,1230,1156,165,429,1203,Aria Lin,True
3586_02,Earth,True,C/22/P,TRAPPIST-1e,22.1,False,0,0,0,0,0,Priya Kaur,True
3587_01,Mars,False,A/147/S,PSO J318.5-22,32.9,False,1161,1331,1353,1261,1099,Kai Vega,False
3587_02,Earth,False,A/96/P,TRAPPIST-1e,25.7,False,1174,619,1339,36,963,Priya Kaur,False
3588_01,Earth,False,F/89/P,PSO J318.5-22,15.5,False,285,1263,886,219,1030,Nova Stark,False
3588_02,Mars,False,E/177/P,TRAPPIST-1e,24.0,False,215,680,292,42,1330,Ethan Zhao,True
3589_01,Mars,False,F/114/S,PSO J318.5-22,9.8,False,692,1238,958,113,1208,Nova Stark,False
3589_02,Europa,False,G/188/S,PSO J318.5-22,19.1,False,920,1148,1128,236,652,Hiro Tanaka,False
3590_01,Earth,False,A/149/S,55 Cancri e,25.5,False,960,1297,852,1140,885,Aria Lin,False
3590_02,Earth,False,A/154/P,PSO J318.5-22,26.9,False,59,400,827,1203,1255,Ethan Zhao,False
3591_01,Earth,False,B/103/P,TRAPPIST-1e,27.2,False,1268,637,648,212,1482,Jordan Benson,False
3591_02,Mars,True,C/3/S,PSO J318.5-22,29.1,False,0,0,0,0,0,Nova Stark,True
3592_01,Europa,False,F/112/S,TRAPPIST-1e,40.0,False,216,710,19,1083,674,Jordan Benson,False
3592_02,Europa,True,B/139/S,TRAPPIST-1e,33.0,False,0,0,0,0,0,Jordan Benson,True
3593_01,Earth,False,A/29/S,PSO J318.5-22,29.1,False,556,196,935,677,503,Ethan Zhao,False
3593_02,Europa,True,F/99/S,PSO J318.5-22,17.7,False,0,0,0,0,0,Jordan Benson,True
3594_01,Earth,False,D/109/S,55 Cancri e,30.9,False,1370,196,1130,780,743,Remy Vivaldi,True
3594_02,Mars,False,A/196/P,PSO J318.5-22,22.7,False,1183,421,1230,1336,431,Priya Kaur,True
3595_01,Earth,False,A/105/P,55 Cancri e,22.3,False,1261,1130,857,1387,641,Kai Vega,False
3595_02,Earth,True,C/198/S,55 Cancri e,8.7,False,0,0,0,0,0,Nova Stark,True
3596_01,Mars,False,F/129/P,PSO J318.5-22,31.3,False,1096,1018,1327,1028,802,Priya Kaur,False
3596_02,Earth,False,A/116/P,TRAPPIST-1e,18.0,False,1372,399,594,1456,1130,Remy Vivaldi,False
3597_01,Mars,False,A/165/P,TRAPPIST-1e,22.6,False,81,831,872,652,733,Ethan Zhao,True
3597_02,Europa,True,C/158/S,TRAPPIST-1e,11.3,False,0,0,0,0,0,Hiro Tanaka,False
3598_01,Earth,False,D/151/S,TRAPPIST-1e,43.8,False,1088,177,1031,1182,10,Jordan Benson,False
3598_02,Europa,True,B/22/S,55 Cancri e,22.9,False,0,0,0,0,0,Lara Xel'Naga,True
3599_01,Mars,True,G/180/P,PSO J318.5-22,47.6,True,0,0,0,0,0,Nova Stark,True
3599_02,Mars,False,E/7/S,TRAPPIST-1e,37.0,True,154,1229,1138,1402,598,Jordan Benson,True
3600_01,Mars,True,E/27/S,PSO J318.5-22,0.0,False,0,0,0,0,0,Jordan Benson,True
3600_02,Earth,False,G/7/S,TRAPPIST-1e,27.2,False,942,18,312,926,527,Ilya Komarov,True
3601_01,Earth,False,C/183/P,55 Cancri e,22.9,False,230,624,1010,888,358,Priya Kaur,False
3601_02,Europa,False,F/184/S,TRAPPIST-1e,29.2,False,1406,43,1388,876,1134,Remy Vivaldi,True
3602_01,Mars,False,A/38/S,55 Cancri e,3.4,False,270,211,1337,1410,246,Ethan Zhao,True
3602_02,Mars,False,G/162/S,PSO J318.5-22,32.4,False,947,820,1373,71,1319,Remy Vivaldi,True
3603_01,Earth,False,A/161/P,TRAPPIST-1e,26.0,False,1164,616,239,310,1439,Priya Kaur,True
3603_02,Europa,False,B/184/P,TRAPPIST-1e,41.3,False,397,922,791,21,1101,Priya Kaur,False
3604_01,Earth,False,F/160/P,TRAPPIST-1e,15.4,False,1384,812,1320,1375,179,Ilya Komarov,False
3604_02,Mars,False,E/8/S,55 Cancri e,33.8,False,1495,1418,212,529,1418,Kai Vega,True
3605_01,Mars,False,G/180/P,TRAPPIST-1e,16.5,False,437,284,660,648,188,Aria Lin,False
3605_02,Mars,False,D/81/S,TRAPPIST-1e,33.2,False,1222,1125,478,602,1014,Kai Vega,True
3606_01,Mars,False,G/113/S,TRAPPIST-1e,39.7,False,229,868,1137,1207,758,Jordan Benson,True
3606_02,Europa,True,G/18/S,TRAPPIST-1e,18.2,False,0,0,0,0,0,Hiro Tanaka,False
3607_01,Earth,False,F/77/S,55 Cancri e,18.2,False,1429,1150,141,647,127,Aria Lin,False
3607_02,Mars,True,A/108/S,TRAPPIST-1e,6.1,False,0,0,0,0,0,Hiro Tanaka,True
3608_01,Europa,False,F/56/P,55 Cancri e,20.5,False,1373,462,1267,563,1209,Leo Stark,False
3608_02,Mars,False,B/66/S,TRAPPIST-1e,11.8,True,1256,513,0,1262,1078,Remy Vivaldi,True
3609_01,Europa,False,E/152/S,TRAPPIST-1e,37.6,False,1441,1471,337,907,817,Nova Stark,False
3609_02,Earth,True,B/72/S,PSO J318.5-22,19.6,False,0,0,0,0,0,Ilya Komarov,True
3610_01,Earth,False,C/11/S,PSO J318.5-22,16.0,False,344,1393,976,882,197,Jordan Benson,False
3610_02,Earth,False,G/199/S,55 Cancri e,22.8,False,1037,871,1361,541,456,Hiro Tanaka,False
3611_01,Mars,True,D/1/P,55 Cancri e,19.7,False,0,0,0,0,0,Ilya Komarov,True
3611_02,Mars,False,E/18/P,TRAPPIST-1e,0.4,False,1018,405,308,159,843,Leo Stark,True
3612_01,Earth,False,C/35/S,TRAPPIST-1e,18.5,False,533,421,945,961,812,Priya Kaur,True
3612_02,Earth,False,G/34/P,TRAPPIST-1e,25.0,False,886,263,747,832,232,Aria Lin,True
3613_01,Earth,False,G/186/S,55 Cancri e,12.5,False,557,912,680,1459,334,Mila Benson,False
3613_02,Earth,False,G/184/S,TRAPPIST-1e,17.2,False,403,1187,255,1089,1019,Jordan Benson,False
3614_01,Earth,False,B/83/S,TRAPPIST-1e,13.5,False,1111,1263,310,681,1281,Ethan Zhao,False
3614_02,Mars,False,F/28/S,55 Cancri e,44.3,False,1457,128,780,325,789,Remy Vivaldi,True
3615_01,Earth,False,A/89/P,PSO J318.5-22,28.4,False,1002,837,627,770,877,Hiro Tanaka,False
3615_02,Mars,False,D/193/P,TRAPPIST-1e,26.7,False,1272,709,848,738,176,Aria Lin,False
3616_01,Europa,True,B/42/P,55 Cancri e,23.3,False,0,0,0,0,0,Priya Kaur,True
3616_02,Mars,True,A/25/P,TRAPPIST-1e,26.8,False,0,0,0,0,0,Nova Stark,True
3617_01,Earth,False,G/173/P,TRAPPIST-1e,44.3,False,530,94,575,449,1243,Nova Stark,True
3617_02,Earth,False,B/178/P,TRAPPIST-1e,26.0,True,1017,95,864,1404,668,Aria Lin,True
3618_01,Europa,False,E/78/S,PSO J318.5-22,36.5,False,883,82,316,644,1128,Aria Lin,False
3618_02,Mars,False,F/100/S,TRAPPIST-1e,37.0,False,369,748,629,179,601,Leo Stark,False
3619_01,Earth,True,A/192/P,TRAPPIST-1e,24.1,False,0,0,0,0,0,Nova Stark,True
3619_02,Mars,False,A/162/S,TRAPPIST-1e,27.5,False,840,347,1295,330,609,Hiro Tanaka,False
3620_01,Earth,True,A/13/P,TRAPPIST-1e,31.3,False,0,0,0,0,0,Lara Xel'Naga,True
3620_02,Mars,True,D/80/P,TRAPPIST-1e,32.8,False,0,0,0,0,0,Remy Vivaldi,True
3621_01,Europa,False,A/154/S,PSO J318.5-22,30.0,False,136,1384,281,1225,1018,Jordan Benson,True
3621_02,Earth,True,E/42/S,PSO J318.5-22,36.0,False,0,0,0,0,0,Hiro Tanaka,False
3622_01,Europa,True,A/108/S,55 Cancri e,33.7,False,0,0,0,0,0,Lara Xel'Naga,True
3622_02,Europa,False,A/187/P,55 Cancri e,34.2,False,567,1137,1091,29,663,Ethan Zhao,False
3623_01,Earth,True,A/11/P,TRAPPIST-1e,20.5,False,0,0,0,0,0,Kai Vega,True
3623_02,Earth,False,B/166/P,TRAPPIST-1e,36.1,False,1053,955,659,1433,1072,Leo Stark,False
3624_01,Mars,False,F/89/P,TRAPPIST-1e,39.3,False,180,121,123,1476,265,Hiro Tanaka,False
3624_02,Mars,False,B/35/S,PSO J318.5-22,20.5,False,27,1282,76,431,878,Priya Kaur,True
3625_01,Europa,False,F/154/P,TRAPPIST-1e,46.3,False,1137,1085,51,115,46,Remy Vivaldi,True
3625_02,Earth,False,E/6/S,PSO J318.5-22,38.6,False,437,1435,100,1302,106,Hiro Tanaka,False
3626_01,Europa,False,D/122/S,TRAPPIST-1e,39.7,False,886,799,1025,1295,1167,Hiro Tanaka,False
3626_02,Europa,False,E/146/P,TRAPPIST-1e,35.8,False,434,1474,603,565,915,Jordan Benson,True
3627_01,Europa,False,C/176/P,TRAPPIST-1e,33.3,False,247,1431,1076,313,1397,Hiro Tanaka,False
3627_02,Earth,False,D/9/S,PSO J318.5-22,27.5,False,36,723,979,83,899,Priya Kaur,False
3628_01,Earth,False,B/42/P,PSO J318.5-22,21.7,False,586,1151,151,1061,1450,Aria Lin,True
3628_02,Europa,False,C/117/S,55 Cancri e,19.3,False,1128,164,937,211,525,Nova Stark,False
3629_01,Mars,False,G/189/S,TRAPPIST-1e,33.6,False,1012,521,373,1039,607,Jordan Benson,False
3629_02,Earth,True,C/119/P,PSO J318.5-22,23.2,False,0,0,0,0,0,Jordan Benson,True
3630_01,Mars,False,D/17/P,TRAPPIST-1e,31.6,False,128,800,454,875,570,Jordan Benson,True
3630_02,Mars,True,D/73/S,TRAPPIST-1e,18.1,False,0,0,0,0,0,Lara Xel'Naga,True
3631_01,Europa,False,C/94/P,TRAPPIST-1e,30.1,False,822,5,944,83,1273,Jordan Benson,False
3631_02,Mars,True,A/106/S,55 Cancri e,5.6,False,0,0,0,0,0,Aria Lin,True
3632_01,Europa,False,D/144/P,TRAPPIST-1e,23.7,False,272,529,318,1105,1098,Hiro Tanaka,False
3632_02,Earth,False,D/42/P,PSO J318.5-22,32.4,False,428,1483,846,1369,248,Remy Vivaldi,False
3633_01,Europa,True,F/164/P,55 Cancri e,31.3,False,0,0,0,0,0,Priya Kaur,False
3633_02,Mars,False,E/185/P,PSO J318.5-22,35.2,False,362,1319,67,437,1015,Ilya Komarov,True
3634_01,Mars,False,F/83/S,TRAPPIST-1e,25.4,False,1318,295,646,32,1397,Leo Stark,False
3634_02,Mars,True,A/68/S,TRAPPIST-1e,31.6,False,0,0,0,0,0,Priya Kaur,True
3635_01,Europa,False,D/42/P,55 Cancri e,20.2,False,304,792,1131,95,1089,Ethan Zhao,False
3635_02,Earth,False,F/46/S,TRAPPIST-1e,2.5,False,520,229,732,357,401,Jordan Benson,False
3636_01,Earth,True,C/105/S,TRAPPIST-1e,25.4,False,0,0,0,0,0,Kai Vega,True
3636_02,Mars,False,F/9/P,TRAPPIST-1e,29.0,False,594,832,396,1059,494,Ethan Zhao,True
3637_01,Mars,True,C/73/S,TRAPPIST-1e,11.2,False,0,0,0,0,0,Aria Lin,True
3637_02,Earth,False,F/134/S,55 Cancri e,33.2,False,1459,1029,663,243,240,Jordan Benson,True
3638_01,Earth,False,E/63/P,55 Cancri e,21.0,False,74,282,86,880,929,Hiro Tanaka,False
3638_02,Earth,False,F/39/P,TRAPPIST-1e,5.1,False,1172,1173,159,445,81,Lara Xel'Naga,False
3639_01,Earth,False,G/128/S,55 Cancri e,35.2,False,477,182,1337,173,13,Hiro Tanaka,False
3639_02,Europa,False,E/52/P,55 Cancri e,43.1,False,1323,72,513,601,342,Ethan Zhao,False
3640_01,Earth,True,A/171/P,55 Cancri e,52.7,False,0,0,0,0,0,Aria Lin,True
3640_02,Earth,False,G/76/S,TRAPPIST-1e,45.5,False,162,115,1426,1102,1470,Hiro Tanaka,False
3641_01,Earth,False,B/24/P,TRAPPIST-1e,13.2,False,790,542,413,681,641,Remy Vivaldi,True
3641_02,Earth,False,C/176/P,55 Cancri e,26.6,False,1432,668,21,1426,968,Leo Stark,False
3642_01,Earth,False,D/122/S,55 Cancri e,35.8,False,901,723,1488,1187,1159,Mila Benson,True
3642_02,Earth,True,B/47/P,TRAPPIST-1e,22.0,False,0,0,0,0,0,Kai Vega,False
3643_01,Earth,False,G/179/S,TRAPPIST-1e,31.8,True,1265,831,790,1084,464,Nova Stark,False
3643_02,Earth,True,D/189/S,TRAPPIST-1e,28.8,False,0,0,0,0,0,Lara Xel'Naga,True
3644_01,Europa,True,C/4/S,55 Cancri e,32.4,False,0,0,0,0,0,Ethan Zhao,True
3644_02,Mars,True,E/129/S,55 Cancri e,40.2,False,0,0,0,0,0,Hiro Tanaka,True
3645_01,Europa,False,F/144/S,TRAPPIST-1e,30.1,False,659,911,1282,529,1210,Priya Kaur,True
3645_02,Earth,False,F/88/P,55 Cancri e,28.7,False,1235,1058,1170,1305,1272,Kai Vega,False
3646_01,Earth,False,F/55/S,TRAPPIST-1e,25.4,False,360,1260,233,222,326,Jordan Benson,False
3646_02,Earth,False,A/118/P,55 Cancri e,42.8,False,1121,1249,835,488,477,Ethan Zhao,True
3647_01,Earth,True,F/164/S,TRAPPIST-1e,21.7,False,0,0,0,0,0,Hiro Tanaka,True
3647_02,Earth,False,D/146/P,PSO J318.5-22,30.1,False,511,1012,381,1446,1371,Ilya Komarov,False
3648_01,Mars,False,A/68/S,55 Cancri e,31.4,False,564,731,438,754,628,Nova Stark,False
3648_02,Earth,False,G/68/P,TRAPPIST-1e,11.4,False,902,1470,1065,394,246,Ilya Komarov,False
3649_01,Europa,True,A/197/S,55 Cancri e,40.2,False,0,0,0,0,0,Kai Vega,True
3649_02,Mars,False,G/133/S,55 Cancri e,15.8,False,598,864,1472,83,772,Nova Stark,False
3650_01,Earth,False,D/157/P,TRAPPIST-1e,27.7,False,770,980,1210,1246,464,Aria Lin,True
3650_02,Europa,False,A/161/P,TRAPPIST-1e,40.6,False,418,86,258,1204,310,Kai Vega,False
3651_01,Earth,False,G/104/P,TRAPPIST-1e,17.8,True,328,195,61,1048,561,Hiro Tanaka,False
3651_02,Europa,False,G/165/P,TRAPPIST-1e,29.7,False,1401,896,1318,1075,843,Nova Stark,False
3652_01,Europa,True,E/78/P,55 Cancri e,29.6,False,0,0,0,0,0,Leo Stark,True
3652_02,Mars,True,D/87/P,PSO J318.5-22,19.6,False,0,0,0,0,0,Leo Stark,True
3653_01,Europa,False,E/88/S,TRAPPIST-1e,23.6,False,787,1,1492,1129,215,Jordan Benson,False
3653_02,Earth,False,F/181/P,TRAPPIST-1e,21.7,False,776,678,413,209,1081,Priya Kaur,False
3654_01,Mars,False,B/80/P,55 Cancri e,38.3,False,637,468,725,1412,1221,Priya Kaur,False
3654_02,Mars,False,C/105/P,TRAPPIST-1e,26.0,False,201,191,106,326,749,Remy Vivaldi,True
3655_01,Earth,True,G/21/P,TRAPPIST-1e,9.6,False,0,0,0,0,0,Priya Kaur,True
3655_02,Europa,True,C/147/P,TRAPPIST-1e,24.7,False,0,0,0,0,0,Jordan Benson,True
3656_01,Earth,True,A/166/S,TRAPPIST-1e,22.6,False,0,0,0,0,0,Ethan Zhao,True
3656_02,Earth,False,E/112/P,55 Cancri e,46.1,False,105,1317,1089,194,1211,Kai Vega,False
3657_01,Earth,False,A/48/P,TRAPPIST-1e,18.3,False,536,846,708,1269,807,Ethan Zhao,False
3657_02,Earth,False,D/192/P,55 Cancri e,37.8,False,611,1201,114,679,630,Ethan Zhao,False
3658_01,Europa,True,E/165/S,55 Cancri e,40.3,False,0,0,0,0,0,Remy Vivaldi,True
3658_02,Earth,True,C/46/S,PSO J318.5-22,7.5,False,0,0,0,0,0,Lara Xel'Naga,True
3659_01,Earth,False,G/170/S,TRAPPIST-1e,36.0,False,286,1322,860,741,293,Hiro Tanaka,False
3659_02,Earth,False,F/45/S,TRAPPIST-1e,28.2,False,808,885,1470,413,430,Remy Vivaldi,False
3660_01,Europa,False,F/113/P,55 Cancri e,21.7,False,1462,170,1340,543,1411,Ethan Zhao,True
3660_02,Earth,False,C/90/P,55 Cancri e,22.8,False,988,71,1022,531,238,Nova Stark,False
3661_01,Earth,False,E/168/P,PSO J318.5-22,41.6,False,641,1177,589,189,811,Priya Kaur,False
3661_02,Earth,False,G/153/P,TRAPPIST-1e,17.2,False,1438,1177,1014,624,1362,Kai Vega,True
3662_01,Earth,False,B/108/P,PSO J318.5-22,21.1,False,1058,783,670,721,525,Ethan Zhao,False
3662_02,Europa,False,A/176/S,55 Cancri e,24.2,False,536,846,1241,1277,995,Kai Vega,True
3663_01,Earth,True,B/126/P,TRAPPIST-1e,33.5,False,0,0,0,0,0,Mila Benson,False
3663_02,Mars,True,E/198/P,TRAPPIST-1e,37.0,False,0,0,0,0,0,Lara Xel'Naga,True
3664_01,Europa,True,F/163/P,55 Cancri e,29.5,False,0,0,0,0,0,Mila Benson,True
3664_02,Mars,False,E/36/S,55 Cancri e,20.5,False,311,1433,790,1311,1424,Nova Stark,True
3665_01,Europa,True,B/44/P,TRAPPIST-1e,45.1,False,0,0,0,0,0,Jordan Benson,True
3665_02,Earth,True,C/138/P,PSO J318.5-22,39.6,False,0,0,0,0,0,Lara Xel'Naga,True
3666_01,Earth,True,D/37/P,TRAPPIST-1e,44.6,False,0,0,0,0,0,Kai Vega,True
3666_02,Europa,False,G/15/P,55 Cancri e,39.3,False,1347,284,1112,1068,497,Aria Lin,False
3667_01,Earth,False,E/166/S,55 Cancri e,26.6,False,1190,1128,487,1333,81,Lara Xel'Naga,False
3667_02,Earth,True,B/33/P,55 Cancri e,0.0,False,0,0,0,0,0,Kai Vega,True
3668_01,Mars,True,E/146/S,TRAPPIST-1e,15.9,True,0,0,0,0,0,Ethan Zhao,True
3668_02,Mars,False,B/29/P,PSO J318.5-22,21.4,False,428,1424,170,577,67,Ethan Zhao,False
3669_01,Europa,False,A/200/S,TRAPPIST-1e,9.4,False,901,257,749,627,794,Kai Vega,True
3669_02,Earth,True,A/183/P,TRAPPIST-1e,20.4,False,0,0,0,0,0,Hiro Tanaka,False
3670_01,Europa,False,D/68/S,TRAPPIST-1e,37.8,False,6,548,370,756,1273,Aria Lin,False
3670_02,Europa,False,B/9/P,55 Cancri e,27.3,False,1138,1360,573,680,1165,Nova Stark,False
3671_01,Mars,True,D/69/P,TRAPPIST-1e,40.5,False,0,0,0,0,0,Mila Benson,True
3671_02,Earth,False,G/141/P,TRAPPIST-1e,7.2,False,462,1071,480,822,523,Ilya Komarov,False
3672_01,Mars,False,D/124/S,55 Cancri e,24.5,False,768,234,186,712,1313,Priya Kaur,False
3672_02,Mars,False,F/188/S,55 Cancri e,32.3,False,1244,496,1325,186,1473,Remy Vivaldi,True
3673_01,Earth,False,D/197/P,TRAPPIST-1e,23.0,False,1268,312,818,21,67,Ethan Zhao,False
3673_02,Europa,False,C/173/P,TRAPPIST-1e,28.7,False,391,1339,1088,728,540,Ethan Zhao,True
3674_01,Mars,False,A/157/P,55 Cancri e,46.9,False,211,199,986,177,1446,Priya Kaur,True
3674_02,Europa,False,A/119/S,TRAPPIST-1e,22.6,False,930,1485,43,1454,167,Mila Benson,False
3675_01,Europa,False,B/68/P,PSO J318.5-22,33.7,False,15,886,836,109,305,Leo Stark,True
3675_02,Mars,False,D/39/P,TRAPPIST-1e,45.9,False,979,5,842,1296,360,Ethan Zhao,False
3676_01,Earth,True,D/83/S,TRAPPIST-1e,31.7,False,0,0,0,0,0,Ilya Komarov,True
3676_02,Earth,False,C/29/P,55 Cancri e,23.8,False,1123,1113,983,1269,1262,Kai Vega,False
3677_01,Earth,False,G/156/P,PSO J318.5-22,25.9,False,1332,560,508,259,291,Jordan Benson,False
3677_02,Mars,False,E/190/P,TRAPPIST-1e,30.7,True,884,290,541,763,1086,Lara Xel'Naga,False
3678_01,Europa,False,B/57/P,TRAPPIST-1e,38.4,False,1348,380,309,1366,1498,Remy Vivaldi,False
3678_02,Mars,False,A/200/S,PSO J318.5-22,38.4,False,1079,846,424,1165,660,Aria Lin,True
3679_01,Earth,False,B/15/P,55 Cancri e,20.6,False,1388,94,507,564,1199,Mila Benson,True
3679_02,Mars,True,A/64/S,PSO J318.5-22,30.8,False,0,0,0,0,0,Lara Xel'Naga,False
3680_01,Europa,False,F/8/S,55 Cancri e,31.9,False,458,1436,900,337,962,Aria Lin,False
3680_02,Europa,False,G/158/S,PSO J318.5-22,36.8,False,1354,1236,344,575,942,Hiro Tanaka,False
3681_01,Earth,False,F/150/P,55 Cancri e,31.8,False,324,466,90,293,523,Hiro Tanaka,False
3681_02,Mars,True,G/180/S,TRAPPIST-1e,6.2,False,0,0,0,0,0,Jordan Benson,True
3682_01,Mars,True,C/110/S,55 Cancri e,40.0,False,0,0,0,0,0,Remy Vivaldi,False
3682_02,Europa,True,A/100/P,55 Cancri e,20.5,False,0,0,0,0,0,Priya Kaur,True
3683_01,Earth,False,D/179/S,TRAPPIST-1e,26.6,False,185,343,820,740,568,Kai Vega,False
3683_02,Earth,False,A/11/P,TRAPPIST-1e,25.3,False,949,508,15,524,199,Lara Xel'Naga,False
3684_01,Earth,False,D/59/P,PSO J318.5-22,43.1,False,1304,1181,1383,258,1180,Priya Kaur,False
3684_02,Mars,False,C/129/S,TRAPPIST-1e,19.4,False,424,778,1044,638,1370,Mila Benson,True
3685_01,Europa,False,G/47/S,PSO J318.5-22,23.4,False,623,1103,1475,642,391,Nova Stark,True
3685_02,Europa,False,B/125/P,TRAPPIST-1e,2.5,False,573,1382,32,1159,920,Jordan Benson,False
3686_01,Earth,True,F/99/S,TRAPPIST-1e,13.5,False,0,0,0,0,0,Leo Stark,True
3686_02,Europa,False,E/113/P,55 Cancri e,25.1,False,1022,1114,412,298,72,Jordan Benson,False
3687_01,Mars,False,D/7/S,TRAPPIST-1e,34.2,False,1335,958,731,684,1188,Kai Vega,False
3687_02,Europa,False,D/74/P,PSO J318.5-22,38.6,False,839,334,731,803,1184,Priya Kaur,True
3688_01,Europa,False,D/161/S,TRAPPIST-1e,22.3,False,1094,940,1115,902,1384,Kai Vega,False
3688_02,Mars,False,E/33/P,PSO J318.5-22,29.3,False,1344,1268,23,556,700,Remy Vivaldi,False
3689_01,Earth,False,G/153/P,55 Cancri e,17.3,False,440,881,1375,925,1242,Jordan Benson,False
3689_02,Earth,True,G/180/S,55 Cancri e,4.2,False,0,0,0,0,0,Jordan Benson,False
3690_01,Mars,False,B/188/S,TRAPPIST-1e,36.7,False,565,9,677,850,926,Kai Vega,True
3690_02,Mars,False,F/13/P,TRAPPIST-1e,36.1,False,284,152,370,300,145,Mila Benson,False
3691_01,Earth,False,B/160/P,TRAPPIST-1e,24.1,False,1427,701,140,1111,1450,Kai Vega,False
3691_02,Mars,True,F/90/S,PSO J318.5-22,22.2,False,0,0,0,0,0,Ilya Komarov,False
3692_01,Mars,False,D/182/P,TRAPPIST-1e,24.3,False,1378,20,1029,966,1244,Ilya Komarov,False
3692_02,Europa,False,G/20/S,TRAPPIST-1e,34.4,True,1110,452,341,392,1375,Leo Stark,False
3693_01,Mars,False,E/191/S,TRAPPIST-1e,32.5,False,157,810,1260,698,1266,Aria Lin,False
3693_02,Earth,True,D/156/P,TRAPPIST-1e,31.5,False,0,0,0,0,0,Jordan Benson,False
3694_01,Earth,False,F/155/P,TRAPPIST-1e,42.7,False,219,1055,934,508,1256,Priya Kaur,False
3694_02,Mars,False,E/18/P,55 Cancri e,35.3,False,952,214,1265,244,19,Lara Xel'Naga,False
3695_01,Earth,False,B/81/P,TRAPPIST-1e,36.1,False,980,71,177,298,265,Jordan Benson,True
3695_02,Mars,True,F/84/P,PSO J318.5-22,47.8,False,0,0,0,0,0,Nova Stark,True
3696_01,Europa,False,C/75/P,55 Cancri e,32.1,False,52,811,1423,1437,488,Priya Kaur,True
3696_02,Mars,True,F/26/P,TRAPPIST-1e,26.3,False,0,0,0,0,0,Lara Xel'Naga,True
3697_01,Earth,True,A/145/P,55 Cancri e,18.0,False,0,0,0,0,0,Aria Lin,True
3697_02,Earth,False,E/102/S,55 Cancri e,33.9,False,920,637,665,5,421,Aria Lin,False
3698_01,Earth,True,A/126/P,55 Cancri e,30.7,False,0,0,0,0,0,Mila Benson,True
3698_02,Earth,False,D/90/P,TRAPPIST-1e,33.1,False,333,1471,337,847,1111,Aria Lin,False
3699_01,Earth,False,C/189/P,PSO J318.5-22,32.0,False,1293,656,1400,780,328,Leo Stark,False
3699_02,Europa,False,A/143/S,TRAPPIST-1e,41.8,False,517,861,420,1336,308,Lara Xel'Naga,True
3700_01,Europa,False,E/192/S,TRAPPIST-1e,20.3,False,961,1212,720,1065,589,Priya Kaur,False
3700_02,Mars,True,C/104/S,PSO J318.5-22,18.4,False,0,0,0,0,0,Aria Lin,False
3701_01,Europa,False,F/65/P,TRAPPIST-1e,38.5,True,1397,285,170,262,941,Ilya Komarov,False
3701_02,Earth,False,F/156/S,TRAPPIST-1e,40.4,False,141,1171,1463,627,592,Nova Stark,False
3702_01,Europa,False,C/13/P,TRAPPIST-1e,29.5,False,304,184,282,1178,685,Remy Vivaldi,False
3702_02,Earth,False,G/48/S,TRAPPIST-1e,26.0,False,862,684,665,1037,889,Kai Vega,False
3703_01,Mars,False,C/161/P,TRAPPIST-1e,30.9,False,733,1496,818,906,1131,Ilya Komarov,False
3703_02,Mars,True,C/110/S,55 Cancri e,24.1,False,0,0,0,0,0,Hiro Tanaka,True
3704_01,Europa,False,B/145/P,55 Cancri e,1.3,False,581,159,431,1419,614,Jordan Benson,False
3704_02,Mars,True,D/47/S,PSO J318.5-22,39.0,False,0,0,0,0,0,Kai Vega,True
3705_01,Europa,False,G/10/S,TRAPPIST-1e,30.3,False,342,1384,108,848,300,Lara Xel'Naga,True
3705_02,Europa,True,D/71/P,TRAPPIST-1e,31.6,False,0,0,0,0,0,Kai Vega,True
3706_01,Europa,False,C/7/P,55 Cancri e,30.1,False,1094,268,1232,477,175,Hiro Tanaka,False
3706_02,Earth,True,G/84/S,55 Cancri e,24.2,False,0,0,0,0,0,Aria Lin,True
3707_01,Earth,False,E/58/S,PSO J318.5-22,10.5,False,491,98,328,1349,444,Ethan Zhao,True
3707_02,Europa,True,C/17/P,PSO J318.5-22,31.2,False,0,0,0,0,0,Kai Vega,False
3708_01,Mars,False,B/107/P,55 Cancri e,39.5,False,794,890,30,1154,437,Nova Stark,False
3708_02,Mars,False,D/2/S,TRAPPIST-1e,20.0,False,1349,1290,285,290,367,Ethan Zhao,True
3709_01,Mars,False,A/113/P,55 Cancri e,45.8,False,1494,1193,770,1369,77,Jordan Benson,False
3709_02,Earth,False,G/68/S,TRAPPIST-1e,22.4,False,850,1108,891,660,1224,Aria Lin,True
3710_01,Earth,False,E/102/P,PSO J318.5-22,30.2,False,811,301,292,293,108,Nova Stark,True
3710_02,Mars,False,E/125/S,TRAPPIST-1e,18.8,False,364,599,677,1290,92,Nova Stark,True
3711_01,Mars,False,F/123/P,55 Cancri e,30.9,False,1011,473,1084,1369,11,Priya Kaur,False
3711_02,Europa,False,A/27/S,TRAPPIST-1e,27.9,False,465,648,1218,1097,874,Ethan Zhao,False
3712_01,Earth,True,F/116/S,TRAPPIST-1e,23.5,False,0,0,0,0,0,Kai Vega,False
3712_02,Europa,False,D/11/S,PSO J318.5-22,36.0,False,1459,1062,653,1343,864,Ethan Zhao,False
3713_01,Earth,False,G/96/S,TRAPPIST-1e,37.8,False,513,1439,803,1393,342,Ethan Zhao,True
3713_02,Earth,False,F/94/S,TRAPPIST-1e,44.5,False,1348,1390,335,1319,23,Jordan Benson,False
3714_01,Earth,False,B/122/S,TRAPPIST-1e,30.8,False,632,864,172,1439,102,Aria Lin,False
3714_02,Mars,True,D/194/P,55 Cancri e,18.1,False,0,0,0,0,0,Nova Stark,True
3715_01,Europa,True,A/143/S,TRAPPIST-1e,36.9,False,0,0,0,0,0,Jordan Benson,True
3715_02,Europa,False,F/105/P,TRAPPIST-1e,35.3,False,575,195,988,1414,933,Leo Stark,False
3716_01,Mars,False,G/42/P,55 Cancri e,10.3,False,1266,1376,409,959,904,Ethan Zhao,False
3716_02,Earth,False,B/186/P,TRAPPIST-1e,38.1,False,726,1038,146,1048,332,Kai Vega,False
3717_01,Europa,True,G/74/S,55 Cancri e,34.7,False,0,0,0,0,0,Priya Kaur,False
3717_02,Europa,True,A/101/S,55 Cancri e,17.5,False,0,0,0,0,0,Kai Vega,True
3718_01,Mars,False,G/23/P,55 Cancri e,24.2,True,1090,249,141,266,214,Lara Xel'Naga,False
3718_02,Earth,True,A/53/P,PSO J318.5-22,26.3,False,0,0,0,0,0,Leo Stark,False
3719_01,Mars,False,E/184/S,TRAPPIST-1e,40.3,False,840,379,843,1167,301,Hiro Tanaka,False
3719_02,Europa,False,D/37/S,PSO J318.5-22,23.9,False,649,1440,808,1202,1301,Leo Stark,False
3720_01,Earth,False,E/196/S,PSO J318.5-22,23.5,False,1354,1293,998,1210,665,Mila Benson,False
3720_02,Earth,True,E/30/S,TRAPPIST-1e,19.8,False,0,0,0,0,0,Ilya Komarov,True
3721_01,Europa,False,B/124/P,55 Cancri e,19.7,False,558,777,110,987,812,Leo Stark,False
3721_02,Earth,False,C/35/P,TRAPPIST-1e,18.7,False,1326,929,885,908,1496,Jordan Benson,False
3722_01,Earth,False,D/175/P,TRAPPIST-1e,33.6,False,1345,963,42,460,1125,Kai Vega,False
3722_02,Earth,False,C/144/S,TRAPPIST-1e,37.2,False,704,1032,148,337,1002,Ilya Komarov,False
3723_01,Earth,False,G/52/P,TRAPPIST-1e,27.2,False,554,65,1411,620,1158,Remy Vivaldi,True
3723_02,Earth,False,B/70/S,TRAPPIST-1e,12.5,False,1109,83,226,1283,891,Ilya Komarov,True
3724_01,Europa,True,G/164/P,55 Cancri e,26.1,False,0,0,0,0,0,Kai Vega,True
3724_02,Earth,False,F/105/S,55 Cancri e,19.0,False,754,1466,940,269,405,Priya Kaur,True
3725_01,Earth,False,D/173/P,PSO J318.5-22,22.6,False,390,1439,908,141,645,Priya Kaur,False
3725_02,Earth,False,C/179/S,TRAPPIST-1e,23.9,False,808,947,1364,244,765,Nova Stark,False
3726_01,Europa,False,A/18/P,TRAPPIST-1e,42.7,False,938,448,265,1262,249,Aria Lin,False
3726_02,Earth,True,F/152/S,TRAPPIST-1e,35.8,False,0,0,0,0,0,Nova Stark,True
3727_01,Earth,False,A/199/S,TRAPPIST-1e,10.2,False,1102,906,520,1473,883,Ethan Zhao,False
3727_02,Earth,False,E/75/S,TRAPPIST-1e,30.7,False,733,143,1143,943,564,Hiro Tanaka,False
3728_01,Earth,False,G/19/P,TRAPPIST-1e,36.5,True,632,888,1226,800,179,Remy Vivaldi,False
3728_02,Europa,False,F/116/P,TRAPPIST-1e,37.4,False,592,566,690,1133,1447,Aria Lin,False
3729_01,Earth,False,A/37/P,TRAPPIST-1e,35.0,True,1416,1060,516,849,907,Leo Stark,False
3729_02,Europa,False,B/21/P,TRAPPIST-1e,28.4,False,315,1195,1429,1285,26,Priya Kaur,False
3730_01,Earth,True,F/85/S,PSO J318.5-22,30.8,False,0,0,0,0,0,Lara Xel'Naga,True
3730_02,Europa,True,F/165/S,TRAPPIST-1e,32.8,False,0,0,0,0,0,Jordan Benson,True
3731_01,Earth,False,G/98/S,TRAPPIST-1e,19.9,False,190,574,856,1469,615,Lara Xel'Naga,False
3731_02,Europa,False,F/106/P,55 Cancri e,24.6,False,1416,1431,1017,672,682,Leo Stark,True
3732_01,Mars,False,B/184/P,TRAPPIST-1e,24.2,False,1126,225,352,1183,1427,Ethan Zhao,True
3732_02,Mars,False,E/171/S,TRAPPIST-1e,27.3,False,1347,144,1488,914,1155,Nova Stark,False
3733_01,Earth,False,D/6/P,TRAPPIST-1e,37.8,False,1217,1193,459,940,1034,Ethan Zhao,True
3733_02,Mars,False,D/64/P,TRAPPIST-1e,29.4,False,180,1255,28,531,1028,Priya Kaur,True
3734_01,Europa,False,E/60/P,PSO J318.5-22,53.9,False,97,261,18,11,536,Lara Xel'Naga,False
3734_02,Earth,True,G/54/S,55 Cancri e,38.4,False,0,0,0,0,0,Remy Vivaldi,False
3735_01,Europa,False,B/1/P,TRAPPIST-1e,11.9,False,23,1031,227,375,1146,Leo Stark,True
3735_02,Mars,False,G/8/P,55 Cancri e,31.9,False,1113,1479,223,735,256,Hiro Tanaka,False
3736_01,Europa,True,A/139/S,PSO J318.5-22,29.1,False,0,0,0,0,0,Remy Vivaldi,True
3736_02,Earth,False,G/31/P,TRAPPIST-1e,43.1,False,698,437,36,105,614,Remy Vivaldi,True
3737_01,Mars,False,E/139/P,55 Cancri e,31.1,False,1169,1040,1182,959,1305,Remy Vivaldi,False
3737_02,Earth,False,G/105/P,TRAPPIST-1e,8.1,False,277,124,1443,1343,674,Ilya Komarov,False
3738_01,Mars,False,F/135/S,TRAPPIST-1e,37.8,False,666,1347,912,394,772,Aria Lin,False
3738_02,Earth,False,G/119/S,TRAPPIST-1e,14.7,False,185,465,1080,457,1000,Ilya Komarov,False
3739_01,Europa,False,G/76/S,TRAPPIST-1e,32.0,False,1108,631,1037,839,911,Ilya Komarov,False
3739_02,Earth,True,B/38/S,TRAPPIST-1e,35.0,False,0,0,0,0,0,Ilya Komarov,True
3740_01,Earth,True,B/196/P,TRAPPIST-1e,12.8,False,0,0,0,0,0,Mila Benson,True
3740_02,Mars,True,E/27/S,PSO J318.5-22,45.0,False,0,0,0,0,0,Jordan Benson,True
3741_01,Earth,False,F/180/P,PSO J318.5-22,25.1,False,1092,55,878,1479,254,Ilya Komarov,False
3741_02,Earth,True,C/13/S,55 Cancri e,33.7,False,0,0,0,0,0,Leo Stark,True
3742_01,Earth,False,G/59/P,55 Cancri e,22.1,False,328,97,1184,1429,980,Nova Stark,True
3742_02,Europa,False,F/77/S,55 Cancri e,30.8,False,1002,782,576,326,242,Remy Vivaldi,True
3743_01,Europa,False,D/82/S,55 Cancri e,21.7,False,1465,1177,233,651,332,Leo Stark,False
3743_02,Earth,False,F/100/P,TRAPPIST-1e,25.2,False,494,1138,368,1356,1153,Priya Kaur,False
3744_01,Earth,False,F/63/S,PSO J318.5-22,40.7,False,906,1124,1219,801,207,Nova Stark,False
3744_02,Earth,False,F/199/S,PSO J318.5-22,39.6,False,606,472,1031,135,609,Hiro Tanaka,False
3745_01,Europa,True,E/120/S,TRAPPIST-1e,21.4,False,0,0,0,0,0,Ilya Komarov,True
3745_02,Earth,False,A/184/S,PSO J318.5-22,44.4,False,1461,1436,231,100,146,Jordan Benson,True
3746_01,Earth,False,F/140/P,55 Cancri e,26.9,False,335,445,733,443,117,Hiro Tanaka,False
3746_02,Earth,True,E/136/P,TRAPPIST-1e,25.1,False,0,0,0,0,0,Ethan Zhao,True
3747_01,Earth,False,A/21/P,55 Cancri e,14.4,False,87,475,294,719,1404,Aria Lin,True
3747_02,Europa,False,F/67/P,TRAPPIST-1e,37.5,False,994,1306,843,685,638,Nova Stark,False
3748_01,Earth,False,D/160/S,55 Cancri e,10.3,False,889,913,1110,405,1290,Nova Stark,True
3748_02,Earth,False,G/104/P,PSO J318.5-22,17.7,False,1087,118,340,312,162,Jordan Benson,False
3749_01,Earth,False,A/149/P,PSO J318.5-22,42.3,False,1424,672,1423,398,908,Remy Vivaldi,True
3749_02,Europa,True,G/179/S,TRAPPIST-1e,42.5,False,0,0,0,0,0,Ilya Komarov,True
3750_01,Earth,True,B/62/P,TRAPPIST-1e,43.5,False,0,0,0,0,0,Priya Kaur,True
3750_02,Europa,False,A/84/S,PSO J318.5-22,34.8,False,1082,748,239,310,320,Remy Vivaldi,False
3751_01,Earth,False,G/21/P,PSO J318.5-22,11.4,False,413,1345,401,58,52,Leo Stark,True
3751_02,Earth,False,E/178/S,PSO J318.5-22,24.1,False,1087,632,1142,285,17,Ilya Komarov,False
3752_01,Europa,True,E/127/P,TRAPPIST-1e,34.1,True,0,0,0,0,0,Nova Stark,True
3752_02,Earth,False,B/28/P,TRAPPIST-1e,16.1,False,159,141,396,1041,579,Lara Xel'Naga,False
3753_01,Mars,True,E/149/S,TRAPPIST-1e,17.6,False,0,0,0,0,0,Jordan Benson,True
3753_02,Europa,False,A/88/S,PSO J318.5-22,47.8,True,460,285,1028,128,955,Leo Stark,True
3754_01,Mars,True,E/175/S,PSO J318.5-22,36.5,False,0,0,0,0,0,Hiro Tanaka,True
3754_02,Mars,False,A/49/P,TRAPPIST-1e,24.9,False,1106,1141,28,1004,1381,Remy Vivaldi,False
3755_01,Earth,False,A/200/S,TRAPPIST-1e,16.7,False,1309,335,569,312,598,Ilya Komarov,False
3755_02,Earth,False,C/171/S,TRAPPIST-1e,31.3,False,1146,864,370,804,313,Mila Benson,True
3756_01,Earth,False,D/97/P,TRAPPIST-1e,46.9,False,1029,472,1341,1248,1056,Mila Benson,False
3756_02,Mars,False,B/86/P,55 Cancri e,47.0,False,88,1357,39,680,374,Ethan Zhao,False
3757_01,Earth,True,C/90/P,PSO J318.5-22,30.9,False,0,0,0,0,0,Mila Benson,True
3757_02,Mars,True,B/17/P,PSO J318.5-22,23.0,False,0,0,0,0,0,Remy Vivaldi,True
3758_01,Earth,False,C/52/S,TRAPPIST-1e,2.1,True,805,208,326,991,502,Aria Lin,False
3758_02,Earth,False,F/89/S,TRAPPIST-1e,39.2,False,278,1405,787,1006,951,Ilya Komarov,False
3759_01,Earth,True,C/145/S,TRAPPIST-1e,13.9,False,0,0,0,0,0,Priya Kaur,True
3759_02,Europa,False,G/167/P,TRAPPIST-1e,21.0,False,297,1401,432,1009,1135,Nova Stark,False
3760_01,Europa,True,A/48/P,55 Cancri e,23.9,False,0,0,0,0,0,Kai Vega,True
3760_02,Europa,False,B/59/S,55 Cancri e,28.3,False,303,935,1470,720,495,Remy Vivaldi,False
3761_01,Earth,False,D/176/S,PSO J318.5-22,50.0,False,887,807,331,712,575,Lara Xel'Naga,True
3761_02,Earth,False,F/171/P,PSO J318.5-22,28.3,False,349,837,319,536,411,Mila Benson,False
3762_01,Earth,False,B/170/S,TRAPPIST-1e,29.9,False,532,501,1177,913,1091,Mila Benson,True
3762_02,Europa,False,D/164/P,55 Cancri e,3.9,False,1064,526,1192,710,749,Remy Vivaldi,False
3763_01,Earth,False,B/25/S,PSO J318.5-22,33.5,False,254,1181,299,957,426,Remy Vivaldi,False
3763_02,Mars,False,E/72/P,55 Cancri e,33.6,False,989,306,98,120,1053,Priya Kaur,False
3764_01,Europa,False,E/19/S,55 Cancri e,8.2,False,1427,1054,1185,1455,1179,Nova Stark,False
3764_02,Earth,False,F/165/S,TRAPPIST-1e,26.1,False,1346,628,1214,1199,947,Ethan Zhao,False
3765_01,Europa,True,D/128/S,TRAPPIST-1e,19.6,False,0,0,0,0,0,Nova Stark,True
3765_02,Earth,False,A/129/S,TRAPPIST-1e,38.5,False,832,819,810,761,1362,Leo Stark,False
3766_01,Earth,False,B/132/P,PSO J318.5-22,19.0,False,806,1496,1040,1243,486,Nova Stark,True
3766_02,Earth,False,B/76/S,55 Cancri e,42.4,True,810,1328,516,1152,834,Nova Stark,False
3767_01,Earth,False,A/19/S,TRAPPIST-1e,26.3,False,1155,555,1344,496,887,Leo Stark,False
3767_02,Earth,False,D/91/P,TRAPPIST-1e,32.1,False,381,215,755,542,915,Leo Stark,False
3768_01,Europa,False,F/71/P,55 Cancri e,45.2,False,1179,165,207,23,806,Remy Vivaldi,False
3768_02,Earth,False,C/94/S,TRAPPIST-1e,30.0,False,886,690,331,1001,240,Remy Vivaldi,True
3769_01,Europa,False,D/85/P,TRAPPIST-1e,40.5,False,1106,89,438,542,192,Lara Xel'Naga,True
3769_02,Earth,False,E/77/S,TRAPPIST-1e,3.2,True,487,611,1372,1112,954,Hiro Tanaka,False
3770_01,Mars,False,G/94/S,TRAPPIST-1e,28.0,False,145,1026,1337,326,987,Hiro Tanaka,False
3770_02,Europa,True,G/77/S,TRAPPIST-1e,11.0,False,0,0,0,0,0,Ilya Komarov,True
3771_01,Mars,False,F/199/P,55 Cancri e,15.8,False,487,66,88,1158,201,Nova Stark,False
3771_02,Europa,True,C/165/P,55 Cancri e,17.2,False,0,0,0,0,0,Nova Stark,True
3772_01,Europa,True,A/133/P,TRAPPIST-1e,18.5,False,0,0,0,0,0,Jordan Benson,True
3772_02,Europa,False,D/115/S,TRAPPIST-1e,24.8,False,78,377,164,748,936,Ilya Komarov,False
3773_01,Mars,False,D/52/P,TRAPPIST-1e,34.2,False,1225,1063,168,1093,791,Priya Kaur,True
3773_02,Earth,False,C/65/P,PSO J318.5-22,17.8,False,1353,1463,1422,1002,353,Lara Xel'Naga,False
3774_01,Europa,False,F/22/S,PSO J318.5-22,10.0,False,344,642,788,376,1318,Jordan Benson,False
3774_02,Europa,False,F/119/S,TRAPPIST-1e,15.9,False,1311,1277,433,500,1108,Kai Vega,True
3775_01,Earth,False,G/196/S,PSO J318.5-22,34.5,False,496,601,1014,1185,666,Hiro Tanaka,False
3775_02,Earth,False,A/32/S,TRAPPIST-1e,31.0,False,364,1448,966,363,107,Jordan Benson,False
3776_01,Earth,False,C/8/S,TRAPPIST-1e,20.2,False,303,968,1438,1473,1417,Lara Xel'Naga,False
3776_02,Mars,False,G/129/P,PSO J318.5-22,18.7,False,364,737,988,1020,1452,Priya Kaur,True
3777_01,Europa,True,D/175/S,TRAPPIST-1e,25.0,False,0,0,0,0,0,Priya Kaur,True
3777_02,Earth,True,C/166/P,TRAPPIST-1e,30.8,False,0,0,0,0,0,Jordan Benson,False
3778_01,Earth,False,C/67/S,TRAPPIST-1e,34.1,False,398,621,142,947,1093,Remy Vivaldi,True
3778_02,Earth,True,A/3/S,55 Cancri e,28.1,False,0,0,0,0,0,Mila Benson,True
3779_01,Europa,False,F/149/S,PSO J318.5-22,43.5,False,551,1050,298,691,557,Mila Benson,False
3779_02,Earth,True,A/100/S,TRAPPIST-1e,18.4,False,0,0,0,0,0,Priya Kaur,True
3780_01,Mars,False,E/72/S,TRAPPIST-1e,12.1,False,1149,57,176,718,1308,Aria Lin,True
3780_02,Europa,False,C/196/S,TRAPPIST-1e,20.7,False,665,1050,1474,322,674,Jordan Benson,True
3781_01,Earth,False,A/90/P,PSO J318.5-22,8.1,False,1393,845,89,130,1052,Ethan Zhao,False
3781_02,Mars,True,C/36/S,TRAPPIST-1e,33.4,False,0,0,0,0,0,Remy Vivaldi,True
3782_01,Earth,True,E/137/S,TRAPPIST-1e,33.2,False,0,0,0,0,0,Ilya Komarov,True
3782_02,Mars,True,E/130/S,55 Cancri e,8.5,False,0,0,0,0,0,Kai Vega,True
3783_01,Earth,False,A/146/S,TRAPPIST-1e,17.4,False,1048,189,958,75,370,Kai Vega,False
3783_02,Europa,True,B/132/S,TRAPPIST-1e,26.4,False,0,0,0,0,0,Jordan Benson,True
3784_01,Mars,False,E/195/S,55 Cancri e,28.8,False,182,153,1292,902,1301,Ilya Komarov,False
3784_02,Earth,True,B/79/S,PSO J318.5-22,25.9,False,0,0,0,0,0,Remy Vivaldi,True
3785_01,Earth,True,D/20/P,TRAPPIST-1e,28.9,False,0,0,0,0,0,Mila Benson,True
3785_02,Mars,False,F/190/S,TRAPPIST-1e,39.3,False,525,605,1366,878,1075,Ethan Zhao,False
3786_01,Europa,False,C/34/P,TRAPPIST-1e,20.3,False,340,1339,541,224,260,Ilya Komarov,False
3786_02,Earth,False,D/21/S,TRAPPIST-1e,21.3,False,1270,1102,696,810,472,Nova Stark,False
3787_01,Mars,True,C/104/P,PSO J318.5-22,35.0,False,0,0,0,0,0,Kai Vega,False
3787_02,Earth,False,D/82/S,TRAPPIST-1e,20.8,False,16,343,1035,939,693,Leo Stark,False
3788_01,Earth,False,F/142/P,TRAPPIST-1e,27.3,False,1180,173,845,692,1008,Lara Xel'Naga,False
3788_02,Earth,False,B/15/S,PSO J318.5-22,30.2,False,280,1332,989,236,156,Mila Benson,True
3789_01,Europa,False,E/141/P,TRAPPIST-1e,38.6,False,1246,1234,336,1157,770,Priya Kaur,False
3789_02,Europa,False,D/186/P,PSO J318.5-22,30.7,False,494,546,1206,160,604,Remy Vivaldi,True
3790_01,Europa,False,F/146/P,PSO J318.5-22,37.0,False,1375,233,1432,1299,710,Ilya Komarov,False
3790_02,Mars,False,A/46/P,55 Cancri e,20.1,False,458,1476,412,1041,71,Hiro Tanaka,True
3791_01,Earth,False,A/60/P,55 Cancri e,35.4,True,833,1378,150,1284,1103,Kai Vega,False
3791_02,Mars,False,F/2/S,TRAPPIST-1e,29.4,False,1129,1426,719,129,1194,Ilya Komarov,False
3792_01,Europa,False,A/58/P,55 Cancri e,43.1,False,196,916,1069,273,132,Leo Stark,False
3792_02,Europa,False,B/140/P,PSO J318.5-22,29.2,False,263,366,824,4,268,Remy Vivaldi,True
3793_01,Mars,True,A/183/P,TRAPPIST-1e,32.2,False,0,0,0,0,0,Remy Vivaldi,False
3793_02,Europa,False,G/51/S,TRAPPIST-1e,33.4,False,1369,68,799,357,1409,Mila Benson,True
3794_01,Europa,False,E/74/S,55 Cancri e,23.1,False,255,418,210,910,583,Aria Lin,False
3794_02,Mars,True,A/166/P,TRAPPIST-1e,20.7,False,0,0,0,0,0,Hiro Tanaka,True
3795_01,Europa,False,G/149/P,TRAPPIST-1e,33.0,False,2,894,895,1093,51,Jordan Benson,False
3795_02,Mars,False,E/183/S,PSO J318.5-22,30.8,False,436,1401,1021,93,586,Hiro Tanaka,True
3796_01,Europa,True,A/10/P,TRAPPIST-1e,4.2,False,0,0,0,0,0,Remy Vivaldi,True
3796_02,Earth,False,G/173/S,TRAPPIST-1e,29.4,False,828,42,1393,403,1326,Ilya Komarov,False
3797_01,Earth,True,G/80/S,TRAPPIST-1e,32.5,True,0,0,0,0,0,Priya Kaur,True
3797_02,Europa,False,C/39/S,TRAPPIST-1e,19.7,False,542,101,345,602,441,Lara Xel'Naga,True
3798_01,Europa,False,G/127/S,55 Cancri e,37.1,False,1303,1112,1448,1308,670,Ethan Zhao,False
3798_02,Earth,True,B/130/P,TRAPPIST-1e,41.7,False,0,0,0,0,0,Jordan Benson,True
3799_01,Earth,False,A/3/S,PSO J318.5-22,27.0,False,651,900,1212,90,567,Hiro Tanaka,False
3799_02,Europa,False,B/62/S,TRAPPIST-1e,10.8,True,1188,547,1353,79,933,Ethan Zhao,False
3800_01,Earth,True,A/83/S,TRAPPIST-1e,18.3,False,0,0,0,0,0,Leo Stark,True
3800_02,Mars,False,C/73/P,55 Cancri e,29.7,False,1116,623,378,1232,193,Ilya Komarov,False
3801_01,Europa,False,E/107/P,PSO J318.5-22,28.5,False,520,918,478,1300,1152,Leo Stark,False
3801_02,Mars,False,E/107/P,PSO J318.5-22,18.1,False,1325,573,1383,842,1380,Kai Vega,True
3802_01,Europa,False,G/182/P,TRAPPIST-1e,13.1,False,895,1106,516,1023,895,Ethan Zhao,False
3802_02,Earth,True,F/8/P,TRAPPIST-1e,31.1,False,0,0,0,0,0,Aria Lin,True
3803_01,Earth,False,A/30/S,55 Cancri e,24.0,False,612,1164,604,620,999,Nova Stark,False
3803_02,Earth,False,G/130/P,TRAPPIST-1e,26.1,False,554,135,329,954,394,Leo Stark,False
3804_01,Mars,True,E/7/S,TRAPPIST-1e,37.2,False,0,0,0,0,0,Aria Lin,True
3804_02,Europa,False,A/122/P,TRAPPIST-1e,20.8,False,869,537,1069,667,243,Mila Benson,False
3805_01,Mars,True,A/135/S,55 Cancri e,26.8,False,0,0,0,0,0,Ilya Komarov,True
3805_02,Earth,False,B/43/S,TRAPPIST-1e,38.1,False,753,405,770,1069,748,Remy Vivaldi,False
3806_01,Earth,False,A/45/P,TRAPPIST-1e,43.3,False,702,819,53,1065,1372,Ethan Zhao,False
3806_02,Earth,True,G/55/S,55 Cancri e,32.2,False,0,0,0,0,0,Nova Stark,False
3807_01,Earth,False,D/80/P,PSO J318.5-22,22.1,False,1164,1311,1345,593,441,Nova Stark,False
3807_02,Earth,False,G/136/P,TRAPPIST-1e,31.9,False,166,565,1486,1479,72,Leo Stark,False
3808_01,Earth,True,A/80/P,TRAPPIST-1e,34.4,False,0,0,0,0,0,Remy Vivaldi,False
3808_02,Earth,False,A/184/P,TRAPPIST-1e,26.2,False,269,218,546,1206,1101,Aria Lin,False
3809_01,Europa,True,D/161/S,PSO J318.5-22,33.1,False,0,0,0,0,0,Remy Vivaldi,True
3809_02,Earth,True,A/171/S,55 Cancri e,14.4,False,0,0,0,0,0,Priya Kaur,True
3810_01,Europa,False,C/61/S,TRAPPIST-1e,33.7,False,848,885,461,584,915,Leo Stark,True
3810_02,Earth,False,G/138/P,PSO J318.5-22,33.5,False,37,425,433,1382,1054,Hiro Tanaka,True
3811_01,Earth,False,F/197/S,PSO J318.5-22,33.9,False,39,840,1446,905,1180,Remy Vivaldi,True
3811_02,Earth,True,G/158/P,PSO J318.5-22,30.3,False,0,0,0,0,0,Ethan Zhao,False
3812_01,Mars,False,G/142/S,PSO J318.5-22,7.3,False,101,759,717,88,344,Lara Xel'Naga,False
3812_02,Earth,False,A/96/P,55 Cancri e,26.6,False,799,1333,607,1463,158,Ilya Komarov,False
3813_01,Europa,False,F/40/S,55 Cancri e,17.4,False,864,54,575,32,557,Remy Vivaldi,False
3813_02,Europa,False,D/84/P,55 Cancri e,47.0,False,730,992,800,195,447,Nova Stark,False
3814_01,Europa,True,D/30/P,TRAPPIST-1e,15.8,False,0,0,0,0,0,Kai Vega,True
3814_02,Mars,False,E/58/S,TRAPPIST-1e,57.2,True,91,607,1251,285,873,Ilya Komarov,False
3815_01,Europa,False,F/16/P,PSO J318.5-22,42.9,True,139,834,265,1365,572,Ethan Zhao,False
3815_02,Earth,False,G/113/P,TRAPPIST-1e,36.2,False,534,522,15,560,877,Ethan Zhao,False
3816_01,Earth,True,C/93/P,PSO J318.5-22,33.5,False,0,0,0,0,0,Hiro Tanaka,True
3816_02,Earth,True,D/84/P,55 Cancri e,26.8,False,0,0,0,0,0,Lara Xel'Naga,False
3817_01,Earth,True,A/165/P,TRAPPIST-1e,15.8,False,0,0,0,0,0,Hiro Tanaka,True
3817_02,Europa,False,E/22/P,TRAPPIST-1e,39.0,True,1012,9,429,1491,48,Mila Benson,True
3818_01,Mars,False,F/69/P,PSO J318.5-22,26.3,False,1233,1162,36,217,1479,Ilya Komarov,False
3818_02,Europa,False,F/133/S,TRAPPIST-1e,40.8,False,1301,179,129,610,658,Nova Stark,True
3819_01,Mars,False,A/182/P,55 Cancri e,19.4,False,817,793,838,622,628,Jordan Benson,False
3819_02,Europa,True,E/182/S,TRAPPIST-1e,36.9,False,0,0,0,0,0,Remy Vivaldi,False
3820_01,Europa,True,C/126/S,PSO J318.5-22,39.5,False,0,0,0,0,0,Lara Xel'Naga,True
3820_02,Europa,False,G/191/P,PSO J318.5-22,0.8,False,818,598,933,428,1149,Lara Xel'Naga,True
3821_01,Mars,False,G/94/S,TRAPPIST-1e,25.9,False,1068,1339,1212,51,563,Nova Stark,False
3821_02,Earth,False,B/3/S,TRAPPIST-1e,37.1,False,1355,498,976,1341,1433,Kai Vega,False
3822_01,Mars,False,E/131/P,PSO J318.5-22,24.9,False,1367,1394,555,1315,1460,Ilya Komarov,True
3822_02,Earth,True,D/53/P,TRAPPIST-1e,5.8,False,0,0,0,0,0,Mila Benson,True
3823_01,Earth,True,A/13/P,PSO J318.5-22,16.6,False,0,0,0,0,0,Remy Vivaldi,True
3823_02,Earth,True,C/4/S,TRAPPIST-1e,14.5,False,0,0,0,0,0,Hiro Tanaka,True
3824_01,Mars,True,G/107/P,TRAPPIST-1e,27.1,False,0,0,0,0,0,Ethan Zhao,True
3824_02,Earth,True,A/86/P,TRAPPIST-1e,43.5,False,0,0,0,0,0,Aria Lin,False
3825_01,Earth,False,A/132/P,TRAPPIST-1e,43.8,False,937,1498,1048,824,1246,Priya Kaur,False
3825_02,Mars,True,D/21/P,55 Cancri e,14.8,False,0,0,0,0,0,Hiro Tanaka,False
3826_01,Europa,False,G/198/P,55 Cancri e,21.1,False,137,478,552,1326,386,Lara Xel'Naga,False
3826_02,Earth,False,B/90/S,TRAPPIST-1e,44.2,False,471,1357,308,886,700,Kai Vega,False
3827_01,Mars,False,B/195/S,TRAPPIST-1e,41.2,False,951,1078,785,1478,304,Lara Xel'Naga,True
3827_02,Earth,False,G/33/S,TRAPPIST-1e,25.6,False,101,774,1411,1231,1338,Kai Vega,True
3828_01,Earth,False,F/75/P,TRAPPIST-1e,15.7,False,1234,1395,596,977,1070,Nova Stark,False
3828_02,Europa,True,C/144/P,TRAPPIST-1e,27.2,False,0,0,0,0,0,Ethan Zhao,True
3829_01,Earth,False,E/91/S,PSO J318.5-22,30.0,False,1323,157,922,1270,567,Mila Benson,False
3829_02,Europa,False,A/65/P,PSO J318.5-22,48.2,False,1174,298,1077,1246,765,Ethan Zhao,True
3830_01,Earth,False,G/69/P,55 Cancri e,29.1,False,485,443,904,862,1161,Aria Lin,True
3830_02,Earth,False,F/199/P,PSO J318.5-22,8.6,False,925,291,1233,751,1234,Lara Xel'Naga,True
3831_01,Earth,False,A/185/S,55 Cancri e,29.7,False,123,67,474,357,1479,Remy Vivaldi,False
3831_02,Mars,True,F/64/S,TRAPPIST-1e,18.3,False,0,0,0,0,0,Nova Stark,True
3832_01,Europa,False,F/101/P,TRAPPIST-1e,26.8,False,1351,1353,426,1008,442,Jordan Benson,False
3832_02,Earth,False,F/91/S,55 Cancri e,37.0,False,600,1118,761,954,1474,Priya Kaur,True
3833_01,Mars,False,E/35/P,PSO J318.5-22,5.1,False,647,895,4,631,1394,Remy Vivaldi,False
3833_02,Mars,False,B/137/S,PSO J318.5-22,35.1,False,876,985,1211,25,161,Kai Vega,True
3834_01,Earth,False,G/47/S,TRAPPIST-1e,20.8,False,409,1096,1256,854,1129,Ilya Komarov,True
3834_02,Mars,False,E/167/P,TRAPPIST-1e,32.4,True,900,8,49,441,35,Leo Stark,False
3835_01,Earth,False,F/60/S,TRAPPIST-1e,32.8,False,753,1192,229,559,1173,Remy Vivaldi,False
3835_02,Earth,False,B/26/S,TRAPPIST-1e,35.8,False,207,1084,1140,238,866,Ilya Komarov,True
3836_01,Earth,False,C/136/P,TRAPPIST-1e,33.7,False,1316,1448,516,204,1203,Priya Kaur,False
3836_02,Mars,True,B/17/P,TRAPPIST-1e,31.4,False,0,0,0,0,0,Ethan Zhao,True
3837_01,Mars,True,C/175/S,PSO J318.5-22,14.3,False,0,0,0,0,0,Leo Stark,True
3837_02,Earth,False,A/103/P,55 Cancri e,33.9,False,1213,1203,1043,1382,6,Mila Benson,True
3838_01,Mars,False,G/72/P,PSO J318.5-22,33.5,False,295,569,1410,263,89,Aria Lin,False
3838_02,Earth,False,E/177/S,TRAPPIST-1e,22.0,False,852,1284,487,1364,1352,Hiro Tanaka,False
3839_01,Mars,True,F/87/S,TRAPPIST-1e,31.2,False,0,0,0,0,0,Ethan Zhao,True
3839_02,Earth,False,D/35/S,55 Cancri e,19.8,False,833,434,118,1070,1191,Priya Kaur,False
3840_01,Europa,False,D/189/S,TRAPPIST-1e,18.8,False,1319,1197,1418,529,302,Leo Stark,True
3840_02,Earth,False,D/57/P,TRAPPIST-1e,35.9,False,201,155,13,1043,755,Ethan Zhao,False
3841_01,Europa,False,D/90/S,TRAPPIST-1e,26.2,False,670,48,180,1417,1416,Ilya Komarov,False
3841_02,Earth,True,C/88/P,TRAPPIST-1e,23.7,False,0,0,0,0,0,Ilya Komarov,True
3842_01,Mars,False,D/154/P,PSO J318.5-22,23.3,False,583,470,1286,142,706,Ilya Komarov,False
3842_02,Earth,True,D/169/P,PSO J318.5-22,34.0,False,0,0,0,0,0,Mila Benson,True
3843_01,Mars,False,B/54/P,PSO J318.5-22,23.9,False,660,912,1130,1341,58,Ethan Zhao,False
3843_02,Earth,False,D/194/P,PSO J318.5-22,14.8,False,1015,257,792,1448,530,Leo Stark,True
3844_01,Earth,True,E/117/P,PSO J318.5-22,33.9,False,0,0,0,0,0,Leo Stark,True
3844_02,Europa,False,D/57/S,PSO J318.5-22,35.2,False,2,417,361,905,368,Mila Benson,False
3845_01,Europa,False,F/160/S,TRAPPIST-1e,51.5,False,896,1067,723,563,1176,Leo Stark,False
3845_02,Earth,True,C/115/S,55 Cancri e,40.7,False,0,0,0,0,0,Hiro Tanaka,True
3846_01,Earth,False,D/199/P,TRAPPIST-1e,57.1,False,1250,632,332,1492,14,Lara Xel'Naga,False
3846_02,Europa,False,A/140/S,55 Cancri e,23.5,False,1080,1353,1087,229,10,Lara Xel'Naga,False
3847_01,Mars,False,D/60/S,PSO J318.5-22,21.0,False,521,1077,766,1180,640,Ilya Komarov,False
3847_02,Earth,False,D/59/S,TRAPPIST-1e,24.8,False,569,404,1422,706,928,Leo Stark,True
3848_01,Mars,False,A/66/P,PSO J318.5-22,25.9,False,1112,592,185,894,78,Jordan Benson,False
3848_02,Mars,True,E/147/P,TRAPPIST-1e,17.0,False,0,0,0,0,0,Nova Stark,False
3849_01,Mars,False,A/165/S,55 Cancri e,33.7,True,1,515,755,65,245,Ilya Komarov,False
3849_02,Europa,False,F/129/S,TRAPPIST-1e,13.9,False,1453,571,1255,435,352,Lara Xel'Naga,False
3850_01,Europa,True,D/67/P,TRAPPIST-1e,8.0,False,0,0,0,0,0,Mila Benson,True
3850_02,Mars,True,B/46/S,TRAPPIST-1e,23.4,False,0,0,0,0,0,Leo Stark,True
3851_01,Europa,False,A/122/S,55 Cancri e,26.7,False,1106,73,1334,1477,25,Leo Stark,False
3851_02,Mars,False,D/14/S,TRAPPIST-1e,28.9,False,1449,1400,1266,834,627,Priya Kaur,True
3852_01,Europa,False,B/173/S,TRAPPIST-1e,26.1,False,265,549,1403,76,1072,Ethan Zhao,True
3852_02,Europa,False,E/20/S,TRAPPIST-1e,21.4,False,1013,1277,1403,1272,1095,Hiro Tanaka,False
3853_01,Mars,False,C/43/S,TRAPPIST-1e,27.0,False,995,869,298,733,1083,Hiro Tanaka,False
3853_02,Earth,False,F/175/S,TRAPPIST-1e,33.3,False,1380,156,341,973,893,Nova Stark,True
3854_01,Earth,True,E/35/S,TRAPPIST-1e,18.3,False,0,0,0,0,0,Leo Stark,True
3854_02,Earth,False,D/118/S,55 Cancri e,29.9,False,1479,916,1188,1051,1395,Hiro Tanaka,False
3855_01,Earth,False,D/139/P,55 Cancri e,36.3,False,1321,474,596,1372,635,Ethan Zhao,True
3855_02,Earth,True,A/115/S,55 Cancri e,27.7,False,0,0,0,0,0,Aria Lin,True
3856_01,Earth,True,A/166/P,PSO J318.5-22,36.4,False,0,0,0,0,0,Kai Vega,True
3856_02,Earth,False,B/64/S,TRAPPIST-1e,32.8,False,164,419,1394,1289,1302,Mila Benson,False
3857_01,Earth,True,C/87/S,TRAPPIST-1e,44.8,False,0,0,0,0,0,Jordan Benson,True
3857_02,Earth,True,C/166/P,55 Cancri e,14.7,False,0,0,0,0,0,Jordan Benson,False
3858_01,Mars,False,C/67/S,TRAPPIST-1e,39.1,False,1326,1238,27,780,497,Nova Stark,True
3858_02,Europa,False,D/184/P,55 Cancri e,15.1,False,536,518,193,591,441,Hiro Tanaka,False
3859_01,Earth,False,F/46/S,TRAPPIST-1e,19.0,False,1317,13,910,139,1394,Hiro Tanaka,False
3859_02,Mars,False,D/40/P,PSO J318.5-22,27.8,False,1450,1120,696,1365,869,Remy Vivaldi,False
3860_01,Earth,True,B/3/S,TRAPPIST-1e,37.1,False,0,0,0,0,0,Lara Xel'Naga,True
3860_02,Mars,False,E/160/S,55 Cancri e,37.6,True,81,1203,957,897,966,Aria Lin,False
3861_01,Earth,False,E/187/P,55 Cancri e,37.3,False,328,1272,71,132,1263,Remy Vivaldi,False
3861_02,Mars,True,C/78/P,55 Cancri e,41.8,False,0,0,0,0,0,Jordan Benson,True
3862_01,Mars,True,E/158/P,TRAPPIST-1e,42.9,False,0,0,0,0,0,Priya Kaur,True
3862_02,Earth,False,A/49/P,TRAPPIST-1e,22.1,False,1034,1491,1430,940,26,Ilya Komarov,False
3863_01,Mars,False,A/87/P,PSO J318.5-22,43.8,False,121,750,105,790,1059,Ilya Komarov,False
3863_02,Europa,False,F/160/S,TRAPPIST-1e,45.0,False,71,567,1190,1244,75,Kai Vega,False
3864_01,Europa,False,A/59/S,PSO J318.5-22,34.5,False,452,765,486,667,1497,Ilya Komarov,True
3864_02,Mars,True,A/65/P,TRAPPIST-1e,32.1,False,0,0,0,0,0,Remy Vivaldi,True
3865_01,Europa,False,F/176/S,PSO J318.5-22,49.5,False,970,489,375,230,701,Mila Benson,False
3865_02,Europa,True,B/37/P,TRAPPIST-1e,22.5,False,0,0,0,0,0,Ethan Zhao,False
3866_01,Mars,False,C/140/S,TRAPPIST-1e,29.1,False,1103,1233,1320,1195,1112,Ethan Zhao,True
3866_02,Earth,True,D/135/P,PSO J318.5-22,26.8,False,0,0,0,0,0,Lara Xel'Naga,False
3867_01,Earth,False,D/166/S,TRAPPIST-1e,42.0,False,53,195,844,297,1453,Ilya Komarov,True
3867_02,Europa,False,F/161/S,TRAPPIST-1e,30.2,False,536,578,499,623,840,Leo Stark,True
3868_01,Earth,False,B/72/P,TRAPPIST-1e,35.9,False,407,278,1468,676,940,Hiro Tanaka,False
3868_02,Earth,True,D/179/S,TRAPPIST-1e,34.1,False,0,0,0,0,0,Mila Benson,True
3869_01,Europa,False,F/10/P,PSO J318.5-22,32.1,False,1293,486,547,1178,985,Leo Stark,False
3869_02,Earth,True,D/40/S,TRAPPIST-1e,26.4,False,0,0,0,0,0,Leo Stark,True
3870_01,Mars,False,C/30/P,PSO J318.5-22,9.8,False,843,1125,1099,65,814,Remy Vivaldi,False
3870_02,Earth,False,G/172/P,TRAPPIST-1e,28.9,False,1174,901,436,789,1091,Priya Kaur,False
3871_01,Europa,False,B/158/P,TRAPPIST-1e,17.9,False,97,1032,926,760,426,Lara Xel'Naga,True
3871_02,Earth,True,D/8/S,PSO J318.5-22,18.5,False,0,0,0,0,0,Ethan Zhao,True
3872_01,Europa,False,D/5/S,TRAPPIST-1e,23.4,False,562,227,705,1261,1404,Remy Vivaldi,True
3872_02,Earth,False,B/198/S,TRAPPIST-1e,31.4,False,1410,668,253,1331,1337,Hiro Tanaka,False
3873_01,Earth,False,F/176/P,55 Cancri e,25.1,False,326,943,1269,601,101,Nova Stark,False
3873_02,Mars,False,B/31/S,TRAPPIST-1e,21.0,False,1253,387,1234,648,1453,Lara Xel'Naga,False
3874_01,Mars,True,F/184/S,55 Cancri e,46.9,False,0,0,0,0,0,Leo Stark,True
3874_02,Mars,False,F/25/P,55 Cancri e,9.6,False,716,1007,215,1113,943,Leo Stark,False
3875_01,Mars,False,G/199/P,TRAPPIST-1e,12.0,False,887,246,441,134,1015,Ethan Zhao,False
3875_02,Europa,False,A/102/P,TRAPPIST-1e,28.8,False,1025,160,139,303,1483,Leo Stark,False
3876_01,Mars,False,E/114/P,TRAPPIST-1e,26.3,False,1370,1347,406,1492,163,Jordan Benson,False
3876_02,Earth,False,F/138/P,TRAPPIST-1e,19.3,False,861,239,1236,148,583,Remy Vivaldi,False
3877_01,Europa,False,B/65/S,PSO J318.5-22,20.0,False,524,1403,774,1047,700,Ethan Zhao,False
3877_02,Earth,False,A/129/S,TRAPPIST-1e,39.6,False,1156,1017,49,957,694,Priya Kaur,False
3878_01,Europa,False,G/162/P,TRAPPIST-1e,29.8,False,807,1125,10,1135,771,Kai Vega,True
3878_02,Mars,False,E/139/S,PSO J318.5-22,37.5,False,769,972,1190,406,1068,Priya Kaur,False
3879_01,Earth,False,G/1/S,TRAPPIST-1e,32.6,False,553,284,399,1474,1467,Leo Stark,False
3879_02,Earth,False,C/153/S,TRAPPIST-1e,37.3,False,387,1379,783,424,1029,Aria Lin,True
3880_01,Mars,False,E/5/P,TRAPPIST-1e,44.0,False,355,918,764,553,267,Ilya Komarov,False
3880_02,Earth,True,E/24/S,TRAPPIST-1e,45.9,True,0,0,0,0,0,Hiro Tanaka,True
3881_01,Earth,False,G/120/S,TRAPPIST-1e,38.6,False,441,540,1298,469,1239,Hiro Tanaka,False
3881_02,Earth,False,E/79/P,PSO J318.5-22,26.8,False,877,1217,711,12,221,Ethan Zhao,False
3882_01,Europa,True,B/37/S,TRAPPIST-1e,26.6,False,0,0,0,0,0,Lara Xel'Naga,True
3882_02,Mars,False,E/67/P,TRAPPIST-1e,27.8,False,751,269,1321,731,843,Leo Stark,True
3883_01,Earth,True,A/33/P,TRAPPIST-1e,32.0,False,0,0,0,0,0,Nova Stark,True
3883_02,Earth,False,E/193/S,TRAPPIST-1e,24.6,False,1312,236,1149,383,325,Kai Vega,False
3884_01,Europa,True,F/177/P,TRAPPIST-1e,39.9,False,0,0,0,0,0,Jordan Benson,False
3884_02,Mars,True,D/125/S,TRAPPIST-1e,44.1,True,0,0,0,0,0,Hiro Tanaka,True
3885_01,Earth,False,F/78/S,TRAPPIST-1e,37.9,False,211,794,675,648,170,Ilya Komarov,True
3885_02,Earth,True,F/46/S,TRAPPIST-1e,20.4,False,0,0,0,0,0,Mila Benson,True
3886_01,Earth,False,C/109/P,PSO J318.5-22,12.9,False,1245,1305,1411,371,128,Remy Vivaldi,False
3886_02,Earth,False,G/9/P,TRAPPIST-1e,50.1,False,1427,219,1196,471,987,Kai Vega,True
3887_01,Earth,False,D/138/S,55 Cancri e,25.6,False,1223,1375,1304,1305,611,Nova Stark,False
3887_02,Mars,False,G/129/P,TRAPPIST-1e,42.5,False,848,1268,947,853,428,Lara Xel'Naga,True
3888_01,Earth,False,A/105/S,TRAPPIST-1e,31.0,False,638,70,645,524,173,Hiro Tanaka,False
3888_02,Europa,False,F/135/S,TRAPPIST-1e,39.1,False,89,367,800,1230,1085,Kai Vega,False
3889_01,Mars,False,A/161/P,55 Cancri e,27.9,False,1128,1262,1485,126,82,Remy Vivaldi,False
3889_02,Earth,True,D/119/P,TRAPPIST-1e,11.9,False,0,0,0,0,0,Ethan Zhao,True
3890_01,Earth,True,G/8/P,TRAPPIST-1e,19.0,False,0,0,0,0,0,Kai Vega,True
3890_02,Europa,False,E/111/S,PSO J318.5-22,33.1,False,182,1089,834,1231,53,Aria Lin,False
3891_01,Earth,False,B/126/P,TRAPPIST-1e,28.1,False,1459,693,962,1444,1131,Hiro Tanaka,False
3891_02,Earth,False,F/23/P,TRAPPIST-1e,21.0,False,523,1466,403,342,799,Mila Benson,False
3892_01,Earth,False,F/158/S,TRAPPIST-1e,26.6,True,321,1101,1078,783,855,Leo Stark,False
3892_02,Earth,False,C/95/P,TRAPPIST-1e,31.5,False,1094,1091,179,379,932,Leo Stark,False
3893_01,Europa,False,D/22/S,PSO J318.5-22,32.8,False,1284,1470,130,1257,903,Remy Vivaldi,True
3893_02,Earth,False,E/173/P,TRAPPIST-1e,32.6,False,1177,329,636,52,467,Priya Kaur,False
3894_01,Earth,False,D/44/P,55 Cancri e,19.4,False,636,1475,514,480,413,Ilya Komarov,False
3894_02,Earth,False,A/77/P,TRAPPIST-1e,34.2,False,227,136,1263,790,834,Lara Xel'Naga,False
3895_01,Mars,False,B/109/P,TRAPPIST-1e,25.3,False,304,654,180,29,971,Leo Stark,True
3895_02,Earth,False,A/113/P,TRAPPIST-1e,18.9,False,764,39,186,318,1250,Leo Stark,False
3896_01,Europa,True,C/199/P,TRAPPIST-1e,32.1,False,0,0,0,0,0,Hiro Tanaka,True
3896_02,Europa,False,D/73/S,TRAPPIST-1e,39.8,False,942,1066,655,1301,1342,Ethan Zhao,False
3897_01,Earth,False,F/124/P,TRAPPIST-1e,34.8,False,408,1346,179,853,1182,Lara Xel'Naga,False
3897_02,Earth,False,C/178/P,TRAPPIST-1e,15.8,False,36,405,538,375,255,Aria Lin,False
3898_01,Mars,False,G/28/P,PSO J318.5-22,28.8,False,1391,124,1335,211,471,Lara Xel'Naga,False
3898_02,Earth,True,G/183/S,55 Cancri e,40.6,False,0,0,0,0,0,Hiro Tanaka,False
3899_01,Europa,False,G/130/P,55 Cancri e,14.9,False,888,1204,1412,1210,1491,Mila Benson,False
3899_02,Mars,True,G/118/S,TRAPPIST-1e,27.5,False,0,0,0,0,0,Ethan Zhao,True
3900_01,Earth,False,D/49/P,TRAPPIST-1e,27.7,False,1284,316,1000,823,869,Leo Stark,False
3900_02,Earth,False,A/97/P,TRAPPIST-1e,27.8,False,930,886,268,469,223,Leo Stark,False
3901_01,Mars,False,F/194/S,TRAPPIST-1e,13.7,False,1147,237,74,1465,499,Lara Xel'Naga,True
3901_02,Earth,True,G/33/P,PSO J318.5-22,41.6,False,0,0,0,0,0,Leo Stark,False
3902_01,Earth,False,D/2/P,55 Cancri e,13.4,False,986,1073,1082,1477,722,Leo Stark,False
3902_02,Earth,False,B/170/P,TRAPPIST-1e,16.5,False,1095,189,995,565,992,Ilya Komarov,False
3903_01,Mars,False,B/173/P,TRAPPIST-1e,33.1,False,672,1108,68,1408,372,Priya Kaur,False
3903_02,Mars,False,B/84/S,TRAPPIST-1e,14.4,False,54,84,940,840,591,Jordan Benson,True
3904_01,Earth,False,E/145/S,TRAPPIST-1e,39.0,False,1008,316,1187,624,251,Nova Stark,False
3904_02,Mars,True,G/13/S,TRAPPIST-1e,32.5,False,0,0,0,0,0,Nova Stark,True
3905_01,Europa,False,A/188/S,PSO J318.5-22,29.5,False,865,599,1006,970,1004,Leo Stark,True
3905_02,Mars,False,E/81/P,PSO J318.5-22,20.5,False,1123,1143,1408,302,1172,Hiro Tanaka,False
3906_01,Europa,False,C/135/P,TRAPPIST-1e,28.4,False,67,153,1014,181,524,Nova Stark,False
3906_02,Earth,True,A/106/S,TRAPPIST-1e,27.2,False,0,0,0,0,0,Mila Benson,True
3907_01,Mars,False,F/47/P,TRAPPIST-1e,32.8,False,897,9,699,654,1326,Hiro Tanaka,False
3907_02,Mars,False,G/169/P,PSO J318.5-22,23.5,False,240,151,783,1360,187,Jordan Benson,False
3908_01,Mars,False,F/193/P,TRAPPIST-1e,19.8,False,705,1200,880,414,577,Ethan Zhao,False
3908_02,Earth,True,B/57/S,TRAPPIST-1e,11.5,False,0,0,0,0,0,Kai Vega,True
3909_01,Earth,True,F/73/P,TRAPPIST-1e,23.1,False,0,0,0,0,0,Aria Lin,True
3909_02,Mars,False,G/69/S,TRAPPIST-1e,29.7,False,1019,367,554,604,1249,Jordan Benson,True
3910_01,Earth,False,D/144/P,55 Cancri e,64.9,False,1086,1303,939,13,27,Hiro Tanaka,False
3910_02,Earth,False,C/113/S,55 Cancri e,29.8,False,141,589,472,1207,316,Ethan Zhao,False
3911_01,Mars,False,B/174/S,TRAPPIST-1e,28.0,False,751,262,846,376,584,Kai Vega,False
3911_02,Mars,True,D/75/P,TRAPPIST-1e,15.9,False,0,0,0,0,0,Ilya Komarov,True
3912_01,Europa,True,D/52/P,TRAPPIST-1e,17.7,False,0,0,0,0,0,Hiro Tanaka,True
3912_02,Europa,False,G/96/P,TRAPPIST-1e,21.3,False,731,971,46,946,1081,Nova Stark,False
3913_01,Earth,False,F/140/S,TRAPPIST-1e,7.4,False,1467,402,1047,1087,1262,Leo Stark,False
3913_02,Earth,False,F/143/P,PSO J318.5-22,44.4,False,282,1465,1323,92,1398,Priya Kaur,True
3914_01,Earth,False,E/91/S,PSO J318.5-22,30.2,False,1190,6,1066,787,1363,Ethan Zhao,False
3914_02,Mars,True,G/17/S,PSO J318.5-22,13.8,False,0,0,0,0,0,Ilya Komarov,True
3915_01,Europa,False,F/34/P,TRAPPIST-1e,40.2,False,894,666,547,225,632,Jordan Benson,True
3915_02,Earth,True,G/161/P,TRAPPIST-1e,22.1,False,0,0,0,0,0,Leo Stark,True
3916_01,Earth,False,F/199/S,PSO J318.5-22,37.5,False,945,1295,193,537,480,Remy Vivaldi,False
3916_02,Europa,False,E/119/S,TRAPPIST-1e,43.8,False,1121,429,1350,944,910,Leo Stark,True
3917_01,Mars,True,G/21/S,TRAPPIST-1e,19.2,False,0,0,0,0,0,Kai Vega,True
3917_02,Mars,True,F/148/S,PSO J318.5-22,41.8,False,0,0,0,0,0,Nova Stark,True
3918_01,Mars,False,B/73/S,TRAPPIST-1e,40.6,False,211,850,877,986,995,Lara Xel'Naga,True
3918_02,Europa,True,D/47/S,PSO J318.5-22,20.8,False,0,0,0,0,0,Leo Stark,False
3919_01,Earth,False,D/130/P,TRAPPIST-1e,21.9,False,665,349,929,680,1237,Lara Xel'Naga,False
3919_02,Earth,False,B/17/S,55 Cancri e,16.3,False,250,318,1206,884,188,Remy Vivaldi,False
3920_01,Mars,False,G/33/P,TRAPPIST-1e,20.9,False,1046,78,545,1493,923,Priya Kaur,False
3920_02,Mars,True,D/31/S,55 Cancri e,23.0,False,0,0,0,0,0,Aria Lin,True
3921_01,Europa,False,A/19/P,PSO J318.5-22,16.8,False,1214,1255,553,1047,1484,Priya Kaur,True
3921_02,Europa,False,F/197/S,PSO J318.5-22,24.5,False,182,1456,606,82,92,Jordan Benson,False
3922_01,Mars,True,A/125/P,TRAPPIST-1e,27.6,True,0,0,0,0,0,Leo Stark,True
3922_02,Europa,False,B/141/S,TRAPPIST-1e,11.6,False,1231,580,1000,1467,773,Kai Vega,False
3923_01,Mars,False,E/103/S,PSO J318.5-22,38.0,False,230,877,1383,1042,689,Lara Xel'Naga,False
3923_02,Europa,False,A/197/S,TRAPPIST-1e,25.7,False,208,130,742,383,1115,Hiro Tanaka,False
3924_01,Europa,False,F/30/S,TRAPPIST-1e,22.3,False,942,647,1296,354,99,Mila Benson,True
3924_02,Europa,False,B/74/P,TRAPPIST-1e,24.8,False,730,300,608,881,202,Ethan Zhao,False
3925_01,Mars,False,B/18/S,TRAPPIST-1e,32.7,False,380,754,953,1206,795,Ethan Zhao,False
3925_02,Mars,False,F/8/P,55 Cancri e,26.8,False,336,1361,1323,221,1011,Lara Xel'Naga,True
3926_01,Mars,False,B/61/P,TRAPPIST-1e,25.8,False,117,173,1242,1399,318,Nova Stark,False
3926_02,Mars,False,E/156/P,PSO J318.5-22,34.6,False,1111,1101,440,1224,414,Aria Lin,False
3927_01,Mars,False,C/140/P,TRAPPIST-1e,3.3,False,988,492,5,704,346,Leo Stark,False
3927_02,Earth,False,B/10/S,TRAPPIST-1e,17.3,False,533,656,954,450,1168,Lara Xel'Naga,True
3928_01,Earth,False,C/7/S,TRAPPIST-1e,31.5,False,575,332,211,288,609,Kai Vega,False
3928_02,Earth,False,E/141/P,PSO J318.5-22,31.4,False,165,125,1180,1055,273,Mila Benson,False
3929_01,Europa,False,C/179/S,TRAPPIST-1e,33.7,True,614,275,1030,1015,1478,Ethan Zhao,False
3929_02,Europa,False,B/80/S,TRAPPIST-1e,30.1,False,1153,1322,96,276,1308,Aria Lin,False
3930_01,Mars,False,G/99/P,55 Cancri e,35.0,False,102,1003,954,359,1154,Jordan Benson,True
3930_02,Earth,False,B/159/S,TRAPPIST-1e,20.6,False,38,306,883,519,877,Aria Lin,False
3931_01,Europa,False,D/22/P,PSO J318.5-22,33.8,False,1012,206,114,238,565,Jordan Benson,False
3931_02,Mars,False,E/118/P,TRAPPIST-1e,31.6,False,1099,1192,1071,735,1093,Aria Lin,True
3932_01,Europa,False,A/187/P,PSO J318.5-22,45.3,False,460,1396,790,1225,653,Priya Kaur,False
3932_02,Europa,True,A/70/S,PSO J318.5-22,43.4,False,0,0,0,0,0,Leo Stark,True
3933_01,Mars,False,E/22/P,TRAPPIST-1e,9.5,False,576,1119,495,361,456,Mila Benson,True
3933_02,Mars,False,A/198/S,TRAPPIST-1e,36.2,False,1201,128,1062,1481,811,Jordan Benson,True
3934_01,Mars,False,D/90/S,55 Cancri e,14.1,False,451,1403,108,1231,576,Lara Xel'Naga,True
3934_02,Earth,False,C/187/P,PSO J318.5-22,19.3,False,240,590,1111,1422,1285,Priya Kaur,False
3935_01,Earth,True,F/146/S,55 Cancri e,35.4,False,0,0,0,0,0,Aria Lin,True
3935_02,Earth,True,E/46/S,TRAPPIST-1e,7.7,False,0,0,0,0,0,Kai Vega,True
3936_01,Europa,False,A/89/P,PSO J318.5-22,45.1,False,1495,45,889,30,407,Mila Benson,False
3936_02,Mars,False,F/173/S,55 Cancri e,22.8,False,1398,1405,715,643,697,Priya Kaur,True
3937_01,Mars,True,G/87/P,TRAPPIST-1e,16.3,False,0,0,0,0,0,Jordan Benson,True
3937_02,Europa,False,C/90/S,PSO J318.5-22,38.2,False,875,905,808,1332,598,Nova Stark,True
3938_01,Earth,True,F/10/S,TRAPPIST-1e,25.6,False,0,0,0,0,0,Ilya Komarov,False
3938_02,Earth,False,A/52/S,TRAPPIST-1e,32.4,False,682,1283,123,753,381,Ethan Zhao,False
3939_01,Earth,True,C/40/P,PSO J318.5-22,8.5,False,0,0,0,0,0,Ilya Komarov,True
3939_02,Earth,False,E/197/S,55 Cancri e,32.4,False,1468,797,890,1169,175,Ilya Komarov,True
3940_01,Europa,True,D/168/P,55 Cancri e,34.4,True,0,0,0,0,0,Kai Vega,True
3940_02,Europa,False,F/158/P,TRAPPIST-1e,31.6,False,763,614,1384,172,762,Lara Xel'Naga,False
3941_01,Europa,False,D/14/P,PSO J318.5-22,31.0,False,618,664,858,1178,1296,Jordan Benson,False
3941_02,Earth,False,F/122/P,55 Cancri e,28.9,False,555,636,1478,1339,214,Lara Xel'Naga,False
3942_01,Earth,True,B/107/P,TRAPPIST-1e,22.9,True,0,0,0,0,0,Remy Vivaldi,True
3942_02,Earth,False,A/196/P,TRAPPIST-1e,18.0,False,836,389,1087,264,5,Aria Lin,True
3943_01,Europa,True,G/66/P,TRAPPIST-1e,28.0,False,0,0,0,0,0,Remy Vivaldi,False
3943_02,Europa,True,E/153/P,TRAPPIST-1e,43.6,False,0,0,0,0,0,Remy Vivaldi,True
3944_01,Europa,False,E/139/S,TRAPPIST-1e,33.7,False,1249,173,958,128,186,Ilya Komarov,True
3944_02,Europa,True,B/60/S,PSO J318.5-22,26.1,False,0,0,0,0,0,Mila Benson,True
3945_01,Earth,True,D/173/S,PSO J318.5-22,32.6,False,0,0,0,0,0,Lara Xel'Naga,True
3945_02,Mars,False,E/119/S,TRAPPIST-1e,45.2,False,749,531,951,1205,559,Hiro Tanaka,False
3946_01,Earth,True,E/83/S,TRAPPIST-1e,31.8,False,0,0,0,0,0,Ethan Zhao,True
3946_02,Europa,True,E/173/S,PSO J318.5-22,21.0,False,0,0,0,0,0,Hiro Tanaka,True
3947_01,Earth,False,F/58/P,TRAPPIST-1e,15.0,False,249,224,902,970,672,Lara Xel'Naga,False
3947_02,Mars,False,C/85/P,TRAPPIST-1e,40.6,False,167,109,1196,296,242,Hiro Tanaka,True
3948_01,Earth,False,A/134/S,TRAPPIST-1e,44.1,False,1457,1498,1027,1217,1079,Remy Vivaldi,True
3948_02,Europa,False,G/192/S,TRAPPIST-1e,36.1,False,260,379,95,1359,768,Leo Stark,False
3949_01,Mars,False,F/35/S,TRAPPIST-1e,33.8,False,925,1148,619,259,830,Ilya Komarov,False
3949_02,Earth,True,E/195/P,PSO J318.5-22,40.9,False,0,0,0,0,0,Leo Stark,True
3950_01,Mars,True,C/121/P,PSO J318.5-22,40.7,False,0,0,0,0,0,Aria Lin,False
3950_02,Mars,True,E/134/S,TRAPPIST-1e,41.4,False,0,0,0,0,0,Kai Vega,True
3951_01,Europa,False,A/108/P,PSO J318.5-22,33.3,False,562,372,221,530,349,Aria Lin,True
3951_02,Earth,False,F/158/P,55 Cancri e,31.8,True,30,1381,21,1312,753,Kai Vega,False
3952_01,Earth,True,F/97/S,55 Cancri e,44.8,False,0,0,0,0,0,Remy Vivaldi,True
3952_02,Mars,False,D/17/P,TRAPPIST-1e,43.2,False,1393,964,1343,408,437,Kai Vega,False
3953_01,Earth,True,C/42/S,55 Cancri e,12.7,False,0,0,0,0,0,Ilya Komarov,True
3953_02,Earth,True,F/167/S,55 Cancri e,31.2,False,0,0,0,0,0,Ethan Zhao,True
3954_01,Europa,False,C/50/S,55 Cancri e,38.8,False,365,1115,840,886,1289,Priya Kaur,True
3954_02,Europa,True,B/85/S,TRAPPIST-1e,26.4,False,0,0,0,0,0,Remy Vivaldi,True
3955_01,Europa,False,F/153/S,TRAPPIST-1e,25.7,False,1251,698,679,202,445,Remy Vivaldi,True
3955_02,Mars,False,C/92/P,55 Cancri e,19.7,False,517,131,1268,90,1149,Priya Kaur,False
3956_01,Earth,False,D/122/S,TRAPPIST-1e,25.4,False,760,386,1030,1111,597,Kai Vega,True
3956_02,Mars,False,G/31/S,TRAPPIST-1e,30.2,False,907,866,1168,1474,1354,Jordan Benson,False
3957_01,Europa,False,C/107/S,TRAPPIST-1e,47.5,False,341,1024,1143,463,461,Remy Vivaldi,False
3957_02,Earth,False,A/53/S,55 Cancri e,30.8,False,1072,818,1350,473,887,Hiro Tanaka,False
3958_01,Europa,False,C/79/P,55 Cancri e,21.3,False,722,292,1472,1086,567,Hiro Tanaka,False
3958_02,Earth,True,B/42/P,TRAPPIST-1e,40.9,False,0,0,0,0,0,Mila Benson,False
3959_01,Mars,True,A/166/S,TRAPPIST-1e,26.7,False,0,0,0,0,0,Remy Vivaldi,True
3959_02,Europa,True,A/43/P,PSO J318.5-22,20.5,True,0,0,0,0,0,Nova Stark,False
3960_01,Europa,False,D/43/P,55 Cancri e,27.9,False,1432,1017,439,1481,228,Jordan Benson,False
3960_02,Earth,True,G/110/P,55 Cancri e,21.2,False,0,0,0,0,0,Remy Vivaldi,False
3961_01,Europa,False,G/194/S,PSO J318.5-22,33.8,False,946,1287,739,377,1126,Mila Benson,False
3961_02,Europa,False,E/9/S,PSO J318.5-22,43.3,False,953,599,22,292,1290,Priya Kaur,False
3962_01,Earth,True,D/125/P,TRAPPIST-1e,36.2,True,0,0,0,0,0,Jordan Benson,True
3962_02,Mars,False,D/76/P,TRAPPIST-1e,32.2,False,450,897,284,1336,1185,Lara Xel'Naga,False
3963_01,Earth,False,G/58/P,55 Cancri e,27.4,False,1262,1233,1372,510,1,Aria Lin,True
3963_02,Earth,True,B/187/P,55 Cancri e,22.3,False,0,0,0,0,0,Aria Lin,True
3964_01,Earth,True,E/45/P,TRAPPIST-1e,16.2,True,0,0,0,0,0,Ethan Zhao,True
3964_02,Earth,True,A/157/P,TRAPPIST-1e,21.1,False,0,0,0,0,0,Priya Kaur,True
3965_01,Mars,False,F/148/S,PSO J318.5-22,23.8,False,951,971,1264,981,813,Nova Stark,False
3965_02,Earth,False,B/10/S,55 Cancri e,29.1,False,53,1490,108,279,1080,Ethan Zhao,False
3966_01,Mars,False,E/87/S,TRAPPIST-1e,31.5,False,1051,203,544,308,527,Aria Lin,False
3966_02,Earth,False,B/157/S,TRAPPIST-1e,44.1,False,1366,1008,1241,616,1110,Remy Vivaldi,False
3967_01,Mars,True,B/3/P,TRAPPIST-1e,49.6,False,0,0,0,0,0,Kai Vega,True
3967_02,Mars,False,G/39/P,TRAPPIST-1e,23.4,False,1338,494,470,741,733,Lara Xel'Naga,False
3968_01,Europa,False,A/31/P,PSO J318.5-22,12.3,False,330,1217,1214,251,1024,Aria Lin,False
3968_02,Europa,True,G/1/P,TRAPPIST-1e,40.4,False,0,0,0,0,0,Nova Stark,True
3969_01,Mars,False,E/27/S,PSO J318.5-22,30.4,False,1139,72,155,722,68,Jordan Benson,False
3969_02,Mars,False,D/167/P,55 Cancri e,48.4,True,470,491,299,1167,1229,Mila Benson,False
3970_01,Europa,False,F/169/S,TRAPPIST-1e,32.7,False,938,579,1320,581,798,Ilya Komarov,False
3970_02,Earth,True,C/62/S,TRAPPIST-1e,32.8,False,0,0,0,0,0,Leo Stark,True
3971_01,Earth,True,E/182/S,55 Cancri e,25.3,False,0,0,0,0,0,Leo Stark,True
3971_02,Earth,False,C/199/P,55 Cancri e,25.3,False,517,1471,131,1386,1367,Jordan Benson,False
3972_01,Mars,True,B/96/P,TRAPPIST-1e,33.8,False,0,0,0,0,0,Jordan Benson,True
3972_02,Mars,False,C/15/P,TRAPPIST-1e,33.0,False,559,927,1176,331,318,Hiro Tanaka,False
3973_01,Earth,False,E/65/S,55 Cancri e,42.1,False,979,1033,1162,166,146,Aria Lin,True
3973_02,Earth,False,F/180/S,55 Cancri e,33.8,False,1426,938,444,69,1351,Leo Stark,False
3974_01,Europa,True,B/75/P,TRAPPIST-1e,39.0,False,0,0,0,0,0,Ethan Zhao,True
3974_02,Earth,False,C/7/P,TRAPPIST-1e,23.0,True,318,35,254,1336,961,Leo Stark,True
3975_01,Europa,False,B/6/P,TRAPPIST-1e,34.1,False,766,589,791,385,941,Ilya Komarov,True
3975_02,Earth,True,C/57/S,TRAPPIST-1e,26.4,False,0,0,0,0,0,Priya Kaur,False
3976_01,Earth,False,A/173/S,55 Cancri e,13.0,False,1026,1355,933,1458,1242,Priya Kaur,False
3976_02,Earth,True,F/62/S,TRAPPIST-1e,52.7,False,0,0,0,0,0,Ethan Zhao,True
3977_01,Earth,False,A/164/P,TRAPPIST-1e,23.1,False,231,599,919,1171,1230,Priya Kaur,False
3977_02,Earth,False,E/152/S,TRAPPIST-1e,15.2,False,359,1442,1440,871,1205,Aria Lin,False
3978_01,Earth,False,C/64/S,TRAPPIST-1e,14.6,False,249,595,138,989,1254,Hiro Tanaka,False
3978_02,Earth,False,A/75/P,55 Cancri e,19.9,False,909,11,979,272,487,Kai Vega,True
3979_01,Mars,True,C/61/P,55 Cancri e,23.5,False,0,0,0,0,0,Priya Kaur,True
3979_02,Europa,True,G/68/P,TRAPPIST-1e,26.6,False,0,0,0,0,0,Lara Xel'Naga,True
3980_01,Europa,True,G/174/S,55 Cancri e,40.4,False,0,0,0,0,0,Ilya Komarov,True
3980_02,Mars,False,A/26/S,TRAPPIST-1e,26.7,False,1083,1194,587,787,1470,Priya Kaur,False
3981_01,Mars,True,C/134/S,TRAPPIST-1e,37.6,False,0,0,0,0,0,Mila Benson,True
3981_02,Europa,False,B/155/S,TRAPPIST-1e,7.8,False,1033,242,1201,797,256,Mila Benson,False
3982_01,Earth,False,F/129/P,PSO J318.5-22,11.5,False,1053,1369,1088,635,796,Leo Stark,False
3982_02,Earth,True,A/135/P,TRAPPIST-1e,21.5,False,0,0,0,0,0,Mila Benson,True
3983_01,Mars,False,F/126/P,TRAPPIST-1e,12.2,False,1182,580,0,78,1251,Lara Xel'Naga,False
3983_02,Europa,False,B/162/P,55 Cancri e,24.6,False,1350,619,500,1498,1378,Leo Stark,False
3984_01,Earth,True,A/32/P,TRAPPIST-1e,16.9,False,0,0,0,0,0,Hiro Tanaka,True
3984_02,Europa,False,G/162/S,TRAPPIST-1e,29.0,True,1447,1275,485,477,332,Nova Stark,True
3985_01,Earth,False,B/6/S,55 Cancri e,40.9,False,29,726,172,791,467,Remy Vivaldi,False
3985_02,Earth,False,G/14/S,PSO J318.5-22,28.4,False,1499,722,1340,396,124,Ilya Komarov,False
3986_01,Europa,False,C/92/S,PSO J318.5-22,31.6,False,535,600,987,605,1094,Leo Stark,False
3986_02,Earth,True,E/161/P,TRAPPIST-1e,7.5,False,0,0,0,0,0,Aria Lin,True
3987_01,Earth,False,A/175/P,TRAPPIST-1e,9.8,False,129,400,1244,641,436,Ilya Komarov,True
3987_02,Europa,False,E/7/P,55 Cancri e,31.6,False,1423,1136,1475,1241,57,Priya Kaur,False
3988_01,Mars,True,E/177/S,55 Cancri e,41.1,False,0,0,0,0,0,Ilya Komarov,False
3988_02,Europa,False,G/99/S,55 Cancri e,20.3,False,1483,1108,399,355,98,Kai Vega,False
3989_01,Earth,False,D/83/P,55 Cancri e,9.7,False,151,905,849,748,26,Remy Vivaldi,False
3989_02,Earth,False,D/36/S,PSO J318.5-22,23.9,False,118,722,99,2,805,Jordan Benson,False
3990_01,Earth,True,C/52/P,TRAPPIST-1e,28.1,False,0,0,0,0,0,Hiro Tanaka,True
3990_02,Mars,True,F/63/S,TRAPPIST-1e,1.6,False,0,0,0,0,0,Remy Vivaldi,False
3991_01,Earth,False,F/133/P,TRAPPIST-1e,41.8,False,1272,1405,457,408,1104,Nova Stark,False
3991_02,Europa,False,E/73/S,TRAPPIST-1e,13.4,False,1435,205,819,1014,801,Mila Benson,True
3992_01,Earth,True,A/29/P,TRAPPIST-1e,45.1,False,0,0,0,0,0,Leo Stark,True
3992_02,Earth,False,E/91/S,PSO J318.5-22,28.2,False,893,766,1422,1031,449,Nova Stark,True
3993_01,Earth,False,A/181/S,PSO J318.5-22,12.6,False,120,301,960,883,880,Jordan Benson,False
3993_02,Mars,False,B/76/S,TRAPPIST-1e,37.8,False,233,65,229,921,50,Ilya Komarov,False
3994_01,Earth,False,F/197/P,TRAPPIST-1e,18.7,True,492,1478,40,945,1152,Mila Benson,True
3994_02,Earth,False,D/71/P,TRAPPIST-1e,35.2,False,1077,85,1292,295,1044,Aria Lin,False
3995_01,Earth,False,E/152/S,TRAPPIST-1e,21.7,False,712,380,243,182,543,Nova Stark,True
3995_02,Earth,False,A/114/S,PSO J318.5-22,37.4,False,778,947,92,367,158,Jordan Benson,True
3996_01,Europa,True,B/92/S,TRAPPIST-1e,31.4,False,0,0,0,0,0,Remy Vivaldi,True
3996_02,Earth,True,C/140/P,PSO J318.5-22,23.2,False,0,0,0,0,0,Mila Benson,False
3997_01,Earth,True,A/19/P,55 Cancri e,36.4,False,0,0,0,0,0,Mila Benson,True
3997_02,Mars,False,B/96/S,PSO J318.5-22,16.3,False,1241,981,328,342,723,Ilya Komarov,True
3998_01,Earth,True,F/129/S,55 Cancri e,32.1,False,0,0,0,0,0,Jordan Benson,True
3998_02,Europa,True,G/125/S,PSO J318.5-22,16.1,False,0,0,0,0,0,Aria Lin,True
3999_01,Europa,False,A/169/S,55 Cancri e,23.1,False,531,966,1423,1075,854,Hiro Tanaka,False
3999_02,Europa,True,D/123/P,55 Cancri e,39.0,False,0,0,0,0,0,Leo Stark,True
4000_01,Earth,False,F/129/P,PSO J318.5-22,32.9,False,366,640,861,893,1039,Remy Vivaldi,False
4000_02,Europa,False,D/153/S,TRAPPIST-1e,23.1,False,1434,1297,588,1329,91,Aria Lin,False
4001_01,Mars,True,D/62/P,TRAPPIST-1e,13.9,False,0,0,0,0,0,Hiro Tanaka,False
4001_02,Mars,True,G/132/P,PSO J318.5-22,20.8,False,0,0,0,0,0,Lara Xel'Naga,False
4002_01,Mars,False,B/128/P,TRAPPIST-1e,26.8,False,1498,1403,386,1312,1477,Aria Lin,False
4002_02,Earth,False,C/100/P,PSO J318.5-22,5.4,False,370,183,771,204,953,Kai Vega,False
4003_01,Mars,False,C/146/P,TRAPPIST-1e,30.3,False,1267,1241,1079,614,166,Mila Benson,True
4003_02,Europa,False,G/43/P,PSO J318.5-22,32.1,False,141,124,89,310,1394,Nova Stark,False
4004_01,Europa,False,E/137/P,TRAPPIST-1e,33.5,False,1209,882,1176,760,95,Ethan Zhao,False
4004_02,Mars,False,E/169/P,TRAPPIST-1e,29.5,False,709,1359,148,927,714,Nova Stark,True
4005_01,Earth,False,C/182/P,TRAPPIST-1e,28.4,False,1250,357,587,315,884,Kai Vega,False
4005_02,Earth,False,A/54/P,55 Cancri e,12.5,False,1059,1451,449,844,89,Aria Lin,True
4006_01,Earth,False,F/55/P,TRAPPIST-1e,38.4,False,393,1289,503,1157,955,Ilya Komarov,True
4006_02,Mars,True,A/72/P,TRAPPIST-1e,44.7,False,0,0,0,0,0,Ilya Komarov,False
4007_01,Europa,False,C/195/S,PSO J318.5-22,33.2,False,424,1053,905,495,650,Ilya Komarov,False
4007_02,Earth,False,B/2/P,55 Cancri e,15.6,False,997,1214,1210,139,319,Kai Vega,False
4008_01,Mars,False,D/136/P,TRAPPIST-1e,21.3,False,1223,795,1402,1103,1470,Jordan Benson,False
4008_02,Mars,False,F/24/S,TRAPPIST-1e,29.1,False,500,258,1144,1078,17,Leo Stark,True
4009_01,Earth,False,D/14/P,55 Cancri e,35.4,False,330,945,1287,267,434,Kai Vega,False
4009_02,Earth,False,B/173/P,PSO J318.5-22,14.3,False,449,296,1160,718,1020,Ethan Zhao,False
4010_01,Earth,True,A/145/S,PSO J318.5-22,31.3,False,0,0,0,0,0,Jordan Benson,True
4010_02,Earth,False,A/141/P,TRAPPIST-1e,29.6,False,319,740,1349,804,416,Mila Benson,True
4011_01,Earth,False,E/189/P,PSO J318.5-22,44.8,False,89,758,1464,1098,573,Kai Vega,False
4011_02,Earth,False,D/195/S,PSO J318.5-22,25.9,False,1290,962,935,1335,1051,Hiro Tanaka,False
4012_01,Europa,False,E/139/S,TRAPPIST-1e,20.5,False,785,534,1433,284,621,Ethan Zhao,True
4012_02,Earth,True,D/6/S,55 Cancri e,28.2,False,0,0,0,0,0,Nova Stark,True
4013_01,Earth,False,F/31/S,55 Cancri e,16.0,False,61,1105,335,210,399,Nova Stark,False
4013_02,Earth,False,E/111/S,55 Cancri e,25.2,False,708,346,1221,376,1185,Priya Kaur,False
4014_01,Earth,False,E/46/P,TRAPPIST-1e,21.5,False,43,799,1302,786,732,Nova Stark,True
4014_02,Mars,False,E/77/P,TRAPPIST-1e,13.2,False,967,1169,1092,651,521,Nova Stark,False
4015_01,Earth,False,A/171/S,TRAPPIST-1e,48.1,False,1078,1246,895,523,145,Hiro Tanaka,False
4015_02,Earth,True,E/165/P,TRAPPIST-1e,49.7,False,0,0,0,0,0,Ilya Komarov,False
4016_01,Mars,False,C/131/P,55 Cancri e,30.0,False,1177,918,1119,574,705,Jordan Benson,False
4016_02,Europa,False,G/106/S,TRAPPIST-1e,33.6,False,833,1382,813,398,1399,Jordan Benson,False
4017_01,Mars,False,C/7/P,TRAPPIST-1e,39.6,False,1318,394,1495,547,1041,Remy Vivaldi,False
4017_02,Earth,False,F/99/P,PSO J318.5-22,35.1,False,918,76,1072,1449,1017,Aria Lin,False
4018_01,Europa,False,A/57/S,55 Cancri e,21.7,True,1135,724,911,815,973,Jordan Benson,False
4018_02,Earth,False,F/38/P,PSO J318.5-22,36.8,False,818,362,1089,1054,1318,Aria Lin,False
4019_01,Earth,True,G/114/P,TRAPPIST-1e,20.9,False,0,0,0,0,0,Jordan Benson,False
4019_02,Europa,False,G/14/S,TRAPPIST-1e,31.4,False,569,969,1265,352,1271,Ethan Zhao,False
4020_01,Europa,False,B/145/P,TRAPPIST-1e,20.4,False,387,758,441,1365,515,Hiro Tanaka,False
4020_02,Europa,False,D/110/P,TRAPPIST-1e,24.4,False,842,44,1442,722,755,Ethan Zhao,False
4021_01,Mars,True,F/114/P,55 Cancri e,31.9,False,0,0,0,0,0,Mila Benson,True
4021_02,Mars,False,C/149/P,TRAPPIST-1e,31.7,False,385,629,967,737,359,Ilya Komarov,True
4022_01,Earth,True,C/171/P,55 Cancri e,16.0,False,0,0,0,0,0,Nova Stark,False
4022_02,Europa,False,E/197/P,TRAPPIST-1e,27.6,False,77,768,631,986,416,Priya Kaur,False
4023_01,Mars,True,A/114/P,TRAPPIST-1e,39.6,False,0,0,0,0,0,Ethan Zhao,True
4023_02,Earth,False,B/115/P,55 Cancri e,25.6,False,196,996,259,1389,595,Leo Stark,False
4024_01,Earth,False,E/134/P,TRAPPIST-1e,10.1,False,942,1098,922,1417,678,Ilya Komarov,True
4024_02,Earth,False,E/138/P,TRAPPIST-1e,19.5,False,1481,109,89,36,821,Hiro Tanaka,False
4025_01,Mars,True,E/113/S,TRAPPIST-1e,25.0,False,0,0,0,0,0,Nova Stark,True
4025_02,Europa,False,B/69/S,TRAPPIST-1e,46.3,False,306,61,304,178,539,Lara Xel'Naga,False
4026_01,Earth,False,A/6/P,TRAPPIST-1e,18.5,False,1059,749,1096,1053,738,Kai Vega,False
4026_02,Earth,False,F/88/S,TRAPPIST-1e,15.8,False,1326,1370,796,1088,746,Hiro Tanaka,False
4027_01,Earth,False,E/32/P,TRAPPIST-1e,42.9,False,860,818,1392,1060,380,Remy Vivaldi,True
4027_02,Mars,True,G/139/P,TRAPPIST-1e,46.2,False,0,0,0,0,0,Ethan Zhao,False
4028_01,Mars,True,G/141/P,55 Cancri e,28.4,False,0,0,0,0,0,Aria Lin,False
4028_02,Mars,False,D/133/S,55 Cancri e,31.7,False,250,564,908,1369,820,Ilya Komarov,True
4029_01,Mars,False,G/77/S,PSO J318.5-22,32.7,False,121,1349,780,747,120,Priya Kaur,False
4029_02,Earth,True,G/138/S,TRAPPIST-1e,21.3,False,0,0,0,0,0,Nova Stark,True
4030_01,Mars,True,D/24/S,TRAPPIST-1e,39.3,False,0,0,0,0,0,Nova Stark,False
4030_02,Mars,False,G/77/P,55 Cancri e,17.5,False,786,1383,1453,46,500,Jordan Benson,False
4031_01,Earth,False,A/18/S,PSO J318.5-22,27.7,True,1398,964,730,110,1250,Jordan Benson,True
4031_02,Europa,True,G/30/P,TRAPPIST-1e,41.7,False,0,0,0,0,0,Mila Benson,True
4032_01,Earth,False,A/150/S,PSO J318.5-22,43.1,False,1318,609,1057,986,427,Ethan Zhao,True
4032_02,Europa,True,D/144/S,55 Cancri e,28.4,False,0,0,0,0,0,Mila Benson,True
4033_01,Mars,True,G/80/P,TRAPPIST-1e,27.6,False,0,0,0,0,0,Lara Xel'Naga,True
4033_02,Earth,True,C/192/S,TRAPPIST-1e,32.0,False,0,0,0,0,0,Leo Stark,False
4034_01,Europa,False,B/147/S,PSO J318.5-22,33.4,False,136,915,935,380,237,Ilya Komarov,True
4034_02,Earth,False,G/118/P,55 Cancri e,34.4,False,1307,687,457,1158,81,Jordan Benson,False
4035_01,Mars,False,A/112/P,TRAPPIST-1e,25.1,False,402,821,187,492,254,Lara Xel'Naga,True
4035_02,Mars,True,C/188/S,55 Cancri e,19.4,False,0,0,0,0,0,Hiro Tanaka,True
4036_01,Mars,False,B/73/P,PSO J318.5-22,38.5,False,1438,1190,484,435,179,Lara Xel'Naga,False
4036_02,Earth,True,D/168/P,TRAPPIST-1e,0.7,False,0,0,0,0,0,Aria Lin,True
4037_01,Earth,False,G/152/P,55 Cancri e,22.1,False,1464,643,138,786,101,Priya Kaur,False
4037_02,Mars,True,D/30/P,PSO J318.5-22,37.1,False,0,0,0,0,0,Kai Vega,True
4038_01,Mars,False,C/171/P,TRAPPIST-1e,19.0,False,755,686,600,1043,1349,Nova Stark,False
4038_02,Europa,True,F/75/P,TRAPPIST-1e,30.1,False,0,0,0,0,0,Priya Kaur,False
4039_01,Europa,False,G/42/S,TRAPPIST-1e,22.8,False,1173,1010,715,1256,1127,Aria Lin,True
4039_02,Europa,False,C/110/S,55 Cancri e,38.4,False,1023,736,220,1049,1087,Remy Vivaldi,False
4040_01,Earth,False,A/24/P,PSO J318.5-22,11.3,False,1154,29,786,9,1112,Leo Stark,True
4040_02,Mars,False,D/92/S,PSO J318.5-22,27.5,False,429,1170,1150,697,123,Ilya Komarov,False
4041_01,Mars,False,D/72/S,PSO J318.5-22,39.6,False,397,313,647,513,501,Leo Stark,False
4041_02,Mars,False,E/183/P,TRAPPIST-1e,26.4,False,529,696,733,859,418,Priya Kaur,True
4042_01,Europa,False,G/186/S,TRAPPIST-1e,16.0,False,1322,1352,475,583,116,Kai Vega,False
4042_02,Earth,True,F/66/S,TRAPPIST-1e,19.1,False,0,0,0,0,0,Aria Lin,True
4043_01,Earth,False,B/31/S,TRAPPIST-1e,31.3,False,20,476,548,1196,947,Mila Benson,True
4043_02,Mars,True,E/11/P,TRAPPIST-1e,25.3,False,0,0,0,0,0,Jordan Benson,True
4044_01,Mars,True,C/20/S,TRAPPIST-1e,9.0,False,0,0,0,0,0,Nova Stark,True
4044_02,Earth,False,B/124/S,TRAPPIST-1e,40.3,False,630,178,887,341,439,Ilya Komarov,False
4045_01,Earth,True,D/138/P,PSO J318.5-22,24.5,False,0,0,0,0,0,Mila Benson,True
4045_02,Mars,False,E/85/P,PSO J318.5-22,39.7,False,414,1420,383,1284,890,Remy Vivaldi,False
4046_01,Earth,False,C/29/P,55 Cancri e,37.5,False,1319,413,1343,714,180,Mila Benson,True
4046_02,Europa,False,C/45/P,PSO J318.5-22,18.6,False,1319,943,892,60,1232,Aria Lin,False
4047_01,Earth,False,A/49/P,TRAPPIST-1e,26.7,False,654,350,1084,262,123,Ethan Zhao,False
4047_02,Mars,False,E/92/S,55 Cancri e,42.7,False,1261,931,1113,138,1385,Kai Vega,True
4048_01,Europa,False,D/101/S,TRAPPIST-1e,43.1,False,133,1227,818,1061,1017,Remy Vivaldi,False
4048_02,Earth,True,A/28/S,PSO J318.5-22,15.0,True,0,0,0,0,0,Lara Xel'Naga,True
4049_01,Europa,True,F/91/P,55 Cancri e,18.1,False,0,0,0,0,0,Jordan Benson,False
4049_02,Earth,False,F/182/P,55 Cancri e,19.0,False,437,679,646,621,1247,Jordan Benson,False
4050_01,Earth,True,G/140/P,TRAPPIST-1e,34.8,False,0,0,0,0,0,Kai Vega,False
4050_02,Mars,False,B/98/P,TRAPPIST-1e,30.0,False,808,1330,934,1381,369,Ilya Komarov,True
4051_01,Earth,False,E/196/S,TRAPPIST-1e,16.6,True,221,442,1176,861,375,Remy Vivaldi,False
4051_02,Europa,False,D/119/P,TRAPPIST-1e,43.7,False,280,712,1242,957,810,Jordan Benson,True
4052_01,Earth,False,G/200/P,PSO J318.5-22,37.0,False,700,1098,348,974,392,Lara Xel'Naga,False
4052_02,Earth,False,D/98/S,TRAPPIST-1e,14.5,False,553,1180,846,80,1231,Jordan Benson,False
4053_01,Europa,False,B/21/S,TRAPPIST-1e,31.7,False,176,510,138,1125,472,Kai Vega,True
4053_02,Mars,True,G/75/S,PSO J318.5-22,19.6,False,0,0,0,0,0,Lara Xel'Naga,True
4054_01,Europa,False,C/153/S,TRAPPIST-1e,43.1,False,485,1337,804,246,629,Nova Stark,True
4054_02,Earth,False,A/8/S,TRAPPIST-1e,25.4,False,437,72,1092,753,1175,Remy Vivaldi,False
4055_01,Earth,False,B/178/P,55 Cancri e,28.2,False,1454,456,1453,228,29,Kai Vega,True
4055_02,Mars,False,E/8/P,55 Cancri e,37.4,False,334,659,568,176,823,Leo Stark,False
4056_01,Earth,False,C/67/P,55 Cancri e,39.7,False,1301,76,932,635,539,Ethan Zhao,False
4056_02,Mars,True,B/175/S,PSO J318.5-22,37.2,False,0,0,0,0,0,Hiro Tanaka,True
4057_01,Earth,True,G/53/P,PSO J318.5-22,32.5,False,0,0,0,0,0,Mila Benson,True
4057_02,Earth,False,F/173/S,TRAPPIST-1e,52.8,False,1412,11,168,830,1449,Remy Vivaldi,False
4058_01,Mars,False,A/55/S,PSO J318.5-22,33.7,False,915,1121,630,225,446,Priya Kaur,False
4058_02,Earth,False,D/86/S,55 Cancri e,34.2,True,1499,202,967,674,1320,Aria Lin,True
4059_01,Earth,True,G/182/S,PSO J318.5-22,31.9,False,0,0,0,0,0,Ethan Zhao,True
4059_02,Europa,True,C/42/S,TRAPPIST-1e,19.7,False,0,0,0,0,0,Ethan Zhao,True
4060_01,Mars,False,A/197/S,55 Cancri e,20.4,False,1267,1267,970,391,723,Hiro Tanaka,False
4060_02,Mars,True,A/45/S,TRAPPIST-1e,30.8,False,0,0,0,0,0,Ilya Komarov,False
4061_01,Mars,True,A/53/P,TRAPPIST-1e,41.8,False,0,0,0,0,0,Lara Xel'Naga,True
4061_02,Europa,False,C/191/S,TRAPPIST-1e,30.2,False,1031,445,13,386,641,Nova Stark,False
4062_01,Mars,False,C/56/P,55 Cancri e,16.5,False,1201,791,436,1074,1466,Aria Lin,False
4062_02,Europa,False,D/180/P,55 Cancri e,24.1,False,580,1304,1067,686,364,Ethan Zhao,True
4063_01,Europa,True,B/150/S,55 Cancri e,20.5,False,0,0,0,0,0,Ethan Zhao,True
4063_02,Europa,False,C/66/S,55 Cancri e,19.3,False,1316,1217,1394,77,188,Ethan Zhao,False
4064_01,Earth,False,F/163/S,55 Cancri e,30.6,False,1325,670,357,958,1117,Leo Stark,False
4064_02,Earth,False,G/153/S,55 Cancri e,39.8,False,335,1187,902,340,833,Aria Lin,True
4065_01,Europa,False,C/73/P,55 Cancri e,17.3,False,897,837,643,20,1024,Hiro Tanaka,False
4065_02,Mars,False,F/32/S,TRAPPIST-1e,33.3,False,677,1099,602,1421,87,Remy Vivaldi,False
4066_01,Earth,False,D/42/P,TRAPPIST-1e,41.5,False,1233,823,382,639,1169,Kai Vega,False
4066_02,Earth,False,A/66/S,PSO J318.5-22,36.5,False,452,815,1416,309,930,Priya Kaur,True
4067_01,Earth,True,E/97/P,55 Cancri e,32.9,False,0,0,0,0,0,Nova Stark,True
4067_02,Mars,True,F/133/S,PSO J318.5-22,35.3,False,0,0,0,0,0,Ethan Zhao,True
4068_01,Mars,False,F/130/P,TRAPPIST-1e,36.8,False,1356,1469,303,690,1177,Hiro Tanaka,False
4068_02,Earth,False,G/156/S,TRAPPIST-1e,27.2,False,615,522,24,807,24,Aria Lin,False
4069_01,Mars,False,G/164/S,55 Cancri e,36.1,False,880,130,602,752,758,Leo Stark,False
4069_02,Europa,True,C/32/P,PSO J318.5-22,6.7,False,0,0,0,0,0,Kai Vega,True
4070_01,Europa,True,G/117/P,PSO J318.5-22,24.6,False,0,0,0,0,0,Nova Stark,True
4070_02,Mars,True,F/36/P,TRAPPIST-1e,15.5,False,0,0,0,0,0,Nova Stark,True
4071_01,Europa,True,G/158/S,PSO J318.5-22,32.6,False,0,0,0,0,0,Jordan Benson,True
4071_02,Europa,False,F/47/S,TRAPPIST-1e,24.4,False,217,1322,1334,235,167,Mila Benson,False
4072_01,Mars,False,B/60/S,55 Cancri e,23.6,False,1362,790,454,1158,192,Hiro Tanaka,False
4072_02,Europa,False,E/81/S,TRAPPIST-1e,16.2,False,1425,391,600,1065,92,Hiro Tanaka,True
4073_01,Mars,False,A/47/S,PSO J318.5-22,20.3,False,1422,923,1187,105,1255,Priya Kaur,True
4073_02,Mars,False,C/73/P,TRAPPIST-1e,26.0,False,991,716,1200,1317,1288,Nova Stark,True
4074_01,Mars,False,D/46/P,TRAPPIST-1e,21.6,False,1235,1186,822,916,1076,Aria Lin,False
4074_02,Europa,False,D/62/P,PSO J318.5-22,13.1,False,1256,1461,853,682,1022,Aria Lin,True
4075_01,Earth,False,D/192/P,TRAPPIST-1e,17.2,False,632,91,758,730,953,Mila Benson,False
4075_02,Mars,True,G/189/S,TRAPPIST-1e,29.8,False,0,0,0,0,0,Ilya Komarov,True
4076_01,Earth,True,C/167/P,TRAPPIST-1e,32.2,False,0,0,0,0,0,Lara Xel'Naga,True
4076_02,Mars,False,F/122/S,55 Cancri e,30.8,False,699,924,679,966,263,Remy Vivaldi,False
4077_01,Mars,True,F/5/P,55 Cancri e,32.3,False,0,0,0,0,0,Priya Kaur,True
4077_02,Europa,True,D/161/S,TRAPPIST-1e,20.6,False,0,0,0,0,0,Nova Stark,False
4078_01,Earth,False,A/86/P,PSO J318.5-22,36.0,False,728,33,1411,894,461,Aria Lin,False
4078_02,Earth,False,B/48/S,TRAPPIST-1e,26.4,False,448,828,1237,1069,404,Ilya Komarov,True
4079_01,Earth,False,A/3/P,TRAPPIST-1e,8.9,False,227,732,890,165,584,Nova Stark,False
4079_02,Mars,True,E/116/P,TRAPPIST-1e,20.7,False,0,0,0,0,0,Ilya Komarov,True
4080_01,Europa,True,F/178/S,TRAPPIST-1e,23.4,False,0,0,0,0,0,Mila Benson,True
4080_02,Earth,False,F/67/P,PSO J318.5-22,25.2,False,726,1413,1446,924,1434,Jordan Benson,False
4081_01,Europa,False,G/74/S,TRAPPIST-1e,31.9,False,1426,96,378,669,1209,Nova Stark,False
4081_02,Earth,False,C/162/P,TRAPPIST-1e,28.4,False,1267,630,707,502,287,Priya Kaur,False
4082_01,Europa,True,A/93/P,TRAPPIST-1e,28.5,False,0,0,0,0,0,Mila Benson,False
4082_02,Europa,False,E/90/P,TRAPPIST-1e,29.1,False,596,926,570,973,661,Leo Stark,False
4083_01,Earth,False,G/32/S,TRAPPIST-1e,27.6,False,735,566,1213,405,764,Remy Vivaldi,True
4083_02,Europa,True,G/141/S,TRAPPIST-1e,38.1,False,0,0,0,0,0,Ilya Komarov,True
4084_01,Europa,False,D/197/S,TRAPPIST-1e,42.7,False,865,1117,389,546,1434,Mila Benson,False
4084_02,Mars,False,D/196/P,55 Cancri e,26.2,False,1235,1392,741,1191,1037,Nova Stark,False
4085_01,Earth,False,C/8/S,TRAPPIST-1e,46.5,False,42,879,1465,910,606,Remy Vivaldi,True
4085_02,Europa,True,G/179/P,PSO J318.5-22,37.7,False,0,0,0,0,0,Kai Vega,True
4086_01,Europa,True,B/133/P,TRAPPIST-1e,23.1,False,0,0,0,0,0,Ilya Komarov,True
4086_02,Earth,False,D/28/S,PSO J318.5-22,17.5,False,718,741,403,213,845,Lara Xel'Naga,True
4087_01,Europa,True,B/67/P,TRAPPIST-1e,29.3,False,0,0,0,0,0,Jordan Benson,True
4087_02,Europa,False,B/99/S,55 Cancri e,29.6,False,152,430,482,304,283,Nova Stark,False
4088_01,Earth,False,E/53/S,55 Cancri e,30.0,False,511,342,1453,714,679,Leo Stark,True
4088_02,Mars,False,E/69/S,PSO J318.5-22,17.6,False,1057,470,1417,740,512,Aria Lin,False
4089_01,Mars,True,E/56/P,PSO J318.5-22,31.9,False,0,0,0,0,0,Hiro Tanaka,True
4089_02,Mars,False,A/47/P,55 Cancri e,25.9,False,144,558,791,1201,359,Kai Vega,False
4090_01,Europa,False,E/66/P,TRAPPIST-1e,35.9,False,1245,1412,1353,742,1416,Ethan Zhao,False
4090_02,Earth,False,G/129/S,TRAPPIST-1e,26.1,False,653,357,1417,586,39,Ethan Zhao,True
4091_01,Earth,False,B/15/S,55 Cancri e,20.6,False,146,573,1482,1090,29,Kai Vega,False
4091_02,Earth,False,A/168/P,55 Cancri e,27.6,False,106,389,878,405,1144,Jordan Benson,False
4092_01,Mars,True,D/158/P,TRAPPIST-1e,27.7,False,0,0,0,0,0,Priya Kaur,True
4092_02,Mars,True,F/194/P,55 Cancri e,28.5,False,0,0,0,0,0,Jordan Benson,True
4093_01,Earth,False,E/168/S,TRAPPIST-1e,22.2,False,1238,732,79,418,583,Kai Vega,True
4093_02,Earth,False,G/173/P,TRAPPIST-1e,29.7,False,711,1312,233,260,932,Lara Xel'Naga,True
4094_01,Europa,True,F/85/P,TRAPPIST-1e,24.2,True,0,0,0,0,0,Kai Vega,True
4094_02,Europa,False,B/103/S,PSO J318.5-22,13.9,False,29,437,62,1453,1158,Lara Xel'Naga,True
4095_01,Earth,False,C/112/P,PSO J318.5-22,26.0,False,253,1006,1210,872,1402,Mila Benson,False
4095_02,Earth,False,E/139/S,PSO J318.5-22,32.4,False,1350,198,880,1194,1338,Ethan Zhao,False
4096_01,Earth,True,D/43/P,TRAPPIST-1e,21.1,False,0,0,0,0,0,Nova Stark,False
4096_02,Mars,False,F/176/P,TRAPPIST-1e,32.8,False,820,1343,247,3,512,Kai Vega,False
4097_01,Mars,True,E/19/P,PSO J318.5-22,39.4,False,0,0,0,0,0,Remy Vivaldi,True
4097_02,Mars,False,F/19/P,TRAPPIST-1e,32.0,False,1298,708,885,1348,1200,Ilya Komarov,False
4098_01,Earth,True,G/44/S,PSO J318.5-22,13.1,False,0,0,0,0,0,Ilya Komarov,False
4098_02,Earth,False,E/57/P,TRAPPIST-1e,21.9,False,332,602,165,160,5,Nova Stark,True
4099_01,Mars,False,F/76/S,TRAPPIST-1e,18.1,False,1123,44,456,226,1338,Ilya Komarov,True
4099_02,Mars,False,D/35/P,55 Cancri e,33.0,False,51,1169,1304,1146,470,Hiro Tanaka,False
4100_01,Mars,False,A/27/P,TRAPPIST-1e,20.0,False,785,1225,414,613,1445,Ethan Zhao,False
4100_02,Mars,False,G/196/P,TRAPPIST-1e,32.0,False,519,673,1096,344,1050,Hiro Tanaka,False
4101_01,Earth,False,F/176/S,PSO J318.5-22,38.1,True,1232,879,897,847,724,Lara Xel'Naga,False
4101_02,Europa,False,D/105/S,55 Cancri e,42.9,False,656,610,1333,1023,946,Lara Xel'Naga,False
4102_01,Earth,False,D/8/S,TRAPPIST-1e,29.2,False,321,182,234,618,1209,Aria Lin,False
4102_02,Europa,False,G/33/P,55 Cancri e,27.6,True,265,1008,841,328,1388,Ilya Komarov,True
4103_01,Earth,True,G/190/S,TRAPPIST-1e,16.1,False,0,0,0,0,0,Aria Lin,False
4103_02,Mars,False,F/47/S,TRAPPIST-1e,15.5,False,1378,195,610,1356,612,Priya Kaur,False
4104_01,Earth,False,C/44/S,55 Cancri e,16.4,False,320,1470,1400,202,1113,Aria Lin,True
4104_02,Mars,False,F/168/S,55 Cancri e,40.2,False,176,626,31,945,726,Nova Stark,False
4105_01,Europa,False,G/62/P,TRAPPIST-1e,29.1,False,69,1014,1094,157,548,Aria Lin,False
4105_02,Europa,True,F/9/S,TRAPPIST-1e,21.9,False,0,0,0,0,0,Ilya Komarov,True
4106_01,Earth,True,F/137/S,55 Cancri e,23.6,False,0,0,0,0,0,Nova Stark,True
4106_02,Earth,False,B/67/P,PSO J318.5-22,22.8,False,459,415,570,885,1442,Aria Lin,True
4107_01,Earth,False,B/24/S,PSO J318.5-22,30.0,False,882,206,1384,1459,577,Ethan Zhao,False
4107_02,Europa,False,G/25/S,TRAPPIST-1e,28.6,False,1293,1256,668,105,665,Remy Vivaldi,True
4108_01,Europa,True,G/113/S,TRAPPIST-1e,26.1,False,0,0,0,0,0,Ethan Zhao,False
4108_02,Mars,False,F/102/P,TRAPPIST-1e,23.9,False,312,630,1125,536,1203,Priya Kaur,True
4109_01,Mars,False,D/152/P,PSO J318.5-22,28.8,False,349,214,1406,1147,1315,Priya Kaur,False
4109_02,Earth,False,A/129/P,55 Cancri e,29.2,False,327,846,97,658,299,Kai Vega,True
4110_01,Earth,False,B/5/S,55 Cancri e,45.7,False,1313,638,84,1277,663,Leo Stark,False
4110_02,Mars,False,D/114/P,TRAPPIST-1e,31.9,False,518,1475,1330,183,972,Priya Kaur,False
4111_01,Mars,False,A/189/S,PSO J318.5-22,27.4,True,263,449,1274,1431,169,Priya Kaur,False
4111_02,Mars,False,C/148/P,PSO J318.5-22,17.8,False,565,131,826,605,1069,Leo Stark,False
4112_01,Mars,False,G/150/P,TRAPPIST-1e,30.2,False,1060,1461,1008,74,57,Jordan Benson,False
4112_02,Earth,True,A/124/P,55 Cancri e,19.5,False,0,0,0,0,0,Mila Benson,True
4113_01,Mars,False,G/179/S,TRAPPIST-1e,22.9,False,138,142,107,220,144,Jordan Benson,False
4113_02,Earth,False,C/67/S,TRAPPIST-1e,16.2,False,857,509,375,4,387,Lara Xel'Naga,False
4114_01,Mars,True,E/181/S,TRAPPIST-1e,19.3,False,0,0,0,0,0,Jordan Benson,True
4114_02,Earth,False,B/99/P,TRAPPIST-1e,27.2,False,559,1186,364,416,20,Leo Stark,False
4115_01,Europa,False,F/165/P,TRAPPIST-1e,29.2,False,1234,159,657,353,1263,Jordan Benson,False
4115_02,Mars,False,B/73/P,TRAPPIST-1e,28.9,False,78,151,516,382,692,Leo Stark,True
4116_01,Earth,True,F/180/P,55 Cancri e,19.8,False,0,0,0,0,0,Priya Kaur,False
4116_02,Mars,True,E/52/P,55 Cancri e,10.3,False,0,0,0,0,0,Leo Stark,True
4117_01,Mars,False,G/29/S,TRAPPIST-1e,18.3,True,1408,819,97,1400,991,Jordan Benson,False
4117_02,Mars,False,C/15/P,55 Cancri e,38.7,False,779,339,131,209,1028,Ethan Zhao,True
4118_01,Europa,True,C/17/S,TRAPPIST-1e,33.5,False,0,0,0,0,0,Aria Lin,False
4118_02,Mars,False,E/155/P,TRAPPIST-1e,33.8,False,1221,440,1203,240,1343,Nova Stark,False
4119_01,Earth,True,A/168/P,TRAPPIST-1e,33.7,False,0,0,0,0,0,Remy Vivaldi,True
4119_02,Europa,False,G/61/P,55 Cancri e,17.8,False,1477,98,744,1450,452,Hiro Tanaka,False
4120_01,Europa,False,D/59/S,PSO J318.5-22,11.1,False,498,1214,140,772,174,Nova Stark,False
4120_02,Europa,False,F/76/P,TRAPPIST-1e,20.7,False,419,675,1457,1463,531,Kai Vega,False
4121_01,Earth,False,G/87/S,PSO J318.5-22,38.7,True,445,555,707,1380,560,Ilya Komarov,False
4121_02,Europa,True,A/50/P,TRAPPIST-1e,48.3,False,0,0,0,0,0,Priya Kaur,False
4122_01,Earth,False,C/40/P,TRAPPIST-1e,17.6,False,1190,966,944,262,1454,Hiro Tanaka,False
4122_02,Earth,True,C/19/S,TRAPPIST-1e,22.9,False,0,0,0,0,0,Leo Stark,True
4123_01,Earth,False,C/136/S,TRAPPIST-1e,22.7,False,940,914,46,752,1332,Ethan Zhao,True
4123_02,Europa,True,C/110/P,PSO J318.5-22,3.5,False,0,0,0,0,0,Jordan Benson,True
4124_01,Europa,False,B/127/P,TRAPPIST-1e,39.0,False,315,761,1100,61,237,Leo Stark,False
4124_02,Europa,False,E/47/P,TRAPPIST-1e,33.2,False,77,733,558,943,649,Nova Stark,False
4125_01,Earth,False,B/20/P,TRAPPIST-1e,20.3,False,349,1304,475,291,1212,Hiro Tanaka,True
4125_02,Europa,False,F/188/P,55 Cancri e,49.1,False,1442,887,467,1229,1265,Hiro Tanaka,True
4126_01,Earth,True,E/168/P,TRAPPIST-1e,42.2,False,0,0,0,0,0,Aria Lin,True
4126_02,Europa,False,E/109/P,TRAPPIST-1e,8.6,True,1151,448,229,1064,792,Priya Kaur,True
4127_01,Mars,False,F/188/P,55 Cancri e,44.8,False,9,86,544,872,1362,Remy Vivaldi,True
4127_02,Earth,False,F/133/S,TRAPPIST-1e,14.1,False,714,3,1046,1220,900,Remy Vivaldi,False
4128_01,Mars,False,E/3/S,55 Cancri e,27.8,False,1,1144,148,947,151,Ilya Komarov,False
4128_02,Europa,False,A/118/S,55 Cancri e,17.1,False,305,881,474,1387,806,Mila Benson,True
4129_01,Earth,False,C/41/P,PSO J318.5-22,24.9,False,794,1250,1275,366,261,Hiro Tanaka,False
4129_02,Europa,False,C/132/S,TRAPPIST-1e,33.9,False,645,537,1066,15,104,Hiro Tanaka,True
4130_01,Europa,False,B/148/P,55 Cancri e,11.9,False,1082,1008,47,659,1300,Kai Vega,False
4130_02,Earth,False,F/68/P,TRAPPIST-1e,48.1,False,1435,1201,800,113,295,Leo Stark,False
4131_01,Mars,False,G/54/S,TRAPPIST-1e,46.6,False,457,1005,1394,271,1202,Hiro Tanaka,False
4131_02,Earth,False,D/92/S,55 Cancri e,19.7,False,479,956,158,754,203,Ethan Zhao,False
4132_01,Earth,True,B/70/S,TRAPPIST-1e,22.9,False,0,0,0,0,0,Nova Stark,True
4132_02,Mars,False,G/49/P,55 Cancri e,35.0,False,391,1366,1396,687,929,Kai Vega,False
4133_01,Mars,True,F/19/P,55 Cancri e,22.5,False,0,0,0,0,0,Hiro Tanaka,True
4133_02,Earth,False,C/79/S,TRAPPIST-1e,9.5,False,568,900,740,326,36,Aria Lin,True
4134_01,Europa,True,F/156/S,55 Cancri e,27.7,False,0,0,0,0,0,Ilya Komarov,True
4134_02,Earth,True,G/4/P,TRAPPIST-1e,40.2,False,0,0,0,0,0,Aria Lin,True
4135_01,Europa,False,D/90/S,TRAPPIST-1e,23.7,False,813,1123,1098,723,1460,Hiro Tanaka,False
4135_02,Mars,True,F/78/S,TRAPPIST-1e,39.1,False,0,0,0,0,0,Ethan Zhao,True
4136_01,Mars,False,C/137/S,PSO J318.5-22,29.1,False,98,776,1248,74,183,Priya Kaur,True
4136_02,Earth,False,F/81/S,TRAPPIST-1e,36.2,False,1316,1080,1272,468,139,Lara Xel'Naga,False
4137_01,Earth,False,E/179/P,PSO J318.5-22,13.4,True,1431,1497,1469,979,1255,Priya Kaur,False
4137_02,Mars,False,B/166/P,TRAPPIST-1e,14.9,False,299,425,994,160,400,Hiro Tanaka,False
4138_01,Europa,True,D/71/S,55 Cancri e,28.3,False,0,0,0,0,0,Kai Vega,True
4138_02,Earth,False,E/181/S,TRAPPIST-1e,22.6,False,740,861,493,488,1205,Nova Stark,False
4139_01,Earth,False,F/52/P,TRAPPIST-1e,30.0,False,1254,564,1029,89,63,Kai Vega,False
4139_02,Earth,False,G/121/P,PSO J318.5-22,32.0,False,1111,1056,1095,252,106,Kai Vega,False
4140_01,Mars,False,A/129/S,TRAPPIST-1e,30.9,False,799,823,1117,504,6,Mila Benson,False
4140_02,Mars,False,G/174/P,TRAPPIST-1e,26.7,False,943,190,456,385,802,Priya Kaur,False
4141_01,Earth,False,B/54/P,TRAPPIST-1e,29.7,False,1428,395,778,693,210,Priya Kaur,False
4141_02,Europa,False,D/122/S,55 Cancri e,42.3,False,889,269,544,1006,844,Mila Benson,False
4142_01,Earth,True,F/179/P,TRAPPIST-1e,34.2,False,0,0,0,0,0,Leo Stark,False
4142_02,Earth,False,D/59/S,TRAPPIST-1e,17.3,False,1239,1455,1344,813,638,Priya Kaur,False
4143_01,Earth,False,G/184/S,PSO J318.5-22,25.9,False,127,73,1499,451,1485,Priya Kaur,False
4143_02,Mars,False,B/119/P,PSO J318.5-22,48.2,False,437,1279,447,1125,558,Ethan Zhao,False
4144_01,Europa,True,A/152/S,55 Cancri e,28.6,False,0,0,0,0,0,Priya Kaur,True
4144_02,Earth,False,F/57/S,TRAPPIST-1e,21.3,False,85,1347,163,876,1080,Kai Vega,False
4145_01,Mars,False,A/137/S,PSO J318.5-22,35.8,False,1324,790,1313,1044,946,Remy Vivaldi,False
4145_02,Earth,False,B/120/S,TRAPPIST-1e,38.8,False,1160,1392,556,1459,760,Kai Vega,False
4146_01,Mars,True,C/173/S,55 Cancri e,24.6,False,0,0,0,0,0,Jordan Benson,False
4146_02,Europa,False,E/7/S,TRAPPIST-1e,42.0,False,428,528,1051,125,812,Remy Vivaldi,False
4147_01,Mars,True,B/186/P,TRAPPIST-1e,23.0,False,0,0,0,0,0,Lara Xel'Naga,False
4147_02,Mars,True,F/152/S,55 Cancri e,25.3,False,0,0,0,0,0,Mila Benson,True
4148_01,Earth,True,F/87/S,TRAPPIST-1e,34.3,False,0,0,0,0,0,Kai Vega,True
4148_02,Earth,False,G/9/S,TRAPPIST-1e,30.2,False,548,1319,773,1016,418,Priya Kaur,False
4149_01,Earth,False,C/185/S,TRAPPIST-1e,47.3,False,566,717,726,1129,366,Kai Vega,True
4149_02,Earth,False,G/176/S,55 Cancri e,18.0,False,401,102,786,324,372,Priya Kaur,False
4150_01,Mars,False,A/174/S,PSO J318.5-22,39.3,False,1445,1292,1096,1204,1175,Aria Lin,False
4150_02,Europa,False,B/149/P,55 Cancri e,12.5,False,1091,1395,1371,996,31,Aria Lin,False
4151_01,Mars,False,A/200/S,55 Cancri e,33.9,False,1282,877,174,1390,14,Mila Benson,False
4151_02,Mars,False,F/137/P,TRAPPIST-1e,31.4,False,1074,106,468,201,1241,Ethan Zhao,False
4152_01,Earth,False,F/63/P,TRAPPIST-1e,7.9,False,916,335,104,202,1118,Remy Vivaldi,False
4152_02,Earth,True,E/191/P,TRAPPIST-1e,26.4,False,0,0,0,0,0,Aria Lin,True
4153_01,Europa,False,G/102/S,TRAPPIST-1e,34.8,False,1321,170,612,651,717,Nova Stark,False
4153_02,Earth,False,G/46/P,PSO J318.5-22,21.2,False,831,1387,818,72,1083,Nova Stark,True
4154_01,Earth,False,D/189/S,55 Cancri e,18.6,False,26,1073,186,1080,770,Mila Benson,False
4154_02,Mars,False,C/123/S,TRAPPIST-1e,45.0,True,666,989,1057,537,935,Lara Xel'Naga,False
4155_01,Mars,False,B/78/P,PSO J318.5-22,26.2,False,1129,1414,274,1312,257,Jordan Benson,False
4155_02,Earth,False,C/50/P,TRAPPIST-1e,22.2,False,962,1243,973,526,532,Ethan Zhao,False
4156_01,Earth,False,E/41/S,TRAPPIST-1e,37.2,False,112,1299,256,328,776,Hiro Tanaka,False
4156_02,Europa,False,D/58/S,TRAPPIST-1e,36.4,False,1258,50,220,782,595,Nova Stark,False
4157_01,Earth,True,B/4/S,TRAPPIST-1e,27.2,False,0,0,0,0,0,Nova Stark,True
4157_02,Europa,False,A/85/S,TRAPPIST-1e,17.0,False,1077,1296,197,127,1032,Lara Xel'Naga,True
4158_01,Mars,False,B/44/P,TRAPPIST-1e,27.4,False,1039,214,1135,854,1180,Ethan Zhao,False
4158_02,Mars,False,A/16/S,55 Cancri e,28.4,False,424,1475,317,359,1399,Hiro Tanaka,False
4159_01,Earth,False,B/147/P,55 Cancri e,24.0,False,1319,197,397,589,241,Nova Stark,False
4159_02,Earth,False,E/49/P,PSO J318.5-22,42.5,False,428,610,5,1341,1235,Mila Benson,True
4160_01,Europa,False,B/169/P,TRAPPIST-1e,24.3,False,359,1404,1164,1196,1043,Ethan Zhao,False
4160_02,Earth,True,D/26/P,55 Cancri e,44.0,False,0,0,0,0,0,Aria Lin,False
4161_01,Earth,True,E/49/S,TRAPPIST-1e,22.7,True,0,0,0,0,0,Leo Stark,True
4161_02,Earth,False,A/32/P,TRAPPIST-1e,32.2,False,1343,1331,810,1110,785,Jordan Benson,True
4162_01,Europa,False,F/188/S,TRAPPIST-1e,13.3,False,378,384,112,1316,1328,Lara Xel'Naga,True
4162_02,Earth,False,B/185/P,TRAPPIST-1e,35.6,False,290,1128,290,676,59,Aria Lin,False
4163_01,Europa,False,G/130/P,TRAPPIST-1e,46.3,False,1142,899,444,1452,1006,Ilya Komarov,True
4163_02,Earth,True,A/183/S,PSO J318.5-22,24.7,False,0,0,0,0,0,Jordan Benson,True
4164_01,Europa,True,G/149/S,TRAPPIST-1e,37.8,False,0,0,0,0,0,Jordan Benson,True
4164_02,Europa,False,F/77/P,PSO J318.5-22,28.0,False,470,1116,978,1308,308,Kai Vega,False
4165_01,Earth,False,G/31/S,PSO J318.5-22,33.6,False,498,635,141,1075,1093,Hiro Tanaka,False
4165_02,Mars,False,G/138/P,55 Cancri e,28.0,False,259,1316,377,1062,347,Mila Benson,False
4166_01,Europa,False,F/193/P,TRAPPIST-1e,17.1,False,505,381,424,1459,321,Remy Vivaldi,False
4166_02,Mars,False,A/21/S,TRAPPIST-1e,43.9,False,249,179,1003,28,1349,Mila Benson,False
4167_01,Earth,False,G/144/P,TRAPPIST-1e,28.0,False,54,877,513,1433,16,Aria Lin,False
4167_02,Earth,False,A/162/P,PSO J318.5-22,25.6,False,87,1246,1081,703,724,Aria Lin,True
4168_01,Mars,True,G/95/P,PSO J318.5-22,21.9,False,0,0,0,0,0,Hiro Tanaka,False
4168_02,Europa,False,C/164/P,TRAPPIST-1e,37.3,False,1069,894,451,1329,426,Aria Lin,False
4169_01,Mars,False,F/119/P,PSO J318.5-22,43.1,False,250,402,920,199,1169,Jordan Benson,False
4169_02,Earth,False,G/158/S,TRAPPIST-1e,33.7,False,1074,913,1391,319,198,Jordan Benson,True
4170_01,Mars,False,D/34/S,TRAPPIST-1e,33.9,False,1049,1455,525,121,1488,Ethan Zhao,True
4170_02,Europa,False,D/12/S,PSO J318.5-22,36.7,False,264,1030,730,1243,395,Leo Stark,False
4171_01,Mars,False,E/112/P,55 Cancri e,35.8,False,858,635,1483,932,768,Mila Benson,False
4171_02,Earth,False,B/140/S,TRAPPIST-1e,39.7,True,1032,1390,1148,1185,35,Mila Benson,True
4172_01,Europa,True,G/100/S,TRAPPIST-1e,54.9,False,0,0,0,0,0,Jordan Benson,True
4172_02,Mars,False,B/43/S,55 Cancri e,26.4,False,911,602,1081,1163,171,Jordan Benson,False
4173_01,Earth,False,C/86/P,PSO J318.5-22,19.6,False,578,422,1141,791,5,Jordan Benson,True
4173_02,Mars,False,C/170/S,TRAPPIST-1e,27.7,False,1120,71,928,431,962,Ilya Komarov,False
4174_01,Mars,True,A/44/S,55 Cancri e,17.9,False,0,0,0,0,0,Nova Stark,False
4174_02,Earth,True,C/58/P,55 Cancri e,26.0,False,0,0,0,0,0,Remy Vivaldi,True
4175_01,Europa,True,E/117/P,TRAPPIST-1e,25.5,False,0,0,0,0,0,Ethan Zhao,True
4175_02,Europa,False,E/88/P,TRAPPIST-1e,32.5,False,20,209,290,714,834,Leo Stark,True
4176_01,Europa,False,B/67/S,TRAPPIST-1e,32.8,False,959,1217,1273,592,40,Nova Stark,False
4176_02,Europa,False,C/21/S,PSO J318.5-22,28.2,False,369,19,1032,824,1226,Remy Vivaldi,False
4177_01,Europa,False,A/65/S,PSO J318.5-22,9.4,False,747,318,860,967,1305,Aria Lin,False
4177_02,Earth,False,F/180/P,PSO J318.5-22,33.2,False,1499,251,339,750,967,Hiro Tanaka,False
4178_01,Earth,False,E/23/P,PSO J318.5-22,37.3,False,400,370,281,389,336,Jordan Benson,False
4178_02,Mars,False,E/73/S,TRAPPIST-1e,29.2,False,1368,272,1276,1019,639,Lara Xel'Naga,False
4179_01,Earth,True,F/147/S,PSO J318.5-22,40.7,False,0,0,0,0,0,Ilya Komarov,False
4179_02,Earth,True,E/106/P,TRAPPIST-1e,31.4,False,0,0,0,0,0,Hiro Tanaka,False
4180_01,Europa,False,E/78/S,55 Cancri e,21.8,False,1079,1421,821,237,489,Leo Stark,False
4180_02,Earth,False,B/140/P,55 Cancri e,33.3,False,1045,440,1064,857,257,Jordan Benson,True
4181_01,Europa,False,F/145/P,TRAPPIST-1e,16.2,False,138,1225,508,653,1309,Jordan Benson,True
4181_02,Mars,False,C/98/P,TRAPPIST-1e,22.6,False,1256,1339,460,669,1344,Jordan Benson,False
4182_01,Mars,False,G/95/S,TRAPPIST-1e,33.0,False,495,874,600,1157,654,Leo Stark,False
4182_02,Earth,True,F/76/P,TRAPPIST-1e,37.2,False,0,0,0,0,0,Mila Benson,True
4183_01,Mars,False,A/118/S,PSO J318.5-22,16.3,False,1425,487,159,1234,1476,Leo Stark,False
4183_02,Earth,True,D/187/S,TRAPPIST-1e,40.3,False,0,0,0,0,0,Lara Xel'Naga,True
4184_01,Earth,False,G/158/S,TRAPPIST-1e,28.1,False,1337,430,1405,1190,1414,Ilya Komarov,False
4184_02,Earth,False,F/101/P,55 Cancri e,31.4,False,1342,116,696,202,1185,Nova Stark,False
4185_01,Mars,False,D/103/S,TRAPPIST-1e,20.1,False,1354,605,743,874,346,Remy Vivaldi,False
4185_02,Earth,False,A/115/P,TRAPPIST-1e,40.0,False,348,1183,1275,1245,857,Hiro Tanaka,False
4186_01,Mars,False,E/58/P,TRAPPIST-1e,37.8,False,975,451,1161,859,209,Aria Lin,False
4186_02,Earth,True,C/52/S,55 Cancri e,32.0,False,0,0,0,0,0,Priya Kaur,False
4187_01,Earth,False,B/183/P,55 Cancri e,23.2,False,1420,303,1132,856,860,Kai Vega,False
4187_02,Europa,True,D/189/P,TRAPPIST-1e,31.4,False,0,0,0,0,0,Leo Stark,True
4188_01,Earth,True,D/138/S,55 Cancri e,38.9,False,0,0,0,0,0,Aria Lin,True
4188_02,Earth,True,C/10/P,TRAPPIST-1e,34.6,False,0,0,0,0,0,Ethan Zhao,True
4189_01,Earth,False,F/170/S,TRAPPIST-1e,33.4,False,426,944,329,1249,634,Priya Kaur,False
4189_02,Europa,True,F/101/P,55 Cancri e,22.9,False,0,0,0,0,0,Leo Stark,True
4190_01,Mars,False,E/172/S,55 Cancri e,13.6,False,289,186,485,1360,1131,Kai Vega,False
4190_02,Earth,True,D/52/P,TRAPPIST-1e,31.8,False,0,0,0,0,0,Leo Stark,True
4191_01,Earth,False,E/161/P,TRAPPIST-1e,18.3,False,1057,1461,1299,181,1262,Leo Stark,False
4191_02,Earth,False,D/118/P,PSO J318.5-22,33.0,False,1371,145,1067,498,802,Aria Lin,False
4192_01,Earth,False,B/128/S,PSO J318.5-22,23.5,False,530,210,892,1425,1254,Aria Lin,True
4192_02,Mars,False,D/20/S,55 Cancri e,34.9,False,1362,4,310,161,215,Leo Stark,False
4193_01,Europa,False,D/161/P,55 Cancri e,34.0,False,1194,251,1061,227,908,Lara Xel'Naga,True
4193_02,Earth,False,F/190/P,TRAPPIST-1e,15.0,False,1301,284,648,365,1091,Hiro Tanaka,False
4194_01,Earth,False,B/69/S,55 Cancri e,51.1,False,191,643,1319,1167,906,Ilya Komarov,False
4194_02,Mars,False,B/109/P,TRAPPIST-1e,30.7,False,730,25,1274,711,614,Aria Lin,True
4195_01,Europa,False,C/166/S,55 Cancri e,21.8,False,1068,938,2,929,1472,Priya Kaur,True
4195_02,Mars,False,A/126/P,TRAPPIST-1e,30.9,False,1158,1314,277,175,281,Ethan Zhao,True
4196_01,Mars,False,D/3/S,TRAPPIST-1e,29.0,False,458,950,340,696,725,Aria Lin,False
4196_02,Europa,True,G/85/P,55 Cancri e,41.1,False,0,0,0,0,0,Priya Kaur,True
4197_01,Earth,False,D/177/P,TRAPPIST-1e,41.3,False,275,968,986,28,684,Priya Kaur,False
4197_02,Mars,False,E/23/P,TRAPPIST-1e,38.4,False,1267,320,642,351,531,Mila Benson,False
4198_01,Europa,False,C/136/S,TRAPPIST-1e,33.5,False,1083,542,379,323,1085,Aria Lin,False
4198_02,Earth,True,C/198/S,TRAPPIST-1e,25.2,False,0,0,0,0,0,Jordan Benson,True
4199_01,Europa,False,F/26/P,TRAPPIST-1e,23.9,False,992,868,706,1472,1106,Nova Stark,True
4199_02,Mars,True,D/23/P,TRAPPIST-1e,45.0,False,0,0,0,0,0,Mila Benson,True
4200_01,Earth,False,F/123/S,PSO J318.5-22,26.8,False,80,730,513,1332,920,Ethan Zhao,False
4200_02,Mars,False,C/185/P,TRAPPIST-1e,14.8,False,762,493,1259,940,1060,Hiro Tanaka,True
4201_01,Mars,True,B/138/P,55 Cancri e,19.0,False,0,0,0,0,0,Remy Vivaldi,True
4201_02,Earth,False,G/68/S,TRAPPIST-1e,28.3,False,1144,313,1234,102,438,Priya Kaur,False
4202_01,Europa,False,C/189/S,TRAPPIST-1e,29.9,False,1437,1247,1016,1316,154,Jordan Benson,False
4202_02,Europa,False,D/20/S,PSO J318.5-22,40.4,False,1055,1257,488,1356,1040,Aria Lin,False
4203_01,Mars,True,C/95/S,55 Cancri e,33.4,False,0,0,0,0,0,Remy Vivaldi,True
4203_02,Earth,True,A/106/P,55 Cancri e,22.6,False,0,0,0,0,0,Leo Stark,True
4204_01,Earth,False,B/51/P,55 Cancri e,25.4,False,15,586,949,259,360,Leo Stark,False
4204_02,Earth,False,G/163/S,55 Cancri e,20.7,True,1422,459,930,1108,1086,Ethan Zhao,False
4205_01,Earth,False,C/174/P,PSO J318.5-22,23.6,False,1185,928,1201,1467,327,Remy Vivaldi,True
4205_02,Mars,True,B/52/S,TRAPPIST-1e,34.9,False,0,0,0,0,0,Remy Vivaldi,True
4206_01,Earth,True,D/23/P,TRAPPIST-1e,23.6,False,0,0,0,0,0,Nova Stark,True
4206_02,Europa,True,A/57/S,TRAPPIST-1e,30.9,False,0,0,0,0,0,Lara Xel'Naga,True
4207_01,Mars,False,G/171/S,TRAPPIST-1e,25.7,False,666,1408,219,858,263,Kai Vega,False
4207_02,Earth,False,C/196/P,TRAPPIST-1e,32.3,False,120,1069,1303,1138,1191,Mila Benson,False
4208_01,Europa,False,A/123/P,TRAPPIST-1e,26.3,False,67,742,1081,1287,1446,Aria Lin,False
4208_02,Earth,False,D/120/S,TRAPPIST-1e,43.4,False,1021,290,168,1485,555,Nova Stark,False
4209_01,Europa,False,C/94/S,TRAPPIST-1e,34.9,False,1472,1089,1350,455,958,Aria Lin,True
4209_02,Mars,False,F/109/P,TRAPPIST-1e,17.2,False,1004,476,284,30,447,Leo Stark,False
4210_01,Earth,True,F/173/P,TRAPPIST-1e,16.7,False,0,0,0,0,0,Remy Vivaldi,True
4210_02,Earth,True,D/128/P,55 Cancri e,17.7,False,0,0,0,0,0,Ilya Komarov,True
4211_01,Earth,False,D/153/P,TRAPPIST-1e,21.6,False,902,671,1303,768,622,Remy Vivaldi,False
4211_02,Earth,False,A/103/P,55 Cancri e,16.4,False,558,547,922,1221,553,Nova Stark,False
4212_01,Europa,True,B/75/S,TRAPPIST-1e,17.8,False,0,0,0,0,0,Aria Lin,True
4212_02,Europa,False,B/150/P,TRAPPIST-1e,28.2,False,1405,396,1432,350,994,Kai Vega,False
4213_01,Europa,False,E/89/S,TRAPPIST-1e,47.9,False,921,110,208,1462,1201,Ethan Zhao,False
4213_02,Earth,False,D/110/S,55 Cancri e,25.4,False,930,424,327,10,1275,Remy Vivaldi,True
4214_01,Earth,False,B/121/P,TRAPPIST-1e,25.3,False,128,99,289,1249,1148,Ilya Komarov,False
4214_02,Earth,False,G/69/P,55 Cancri e,11.3,False,1461,645,664,1370,697,Mila Benson,False
4215_01,Earth,False,D/8/S,TRAPPIST-1e,21.1,False,1401,707,1488,677,801,Nova Stark,False
4215_02,Earth,True,B/95/S,PSO J318.5-22,28.8,False,0,0,0,0,0,Jordan Benson,True
4216_01,Earth,True,E/12/S,PSO J318.5-22,28.0,False,0,0,0,0,0,Ilya Komarov,False
4216_02,Europa,False,C/191/P,TRAPPIST-1e,28.3,False,1211,370,1381,1296,603,Priya Kaur,False
4217_01,Mars,False,E/8/S,TRAPPIST-1e,39.2,False,860,1411,1361,1334,1352,Remy Vivaldi,False
4217_02,Earth,False,F/152/S,PSO J318.5-22,31.7,False,1070,655,148,349,322,Leo Stark,False
4218_01,Earth,False,F/65/P,55 Cancri e,24.8,True,724,1483,1133,186,470,Priya Kaur,True
4218_02,Mars,False,C/75/S,PSO J318.5-22,29.3,False,1101,1397,809,329,1148,Remy Vivaldi,False
4219_01,Mars,False,A/188/S,TRAPPIST-1e,14.2,False,825,513,333,1094,464,Leo Stark,True
4219_02,Mars,False,F/21/S,55 Cancri e,21.8,False,1399,723,7,163,780,Kai Vega,False
4220_01,Europa,False,D/167/P,TRAPPIST-1e,17.4,False,1298,920,898,921,1070,Ethan Zhao,False
4220_02,Mars,False,E/44/S,55 Cancri e,22.2,False,1415,824,1017,1102,679,Kai Vega,False
4221_01,Earth,False,E/115/S,TRAPPIST-1e,22.3,False,945,1283,775,675,9,Jordan Benson,False
4221_02,Europa,True,G/183/P,TRAPPIST-1e,34.7,False,0,0,0,0,0,Ilya Komarov,True
4222_01,Mars,False,E/187/S,TRAPPIST-1e,20.6,False,1181,319,1225,120,138,Kai Vega,False
4222_02,Mars,False,D/17/S,TRAPPIST-1e,36.5,False,673,1362,1283,1456,43,Priya Kaur,False
4223_01,Europa,False,G/172/P,TRAPPIST-1e,39.0,False,238,474,523,556,1415,Leo Stark,True
4223_02,Earth,False,B/71/S,TRAPPIST-1e,37.2,False,8,1412,1233,1077,615,Mila Benson,True
4224_01,Europa,False,G/189/S,55 Cancri e,35.7,False,1075,1492,1391,1397,1082,Nova Stark,False
4224_02,Earth,False,D/108/S,55 Cancri e,34.8,False,293,787,951,868,109,Leo Stark,False
4225_01,Earth,True,B/25/P,PSO J318.5-22,14.3,False,0,0,0,0,0,Lara Xel'Naga,True
4225_02,Mars,False,C/71/S,PSO J318.5-22,34.6,False,1118,984,844,1495,78,Priya Kaur,False
4226_01,Earth,False,F/182/P,55 Cancri e,39.3,False,1040,367,708,1212,247,Jordan Benson,False
4226_02,Mars,False,F/41/S,PSO J318.5-22,13.1,False,149,713,1236,216,1029,Lara Xel'Naga,False
4227_01,Mars,False,A/131/P,TRAPPIST-1e,28.2,False,303,1434,402,859,379,Mila Benson,False
4227_02,Mars,True,B/51/P,PSO J318.5-22,31.3,False,0,0,0,0,0,Mila Benson,True
4228_01,Europa,False,B/126/P,TRAPPIST-1e,30.3,False,144,49,1447,1123,342,Ethan Zhao,False
4228_02,Mars,False,E/191/P,TRAPPIST-1e,29.6,False,881,889,1036,761,847,Nova Stark,False
4229_01,Europa,False,F/115/P,55 Cancri e,17.4,False,1382,1129,188,1073,1272,Jordan Benson,True
4229_02,Mars,False,G/31/S,TRAPPIST-1e,18.7,False,409,1414,1402,226,212,Nova Stark,False
4230_01,Earth,False,E/103/P,PSO J318.5-22,28.5,False,1107,918,1220,776,220,Ilya Komarov,False
4230_02,Mars,False,A/24/P,55 Cancri e,20.7,False,175,583,1345,534,724,Remy Vivaldi,False
4231_01,Earth,False,F/176/S,TRAPPIST-1e,1.9,False,323,84,1019,886,1450,Leo Stark,False
4231_02,Earth,False,B/86/S,TRAPPIST-1e,14.6,False,1291,111,627,948,749,Remy Vivaldi,False
4232_01,Earth,True,G/131/S,PSO J318.5-22,24.1,False,0,0,0,0,0,Kai Vega,True
4232_02,Earth,True,G/93/S,PSO J318.5-22,39.1,False,0,0,0,0,0,Ilya Komarov,True
4233_01,Mars,False,D/116/S,TRAPPIST-1e,10.8,False,1314,811,806,1008,654,Leo Stark,False
4233_02,Mars,True,C/166/P,PSO J318.5-22,41.0,False,0,0,0,0,0,Lara Xel'Naga,True
4234_01,Earth,False,G/52/P,55 Cancri e,21.7,False,7,123,1124,989,834,Lara Xel'Naga,False
4234_02,Europa,False,A/134/P,55 Cancri e,31.8,False,1116,1408,765,1103,1321,Kai Vega,True
4235_01,Europa,False,G/38/P,55 Cancri e,30.5,False,1322,281,1035,638,871,Ilya Komarov,True
4235_02,Europa,False,E/33/P,TRAPPIST-1e,41.1,False,698,68,840,22,336,Aria Lin,False
4236_01,Earth,False,F/136/P,55 Cancri e,29.5,False,634,422,72,822,785,Jordan Benson,False
4236_02,Earth,False,C/38/S,TRAPPIST-1e,16.9,True,937,1297,1256,1064,288,Hiro Tanaka,True
4237_01,Earth,False,D/193/S,TRAPPIST-1e,39.1,False,1417,27,269,1490,73,Jordan Benson,False
4237_02,Earth,False,C/104/P,TRAPPIST-1e,22.3,False,673,245,409,497,1441,Ilya Komarov,False
4238_01,Earth,False,B/186/P,55 Cancri e,23.3,False,359,581,1043,422,120,Nova Stark,True
4238_02,Mars,False,F/108/S,TRAPPIST-1e,33.7,False,172,33,917,70,544,Ilya Komarov,False
4239_01,Mars,True,G/14/S,PSO J318.5-22,37.8,False,0,0,0,0,0,Ilya Komarov,True
4239_02,Mars,True,E/136/P,TRAPPIST-1e,21.9,False,0,0,0,0,0,Ilya Komarov,True
4240_01,Europa,True,A/27/S,PSO J318.5-22,10.2,False,0,0,0,0,0,Aria Lin,True
4240_02,Mars,False,F/165/S,PSO J318.5-22,28.7,False,270,1076,462,522,769,Jordan Benson,False
4241_01,Mars,False,E/21/S,TRAPPIST-1e,43.6,False,1347,442,250,159,35,Priya Kaur,False
4241_02,Mars,False,G/31/S,TRAPPIST-1e,37.3,False,879,1221,1473,1401,1269,Remy Vivaldi,False
4242_01,Earth,True,F/119/P,55 Cancri e,38.1,False,0,0,0,0,0,Jordan Benson,True
4242_02,Mars,False,B/195/P,TRAPPIST-1e,35.2,False,407,894,205,1264,40,Mila Benson,True
4243_01,Mars,False,A/147/S,TRAPPIST-1e,21.7,False,897,94,539,1167,58,Nova Stark,False
4243_02,Mars,False,E/10/P,TRAPPIST-1e,30.8,False,853,508,512,798,1045,Mila Benson,False
4244_01,Mars,False,A/78/S,TRAPPIST-1e,17.5,False,470,283,371,1355,1050,Mila Benson,True
4244_02,Mars,False,B/56/S,55 Cancri e,29.4,False,854,128,1403,506,1118,Aria Lin,False
4245_01,Earth,True,G/71/S,TRAPPIST-1e,35.5,False,0,0,0,0,0,Lara Xel'Naga,True
4245_02,Earth,False,D/181/P,PSO J318.5-22,27.1,False,1446,319,57,272,1221,Leo Stark,False
4246_01,Earth,False,A/25/P,TRAPPIST-1e,37.6,False,1268,1046,708,235,125,Jordan Benson,True
4246_02,Mars,False,D/59/P,TRAPPIST-1e,11.7,False,777,835,139,878,393,Priya Kaur,False
4247_01,Earth,False,A/21/P,TRAPPIST-1e,20.2,False,145,1186,734,727,168,Leo Stark,False
4247_02,Mars,False,C/152/P,TRAPPIST-1e,25.5,False,1148,299,1273,937,521,Priya Kaur,True
4248_01,Mars,True,F/73/S,55 Cancri e,27.4,False,0,0,0,0,0,Ethan Zhao,True
4248_02,Earth,True,F/159/P,PSO J318.5-22,25.2,False,0,0,0,0,0,Priya Kaur,True
4249_01,Earth,True,A/126/P,TRAPPIST-1e,22.6,False,0,0,0,0,0,Priya Kaur,True
4249_02,Europa,False,E/47/S,TRAPPIST-1e,42.1,False,652,1253,63,589,231,Remy Vivaldi,False
4250_01,Mars,True,C/74/S,TRAPPIST-1e,29.4,False,0,0,0,0,0,Nova Stark,True
4250_02,Mars,False,B/47/S,TRAPPIST-1e,31.6,False,828,91,960,63,843,Leo Stark,False
4251_01,Europa,True,D/9/P,PSO J318.5-22,40.4,False,0,0,0,0,0,Hiro Tanaka,True
4251_02,Earth,True,A/4/S,TRAPPIST-1e,33.6,False,0,0,0,0,0,Priya Kaur,True
4252_01,Mars,False,G/92/P,PSO J318.5-22,32.3,False,1013,56,1068,1109,1061,Mila Benson,True
4252_02,Europa,False,G/78/S,55 Cancri e,31.7,False,181,163,756,125,1230,Lara Xel'Naga,False
4253_01,Mars,True,B/117/P,TRAPPIST-1e,23.2,False,0,0,0,0,0,Ethan Zhao,True
4253_02,Mars,True,B/66/S,TRAPPIST-1e,35.0,False,0,0,0,0,0,Ilya Komarov,True
4254_01,Earth,True,B/97/S,TRAPPIST-1e,15.4,False,0,0,0,0,0,Aria Lin,False
4254_02,Mars,False,A/16/P,PSO J318.5-22,24.7,False,609,468,800,132,1402,Nova Stark,False
4255_01,Mars,False,G/80/P,TRAPPIST-1e,39.7,False,710,1148,450,1231,1323,Mila Benson,False
4255_02,Europa,False,E/181/S,TRAPPIST-1e,37.2,False,632,141,1003,1497,858,Aria Lin,True
4256_01,Earth,True,G/127/S,55 Cancri e,40.2,False,0,0,0,0,0,Ilya Komarov,True
4256_02,Earth,False,B/126/S,PSO J318.5-22,20.9,False,643,592,29,1400,1364,Leo Stark,True
4257_01,Earth,False,E/162/P,TRAPPIST-1e,17.1,False,91,328,171,701,1054,Mila Benson,True
4257_02,Earth,False,E/73/P,TRAPPIST-1e,12.2,True,620,271,1118,988,76,Ethan Zhao,False
4258_01,Earth,False,C/150/S,PSO J318.5-22,27.4,True,953,127,859,695,496,Mila Benson,True
4258_02,Earth,False,G/42/S,TRAPPIST-1e,26.6,False,1303,809,130,1484,268,Jordan Benson,True
4259_01,Mars,True,G/154/P,55 Cancri e,40.7,False,0,0,0,0,0,Hiro Tanaka,True
4259_02,Earth,False,E/25/S,55 Cancri e,37.4,False,1283,1074,1156,808,1028,Kai Vega,True
4260_01,Europa,False,C/122/S,TRAPPIST-1e,33.0,False,408,1114,1459,819,902,Jordan Benson,False
4260_02,Europa,True,F/75/S,PSO J318.5-22,18.5,False,0,0,0,0,0,Kai Vega,True
4261_01,Earth,False,E/136/P,55 Cancri e,40.2,False,1466,489,1156,425,249,Leo Stark,False
4261_02,Mars,False,A/152/S,TRAPPIST-1e,15.4,False,1084,1019,1445,1499,1246,Priya Kaur,False
4262_01,Mars,False,G/142/S,PSO J318.5-22,28.4,False,318,1019,224,422,907,Jordan Benson,False
4262_02,Mars,False,G/48/P,TRAPPIST-1e,13.2,False,1214,78,854,1003,364,Nova Stark,False
4263_01,Mars,False,G/141/S,PSO J318.5-22,20.1,False,380,102,28,1080,1085,Nova Stark,False
4263_02,Earth,True,G/51/P,TRAPPIST-1e,35.4,False,0,0,0,0,0,Hiro Tanaka,True
4264_01,Earth,True,D/75/S,TRAPPIST-1e,35.3,True,0,0,0,0,0,Aria Lin,True
4264_02,Earth,False,E/62/S,PSO J318.5-22,35.4,False,546,326,265,728,1199,Aria Lin,False
4265_01,Earth,False,A/47/P,55 Cancri e,25.6,False,1386,1292,361,366,1204,Ethan Zhao,False
4265_02,Europa,True,D/80/P,PSO J318.5-22,19.7,False,0,0,0,0,0,Remy Vivaldi,True
4266_01,Earth,False,B/44/S,TRAPPIST-1e,22.7,False,587,962,488,1257,1452,Priya Kaur,True
4266_02,Mars,False,E/166/P,TRAPPIST-1e,40.1,False,830,665,1317,1371,1122,Remy Vivaldi,False
4267_01,Mars,False,B/57/P,TRAPPIST-1e,12.0,False,357,1153,1406,735,63,Lara Xel'Naga,False
4267_02,Earth,False,A/18/P,55 Cancri e,26.1,False,1419,180,586,188,1206,Lara Xel'Naga,False
4268_01,Earth,False,D/55/P,TRAPPIST-1e,16.4,False,321,1195,283,365,110,Lara Xel'Naga,True
4268_02,Earth,False,F/199/S,TRAPPIST-1e,25.3,False,77,252,235,92,1057,Jordan Benson,True
4269_01,Earth,False,F/70/S,TRAPPIST-1e,30.0,False,895,1363,960,984,842,Mila Benson,False
4269_02,Europa,True,E/148/P,TRAPPIST-1e,41.9,False,0,0,0,0,0,Ethan Zhao,True
4270_01,Earth,False,E/96/P,TRAPPIST-1e,35.7,False,141,310,1408,581,1335,Jordan Benson,False
4270_02,Earth,True,F/78/P,TRAPPIST-1e,14.2,False,0,0,0,0,0,Ethan Zhao,False
4271_01,Earth,False,A/43/S,PSO J318.5-22,36.5,False,487,1262,927,1372,790,Nova Stark,True
4271_02,Mars,True,D/11/P,55 Cancri e,40.0,False,0,0,0,0,0,Ilya Komarov,True
4272_01,Earth,False,E/25/S,PSO J318.5-22,18.8,False,1209,943,594,1448,61,Ilya Komarov,False
4272_02,Earth,False,A/71/S,TRAPPIST-1e,33.8,False,1424,869,1082,1165,465,Kai Vega,False
4273_01,Mars,False,A/127/S,PSO J318.5-22,9.3,False,1085,1190,815,102,27,Mila Benson,False
4273_02,Mars,True,C/139/P,TRAPPIST-1e,31.3,False,0,0,0,0,0,Jordan Benson,False
4274_01,Mars,False,B/107/P,TRAPPIST-1e,24.7,False,1461,571,1497,167,577,Ilya Komarov,False
4274_02,Europa,False,C/47/P,PSO J318.5-22,22.7,False,1147,1236,181,70,555,Ethan Zhao,False
4275_01,Earth,False,A/199/P,55 Cancri e,34.8,False,317,1394,1106,828,93,Nova Stark,False
4275_02,Earth,False,D/70/P,PSO J318.5-22,17.9,False,266,1399,1184,613,501,Aria Lin,False
4276_01,Earth,False,A/26/S,TRAPPIST-1e,21.6,False,631,278,753,1456,241,Jordan Benson,False
4276_02,Earth,False,D/93/S,55 Cancri e,24.8,False,1245,782,961,1309,984,Leo Stark,False
4277_01,Mars,True,G/182/S,TRAPPIST-1e,31.6,False,0,0,0,0,0,Kai Vega,True
4277_02,Europa,True,A/122/P,PSO J318.5-22,28.2,False,0,0,0,0,0,Remy Vivaldi,True
4278_01,Mars,True,E/17/S,PSO J318.5-22,32.7,False,0,0,0,0,0,Ilya Komarov,True
4278_02,Earth,False,G/167/S,TRAPPIST-1e,26.8,False,1183,984,27,809,271,Leo Stark,False
4279_01,Earth,False,C/63/S,PSO J318.5-22,24.9,False,545,293,847,1367,770,Nova Stark,True
4279_02,Mars,True,E/26/S,TRAPPIST-1e,40.1,False,0,0,0,0,0,Remy Vivaldi,True
4280_01,Earth,True,F/155/P,TRAPPIST-1e,14.5,False,0,0,0,0,0,Leo Stark,True
4280_02,Europa,False,A/150/P,PSO J318.5-22,43.1,False,1070,1010,1445,702,882,Priya Kaur,False
4281_01,Earth,True,F/158/S,TRAPPIST-1e,0.0,False,0,0,0,0,0,Nova Stark,False
4281_02,Europa,False,G/159/P,55 Cancri e,30.5,False,1007,1420,193,65,554,Aria Lin,False
4282_01,Earth,False,E/155/S,TRAPPIST-1e,38.6,False,572,761,886,829,81,Leo Stark,True
4282_02,Earth,True,A/63/S,55 Cancri e,28.7,False,0,0,0,0,0,Priya Kaur,True
4283_01,Europa,False,F/182/P,55 Cancri e,27.7,False,609,1114,1352,1437,719,Mila Benson,False
4283_02,Europa,False,D/37/S,55 Cancri e,15.2,False,690,698,836,109,218,Mila Benson,False
4284_01,Earth,False,B/163/S,TRAPPIST-1e,44.7,False,636,1280,1216,626,69,Kai Vega,False
4284_02,Mars,False,A/86/P,55 Cancri e,34.3,False,458,1405,96,223,830,Mila Benson,False
4285_01,Earth,False,F/95/P,55 Cancri e,16.7,False,495,1209,1061,768,759,Hiro Tanaka,False
4285_02,Mars,False,C/7/S,PSO J318.5-22,17.6,True,487,555,991,488,56,Jordan Benson,False
4286_01,Earth,False,G/31/S,PSO J318.5-22,30.3,False,59,734,1261,370,25,Jordan Benson,False
4286_02,Earth,True,D/146/S,PSO J318.5-22,41.1,False,0,0,0,0,0,Hiro Tanaka,False
4287_01,Earth,False,G/50/P,TRAPPIST-1e,46.7,False,1415,772,253,916,765,Lara Xel'Naga,False
4287_02,Mars,False,C/115/P,TRAPPIST-1e,37.7,False,1120,537,1127,614,586,Ethan Zhao,False
4288_01,Earth,True,A/64/S,PSO J318.5-22,21.7,False,0,0,0,0,0,Kai Vega,True
4288_02,Mars,True,C/97/S,TRAPPIST-1e,41.7,False,0,0,0,0,0,Ilya Komarov,True
4289_01,Europa,False,A/3/S,TRAPPIST-1e,27.9,False,867,948,301,1240,567,Remy Vivaldi,False
4289_02,Earth,False,B/15/P,TRAPPIST-1e,15.9,True,540,91,653,1475,613,Ethan Zhao,False
4290_01,Earth,False,G/37/S,TRAPPIST-1e,31.5,True,80,1123,594,217,883,Aria Lin,False
4290_02,Europa,False,D/147/S,PSO J318.5-22,28.0,False,748,124,200,1025,573,Nova Stark,False
4291_01,Earth,False,E/111/S,TRAPPIST-1e,30.5,False,179,1432,1085,272,806,Mila Benson,False
4291_02,Europa,False,D/88/S,PSO J318.5-22,34.8,False,762,1033,698,920,621,Hiro Tanaka,True
4292_01,Europa,True,F/54/P,PSO J318.5-22,34.5,False,0,0,0,0,0,Jordan Benson,True
4292_02,Europa,False,G/127/P,TRAPPIST-1e,54.0,False,1081,299,496,1362,1275,Nova Stark,False
4293_01,Earth,False,A/152/P,PSO J318.5-22,23.8,False,1168,590,340,402,287,Leo Stark,False
4293_02,Mars,False,C/130/P,55 Cancri e,50.0,False,988,213,531,869,741,Remy Vivaldi,False
4294_01,Mars,False,D/18/S,TRAPPIST-1e,43.5,False,170,537,1286,801,675,Nova Stark,False
4294_02,Earth,False,C/139/S,55 Cancri e,22.1,False,389,420,61,85,1012,Jordan Benson,False
4295_01,Mars,False,B/108/S,TRAPPIST-1e,19.1,False,476,319,689,51,656,Remy Vivaldi,True
4295_02,Europa,True,B/71/P,TRAPPIST-1e,23.0,False,0,0,0,0,0,Priya Kaur,True
4296_01,Earth,False,A/15/S,55 Cancri e,34.7,False,1205,505,636,152,1041,Nova Stark,False
4296_02,Mars,False,B/81/S,55 Cancri e,52.0,True,1087,496,78,58,1434,Remy Vivaldi,False
4297_01,Mars,True,D/195/P,TRAPPIST-1e,27.5,False,0,0,0,0,0,Ilya Komarov,False
4297_02,Earth,False,F/101/S,TRAPPIST-1e,16.5,False,855,1110,599,644,38,Mila Benson,True
4298_01,Earth,False,G/153/P,55 Cancri e,30.7,False,1177,462,1432,250,211,Aria Lin,True
4298_02,Earth,False,D/105/P,PSO J318.5-22,20.9,False,686,418,1195,506,645,Remy Vivaldi,False
4299_01,Mars,False,F/175/S,TRAPPIST-1e,35.3,False,491,294,456,1169,1261,Jordan Benson,True
4299_02,Europa,False,D/34/S,TRAPPIST-1e,27.3,False,739,423,1007,291,155,Jordan Benson,False
4300_01,Europa,False,E/36/S,TRAPPIST-1e,27.3,False,242,1230,1451,971,257,Ilya Komarov,True
4300_02,Earth,False,C/105/S,55 Cancri e,29.5,False,584,34,1152,429,1342,Leo Stark,False
4301_01,Earth,True,B/163/P,PSO J318.5-22,38.3,False,0,0,0,0,0,Ilya Komarov,True
4301_02,Mars,True,C/93/S,55 Cancri e,34.7,False,0,0,0,0,0,Lara Xel'Naga,False
4302_01,Europa,True,E/142/S,55 Cancri e,18.1,False,0,0,0,0,0,Kai Vega,True
4302_02,Mars,False,G/191/P,TRAPPIST-1e,42.1,False,399,689,1165,992,133,Jordan Benson,False
4303_01,Europa,True,E/97/P,55 Cancri e,28.2,False,0,0,0,0,0,Mila Benson,True
4303_02,Mars,True,D/111/S,PSO J318.5-22,26.8,False,0,0,0,0,0,Mila Benson,True
4304_01,Earth,False,F/20/P,TRAPPIST-1e,31.7,True,1382,885,377,468,872,Aria Lin,False
4304_02,Earth,False,E/193/S,PSO J318.5-22,36.9,False,989,1304,10,674,694,Lara Xel'Naga,False
4305_01,Earth,False,D/72/S,55 Cancri e,31.4,False,972,8,27,822,685,Kai Vega,False
4305_02,Earth,False,E/85/S,TRAPPIST-1e,22.4,False,1487,510,501,581,777,Leo Stark,False
4306_01,Mars,True,D/176/S,TRAPPIST-1e,33.0,False,0,0,0,0,0,Ethan Zhao,True
4306_02,Mars,True,D/29/S,TRAPPIST-1e,36.3,False,0,0,0,0,0,Hiro Tanaka,True
4307_01,Earth,True,B/166/P,55 Cancri e,37.6,False,0,0,0,0,0,Lara Xel'Naga,True
4307_02,Earth,False,C/43/S,TRAPPIST-1e,29.6,False,774,1434,1213,41,1120,Ethan Zhao,False
4308_01,Mars,False,B/13/P,55 Cancri e,27.2,False,880,1159,509,36,822,Jordan Benson,False
4308_02,Earth,False,D/144/P,TRAPPIST-1e,34.1,False,578,836,516,784,1020,Hiro Tanaka,False
4309_01,Mars,False,D/178/S,TRAPPIST-1e,20.0,False,112,1483,835,600,441,Hiro Tanaka,False
4309_02,Mars,True,A/142/S,PSO J318.5-22,29.8,False,0,0,0,0,0,Hiro Tanaka,True
4310_01,Mars,False,C/30/S,55 Cancri e,34.6,False,1145,670,1380,1291,694,Leo Stark,False
4310_02,Europa,False,G/30/P,55 Cancri e,37.8,False,868,1027,120,741,1242,Remy Vivaldi,False
4311_01,Mars,False,F/5/S,TRAPPIST-1e,18.1,False,42,869,915,587,912,Hiro Tanaka,True
4311_02,Earth,False,E/19/P,PSO J318.5-22,25.2,False,1173,593,1033,791,211,Remy Vivaldi,False
4312_01,Earth,False,D/44/P,55 Cancri e,34.0,False,1412,921,335,1028,921,Priya Kaur,True
4312_02,Mars,True,B/79/P,TRAPPIST-1e,19.7,False,0,0,0,0,0,Kai Vega,True
4313_01,Earth,False,E/6/P,55 Cancri e,16.3,False,1204,1190,1493,77,411,Lara Xel'Naga,False
4313_02,Earth,False,A/19/S,TRAPPIST-1e,28.5,False,380,947,789,312,863,Kai Vega,False
4314_01,Earth,False,E/30/S,TRAPPIST-1e,30.3,False,3,108,917,885,92,Ilya Komarov,False
4314_02,Earth,True,G/188/S,TRAPPIST-1e,24.6,False,0,0,0,0,0,Priya Kaur,True
4315_01,Earth,False,B/151/P,55 Cancri e,28.5,False,1230,626,985,572,355,Lara Xel'Naga,False
4315_02,Mars,False,F/21/S,TRAPPIST-1e,34.1,False,1276,590,195,261,321,Mila Benson,True
4316_01,Mars,True,G/37/S,TRAPPIST-1e,32.9,False,0,0,0,0,0,Ethan Zhao,True
4316_02,Earth,True,B/170/S,TRAPPIST-1e,26.7,True,0,0,0,0,0,Ethan Zhao,True
4317_01,Earth,False,D/36/S,TRAPPIST-1e,32.2,False,533,71,617,138,1409,Kai Vega,False
4317_02,Earth,False,B/109/S,55 Cancri e,19.6,False,541,323,948,600,72,Remy Vivaldi,False
4318_01,Earth,False,B/41/S,TRAPPIST-1e,27.6,False,1345,1364,1328,1031,1230,Aria Lin,False
4318_02,Earth,True,F/115/S,TRAPPIST-1e,22.2,False,0,0,0,0,0,Aria Lin,False
4319_01,Mars,False,C/175/S,PSO J318.5-22,39.2,False,1069,125,1044,1193,543,Ilya Komarov,True
4319_02,Europa,False,E/179/P,PSO J318.5-22,19.8,False,1439,454,661,1229,1356,Jordan Benson,False
4320_01,Europa,False,B/74/P,TRAPPIST-1e,50.2,False,1088,87,1066,1164,1397,Lara Xel'Naga,False
4320_02,Earth,False,E/127/S,TRAPPIST-1e,39.9,False,515,499,1302,325,1441,Ethan Zhao,False
4321_01,Earth,True,E/57/S,PSO J318.5-22,15.3,False,0,0,0,0,0,Priya Kaur,True
4321_02,Earth,False,E/46/P,55 Cancri e,15.9,False,992,928,920,307,656,Priya Kaur,False
4322_01,Earth,True,C/88/S,PSO J318.5-22,44.9,False,0,0,0,0,0,Kai Vega,True
4322_02,Europa,False,G/154/S,TRAPPIST-1e,42.1,False,1207,624,290,248,323,Leo Stark,False
4323_01,Earth,False,B/65/P,TRAPPIST-1e,23.7,False,268,1341,93,1277,686,Nova Stark,False
4323_02,Europa,False,F/57/S,55 Cancri e,31.1,False,1483,514,532,1127,401,Remy Vivaldi,False
4324_01,Earth,False,A/28/S,TRAPPIST-1e,30.6,False,573,970,436,1033,455,Lara Xel'Naga,False
4324_02,Mars,True,D/178/S,55 Cancri e,15.4,False,0,0,0,0,0,Ilya Komarov,True
4325_01,Mars,True,G/123/P,TRAPPIST-1e,18.3,False,0,0,0,0,0,Jordan Benson,True
4325_02,Earth,False,G/58/P,TRAPPIST-1e,27.6,False,1396,703,881,761,1462,Aria Lin,False
4326_01,Mars,False,A/53/S,PSO J318.5-22,26.6,False,896,1449,860,688,866,Jordan Benson,False
4326_02,Earth,False,B/187/S,TRAPPIST-1e,41.6,False,1122,1053,1314,486,1429,Remy Vivaldi,False
4327_01,Europa,True,F/163/P,TRAPPIST-1e,17.8,True,0,0,0,0,0,Ilya Komarov,True
4327_02,Mars,False,G/33/S,PSO J318.5-22,17.1,False,580,949,251,1185,926,Leo Stark,False
4328_01,Europa,False,E/179/S,55 Cancri e,55.4,False,1294,1211,275,688,246,Ilya Komarov,True
4328_02,Europa,False,G/73/S,TRAPPIST-1e,14.9,False,1347,1041,407,1434,124,Ethan Zhao,False
4329_01,Mars,False,D/144/P,55 Cancri e,30.2,False,19,246,1413,1370,1499,Hiro Tanaka,False
4329_02,Europa,False,A/23/P,TRAPPIST-1e,31.9,False,1226,1032,530,102,1269,Priya Kaur,False
4330_01,Europa,True,G/49/S,TRAPPIST-1e,35.4,False,0,0,0,0,0,Remy Vivaldi,True
4330_02,Mars,False,B/159/S,PSO J318.5-22,31.8,False,36,1368,291,16,89,Priya Kaur,False
4331_01,Earth,False,F/33/P,PSO J318.5-22,25.0,False,252,816,183,289,760,Remy Vivaldi,False
4331_02,Europa,True,D/83/P,TRAPPIST-1e,48.8,False,0,0,0,0,0,Hiro Tanaka,True
4332_01,Mars,False,E/19/P,PSO J318.5-22,17.7,False,392,1043,1494,430,996,Leo Stark,False
4332_02,Europa,False,A/87/P,PSO J318.5-22,35.9,False,1004,1091,1100,101,651,Ethan Zhao,False
4333_01,Earth,False,G/86/P,TRAPPIST-1e,9.5,False,78,1136,132,1220,1048,Nova Stark,False
4333_02,Europa,False,B/111/P,TRAPPIST-1e,30.9,False,471,289,1279,1229,1498,Mila Benson,True
4334_01,Earth,True,B/107/P,PSO J318.5-22,7.5,True,0,0,0,0,0,Priya Kaur,True
4334_02,Mars,False,F/49/P,TRAPPIST-1e,14.5,False,421,557,580,538,461,Kai Vega,False
4335_01,Earth,True,G/6/S,TRAPPIST-1e,13.4,False,0,0,0,0,0,Priya Kaur,True
4335_02,Europa,True,G/42/P,TRAPPIST-1e,38.2,False,0,0,0,0,0,Ethan Zhao,True
4336_01,Mars,False,G/38/P,PSO J318.5-22,26.9,False,1043,953,985,805,256,Leo Stark,True
4336_02,Earth,True,E/126/P,PSO J318.5-22,5.0,False,0,0,0,0,0,Priya Kaur,True
4337_01,Earth,False,B/18/P,PSO J318.5-22,31.2,False,1459,135,625,775,1302,Jordan Benson,True
4337_02,Mars,False,A/107/P,PSO J318.5-22,33.7,False,584,484,1268,1041,876,Priya Kaur,False
4338_01,Mars,False,C/173/P,PSO J318.5-22,29.8,True,92,1406,278,1472,981,Ilya Komarov,False
4338_02,Mars,False,D/110/P,TRAPPIST-1e,8.1,False,620,1311,475,881,671,Mila Benson,False
4339_01,Earth,False,A/153/S,TRAPPIST-1e,38.4,False,731,1416,184,1455,938,Remy Vivaldi,False
4339_02,Europa,False,B/122/P,TRAPPIST-1e,27.5,False,834,208,993,799,1352,Ilya Komarov,False
4340_01,Earth,False,C/4/S,TRAPPIST-1e,26.9,False,1464,368,1129,723,1348,Remy Vivaldi,True
4340_02,Earth,False,D/96/P,55 Cancri e,29.2,False,1255,1004,836,1272,1340,Kai Vega,False
4341_01,Earth,False,A/127/S,PSO J318.5-22,23.0,False,681,1439,912,69,1257,Remy Vivaldi,False
4341_02,Earth,False,A/102/P,55 Cancri e,34.5,False,431,1077,169,35,258,Ilya Komarov,False
4342_01,Europa,False,F/8/S,TRAPPIST-1e,8.6,False,56,1003,1184,436,777,Lara Xel'Naga,False
4342_02,Europa,False,C/140/S,55 Cancri e,22.4,False,229,830,840,1216,619,Remy Vivaldi,False
4343_01,Mars,False,A/55/P,TRAPPIST-1e,27.1,False,621,634,964,627,292,Nova Stark,False
4343_02,Mars,False,B/173/P,TRAPPIST-1e,42.1,False,1409,828,233,1319,536,Nova Stark,False
4344_01,Earth,True,G/37/P,TRAPPIST-1e,32.5,False,0,0,0,0,0,Lara Xel'Naga,True
4344_02,Earth,True,A/67/S,TRAPPIST-1e,16.7,False,0,0,0,0,0,Mila Benson,True
4345_01,Mars,False,G/113/S,55 Cancri e,30.3,True,555,1095,1245,947,822,Leo Stark,True
4345_02,Europa,True,A/125/S,TRAPPIST-1e,14.0,False,0,0,0,0,0,Jordan Benson,True
4346_01,Earth,True,E/138/P,PSO J318.5-22,16.4,False,0,0,0,0,0,Mila Benson,True
